ISO-10303-21;
HEADER;
FILE_DESCRIPTION (( 'STEP AP203' ),
    '1' );
FILE_NAME ('92000A220_Passivated 18-8 Stainless Steel Pan Head Phillips Screws.STEP',
    '2026-01-08T10:01:00',
    ( 'McMaster Carr Supply' ),
    ( 'McMaster Carr Supply' ),
    'SwSTEP 2.0',
    'SolidWorks 2024',
    '' );
FILE_SCHEMA (( 'CONFIG_CONTROL_DESIGN' ));
ENDSEC;

DATA;
#1 = ORIENTED_EDGE ( 'NONE', *, *, #3139, .F. ) ;
#2 = CARTESIAN_POINT ( 'NONE',  ( -1.732050807568891404, 0.9999999999999928946, 2.616666666666663144 ) ) ;
#3 = ORIENTED_EDGE ( 'NONE', *, *, #431, .T. ) ;
#4 = CARTESIAN_POINT ( 'NONE',  ( 1.176575538379264652, -2.037888611415608509, 0.1739583333333293569 ) ) ;
#5 = CARTESIAN_POINT ( 'NONE',  ( 1.338300807568907125, 0.7726683315065847601, 4.133333333333339077 ) ) ;
#6 = CARTESIAN_POINT ( 'NONE',  ( -1.732050807568891626, -1.000000000000022649, -5.666666666666668739 ) ) ;
#7 = CARTESIAN_POINT ( 'NONE',  ( 0.2274518242601576423, -2.059393216598894405, 5.761623314804401375 ) ) ;
#8 = CARTESIAN_POINT ( 'NONE',  ( -0.8922005383792708244, 1.545336663013187950, 0.1958333333333407977 ) ) ;
#9 = CARTESIAN_POINT ( 'NONE',  ( 1.338300807568907125, 0.7726683315065853153, -0.06666666666666018481 ) ) ;
#10 = ORIENTED_EDGE ( 'NONE', *, *, #5422, .F. ) ;
#11 = FACE_OUTER_BOUND ( 'NONE', #1084, .T. ) ;
#12 = FACE_OUTER_BOUND ( 'NONE', #4380, .T. ) ;
#13 = CARTESIAN_POINT ( 'NONE',  ( 1.338300807568906015, -0.7726683315066171787, -3.595833333333325221 ) ) ;
#14 = AXIS2_PLACEMENT_3D ( 'NONE', #5056, #4634, #2522 ) ;
#15 = CARTESIAN_POINT ( 'NONE',  ( 0.000000000000000000, 1.545336663013188616, -6.949999999999993072 ) ) ;
#16 = CARTESIAN_POINT ( 'NONE',  ( -2.047395140491266474, 0.3306731578647451042, 6.252470311563133265 ) ) ;
#17 = ORIENTED_EDGE ( 'NONE', *, *, #4403, .F. ) ;
#18 = CARTESIAN_POINT ( 'NONE',  ( -2.309401076758522464, -1.456508810114911054E-14, -4.937499999999995559 ) ) ;
#19 = EDGE_CURVE ( 'NONE', #4294, #1886, #3060, .T. ) ;
#20 = EDGE_CURVE ( 'NONE', #5332, #686, #5406, .T. ) ;
#21 = CARTESIAN_POINT ( 'NONE',  ( -2.036553692936423854, 0.2013947372879396902, 5.519999999999999574 ) ) ;
#22 = CONICAL_SURFACE ( 'NONE', #460, 1.562500000000005107, 0.7853981633974426169 ) ;
#23 = CARTESIAN_POINT ( 'NONE',  ( 1.929685974491628153, 0.3745718240216138195, 3.156596764425541934 ) ) ;
#24 = B_SPLINE_CURVE_WITH_KNOTS ( 'NONE', 3,
 ( #1236, #3399, #2876, #319, #4569, #1185, #2962, #818, #2909, #2426, #4623, #734, #399, #2117, #4599, #3708, #5515, #1687, #2771, #2039, #3735, #1633, #766, #2485, #347, #4183, #3352, #5043, #1212, #2936, #3920, #2138 ),
 .UNSPECIFIED., .F., .F.,
 ( 4, 2, 2, 2, 2, 2, 2, 2, 2, 2, 2, 2, 2, 2, 2, 4 ),
 ( 0.001074627065517563471, 0.001445724513071784288, 0.001816821960626005105, 0.002187919408180225705, 0.002559016855734446740, 0.002930114303288667774, 0.003301211750842888374, 0.003672309198397109408, 0.004043406645951330008, 0.004414504093505551043, 0.004785601541059772077, 0.005156698988613993111, 0.005527796436168213277, 0.006269991331276655346, 0.006641088778830877247, 0.007012186226385098281 ),
 .UNSPECIFIED. ) ;
#25 = ORIENTED_EDGE ( 'NONE', *, *, #589, .T. ) ;
#26 = CARTESIAN_POINT ( 'NONE',  ( -1.338300807568906459, -0.7726683315066167346, 1.683333333333338899 ) ) ;
#27 = DIRECTION ( 'NONE',  ( 0.000000000000000000, 0.000000000000000000, 1.000000000000000000 ) ) ;
#28 = AXIS2_PLACEMENT_3D ( 'NONE', #3140, #4918, #250 ) ;
#29 = EDGE_CURVE ( 'NONE', #1300, #4743, #4112, .T. ) ;
#30 = CARTESIAN_POINT ( 'NONE',  ( -1.892491597964171594E-16, -1.545336663013218148, -5.112499999999991829 ) ) ;
#31 = EDGE_CURVE ( 'NONE', #1325, #3316, #5386, .T. ) ;
#32 = CARTESIAN_POINT ( 'NONE',  ( 1.784401076758541649, -1.563436422461841332E-14, -0.03749999999999283073 ) ) ;
#33 = ORIENTED_EDGE ( 'NONE', *, *, #3822, .T. ) ;
#34 = CARTESIAN_POINT ( 'NONE',  ( 1.154700538379260788, -2.000000000000032863, 2.995833333333335791 ) ) ;
#35 = CARTESIAN_POINT ( 'NONE',  ( -1.176575538379264874, 2.037888611415577866, -0.1760416666666693719 ) ) ;
#36 =( BOUNDED_CURVE ( )  B_SPLINE_CURVE ( 2, ( #2041, #3210, #1067, #4068, #738, #236, #2879 ),
 .UNSPECIFIED., .F., .F. ) 
 B_SPLINE_CURVE_WITH_KNOTS ( ( 3, 2, 2, 3 ),
 ( 0.9166666666666666297, 0.9444444444444444198, 0.9722222222222222099, 1.000000000000000000 ),
 .UNSPECIFIED. ) 
 CURVE ( )  GEOMETRIC_REPRESENTATION_ITEM ( )  RATIONAL_B_SPLINE_CURVE ( ( 1.000000000000000000, 0.8660254037844387076, 1.000000000000000000, 0.8660254037844387076, 1.000000000000000000, 0.8660254037844387076, 1.000000000000000000 ) ) 
 REPRESENTATION_ITEM ( '' )  );
#37 = CARTESIAN_POINT ( 'NONE',  ( -0.8922005383792713795, -1.545336663013218592, 1.741666666666672247 ) ) ;
#38 = CARTESIAN_POINT ( 'NONE',  ( 0.8922005383792703803, -1.545336663013218592, -5.841666666666658791 ) ) ;
#39 = CARTESIAN_POINT ( 'NONE',  ( 1.338300807568906015, -0.7726683315066172897, -2.283333333333326998 ) ) ;
#40 = CARTESIAN_POINT ( 'NONE',  ( 0.000000000000000000, -4.711997834488155533E-16, 6.599999999999999645 ) ) ;
#41 = EDGE_LOOP ( 'NONE', ( #3853, #601, #2764, #5427 ) ) ;
#42 = CARTESIAN_POINT ( 'NONE',  ( -1.732050807568891404, 0.9999999999999931166, -0.09583333333333109161 ) ) ;
#43 = CARTESIAN_POINT ( 'NONE',  ( 0.3513924484429597483, 1.330523465946947814, 6.449601193357406004 ) ) ;
#44 = CARTESIAN_POINT ( 'NONE',  ( 0.8922005383792704913, -1.545336663013218592, -5.054166666666658259 ) ) ;
#45 = CARTESIAN_POINT ( 'NONE',  ( -1.061992328513112094, -1.225459089649710176, -6.559374067178493917 ) ) ;
#46 = CARTESIAN_POINT ( 'NONE',  ( -0.3047449643597284208, -2.024596751003749695, 6.005780028916996471 ) ) ;
#47 = EDGE_LOOP ( 'NONE', ( #1438, #4536, #5271, #3650 ) ) ;
#48 = CARTESIAN_POINT ( 'NONE',  ( -2.449293598294727122E-16, -2.000000000000030642, -5.550000000000002487 ) ) ;
#49 = CARTESIAN_POINT ( 'NONE',  ( -0.2536874259130506015, 1.978834712860431333, 5.519999999999999574 ) ) ;
#50 = ORIENTED_EDGE ( 'NONE', *, *, #2922, .T. ) ;
#51 = CARTESIAN_POINT ( 'NONE',  ( 1.338300807568906015, -0.7726683315066168456, -6.395833333333325044 ) ) ;
#52 = AXIS2_PLACEMENT_3D ( 'NONE', #322, #4963, #1640 ) ;
#53 = CARTESIAN_POINT ( 'NONE',  ( 1.784401076758541649, -1.596654966888713651E-14, 2.675000000000006484 ) ) ;
#54 = DIRECTION ( 'NONE',  ( 0.000000000000000000, -1.000000000000000000, -1.404933360542774287E-16 ) ) ;
#55 = CARTESIAN_POINT ( 'NONE',  ( -1.154700538379260566, -2.000000000000032419, -4.908333333333335879 ) ) ;
#56 = CARTESIAN_POINT ( 'NONE',  ( -0.8922005383792713795, -1.545336663013218370, -0.2708333333333260429 ) ) ;
#57 = EDGE_LOOP ( 'NONE', ( #1385, #865, #4364, #1521 ) ) ;
#58 = CARTESIAN_POINT ( 'NONE',  ( 4.851360233508704080E-17, 0.3672000000000018027, 6.599999999999999645 ) ) ;
#59 = EDGE_CURVE ( 'NONE', #5362, #4159, #1354, .T. ) ;
#60 = CARTESIAN_POINT ( 'NONE',  ( -2.449293598294727122E-16, -2.000000000000031530, 2.149999999999995470 ) ) ;
#61 = FACE_OUTER_BOUND ( 'NONE', #2757, .T. ) ;
#62 = CARTESIAN_POINT ( 'NONE',  ( -1.338300807568906459, 0.7726683315065872026, -4.033333333333326109 ) ) ;
#63 = CARTESIAN_POINT ( 'NONE',  ( -1.892491597964171594E-16, -1.545336663013218370, -3.099999999999993427 ) ) ;
#64 = CARTESIAN_POINT ( 'NONE',  ( -0.2793326196579417608, 2.103250821954823824, 6.235777398414650285 ) ) ;
#65 = ORIENTED_EDGE ( 'NONE', *, *, #3331, .F. ) ;
#66 = DIRECTION ( 'NONE',  ( 0.000000000000000000, -1.000000000000000000, 0.000000000000000000 ) ) ;
#67 = CARTESIAN_POINT ( 'NONE',  ( -0.8922005383792708244, 1.545336663013188616, -5.404166666666659680 ) ) ;
#68 = CARTESIAN_POINT ( 'NONE',  ( 0.8922005383792703803, -1.545336663013218592, -3.041666666666659857 ) ) ;
#69 = CARTESIAN_POINT ( 'NONE',  ( 1.176575538379266428, 2.037888611415576534, 3.863541666666667318 ) ) ;
#70 = CARTESIAN_POINT ( 'NONE',  ( -0.2013947372878998332, 2.036553692936428739, 5.519999999999999574 ) ) ;
#71 = EDGE_LOOP ( 'NONE', ( #2461, #3300, #3113, #1729 ) ) ;
#72 = CARTESIAN_POINT ( 'NONE',  ( -1.693031136916942403, -0.9235253432415838626, -6.237943319365388817 ) ) ;
#73 = DIRECTION ( 'NONE',  ( 0.000000000000000000, 0.000000000000000000, 1.000000000000000000 ) ) ;
#74 = CARTESIAN_POINT ( 'NONE',  ( -1.784401076758541871, -1.438292188977593853E-14, -6.687499999999992006 ) ) ;
#75 = CARTESIAN_POINT ( 'NONE',  ( 0.8922005383792716016, 1.545336663013187062, 0.6916666666666726471 ) ) ;
#76 = DIRECTION ( 'NONE',  ( -0.000000000000000000, -0.000000000000000000, -1.000000000000000000 ) ) ;
#77 = CARTESIAN_POINT ( 'NONE',  ( 0.8922005383792718236, 1.545336663013188394, -6.220833333333324333 ) ) ;
#78 = CARTESIAN_POINT ( 'NONE',  ( -1.892491597964171594E-16, -1.545336663013218592, -0.9124999999999927613 ) ) ;
#79 = ORIENTED_EDGE ( 'NONE', *, *, #2324, .F. ) ;
#80 = DIRECTION ( 'NONE',  ( -0.1045058763748857172, -0.02078751127481478708, 0.9943069954385901354 ) ) ;
#81 = CARTESIAN_POINT ( 'NONE',  ( 1.559805460643642228, -0.1692281079980118008, 2.060180447692851136 ) ) ;
#82 = CARTESIAN_POINT ( 'NONE',  ( 0.000000000000000000, 1.545336663013187506, 3.550000000000006040 ) ) ;
#83 = CARTESIAN_POINT ( 'NONE',  ( -0.8922005383792707134, 1.545336663013188616, -4.791666666666658969 ) ) ;
#84 = ADVANCED_FACE ( 'NONE', ( #3128 ), #4846, .T. ) ;
#85 = CARTESIAN_POINT ( 'NONE',  ( 0.8922005383792704913, -1.545336663013218592, -3.041666666666659857 ) ) ;
#86 = CARTESIAN_POINT ( 'NONE',  ( -2.001742646510822343, -0.2790831449433244238, 5.761624126430855419 ) ) ;
#87 = VERTEX_POINT ( 'NONE', #1015 ) ;
#88 = DIRECTION ( 'NONE',  ( -0.000000000000000000, -1.224646799147353207E-16, 1.000000000000000000 ) ) ;
#89 = CARTESIAN_POINT ( 'NONE',  ( 0.000000000000000000, 2.000000000000001332, 0.3999999999999970801 ) ) ;
#90 = CARTESIAN_POINT ( 'NONE',  ( 0.8922005383792717126, 1.545336663013187950, -4.120833333333325577 ) ) ;
#91 = EDGE_CURVE ( 'NONE', #3326, #1404, #2738, .T. ) ;
#92 = CARTESIAN_POINT ( 'NONE',  ( -1.764863307568897755, 1.018944305707782050, -6.417708333333335347 ) ) ;
#93 = CARTESIAN_POINT ( 'NONE',  ( 1.764863307568897088, -1.018944305707813136, 3.688541666666666607 ) ) ;
#94 = CARTESIAN_POINT ( 'NONE',  ( 0.5754184668983742812, -0.7846828240533292309, 6.525146117474439400 ) ) ;
#95 = ORIENTED_EDGE ( 'NONE', *, *, #3752, .F. ) ;
#96 = CARTESIAN_POINT ( 'NONE',  ( -0.3217390710198023696, -2.076570482417936070, 6.242948610872473658 ) ) ;
#97 = CARTESIAN_POINT ( 'NONE',  ( 0.2875512965274133470, -2.101843025894439609, 6.235886225069593003 ) ) ;
#98 = CARTESIAN_POINT ( 'NONE',  ( 0.000000000000000000, 1.545336663013188394, -3.362499999999991829 ) ) ;
#99 = CIRCLE ( 'NONE', #5462, 6.354903611260523277 ) ;
#100 = CARTESIAN_POINT ( 'NONE',  ( -2.103356807430399211, -0.2785322625646379224, 6.235777398414737327 ) ) ;
#101 = CARTESIAN_POINT ( 'NONE',  ( -1.892491597964171594E-16, -1.545336663013218370, -3.712499999999991918 ) ) ;
#102 = CIRCLE ( 'NONE', #542, 6.359696215217524262 ) ;
#103 = CARTESIAN_POINT ( 'NONE',  ( 0.000000000000000000, -4.163799117101000559E-16, 3.399999999999999911 ) ) ;
#104 = CARTESIAN_POINT ( 'NONE',  ( -1.176575538379264874, 2.037888611415578310, -3.019791666666665542 ) ) ;
#105 = EDGE_LOOP ( 'NONE', ( #591, #5072, #4280, #2658 ) ) ;
#106 =( BOUNDED_CURVE ( )  B_SPLINE_CURVE ( 3, ( #3969, #165, #3258, #665 ),
 .UNSPECIFIED., .F., .F. ) 
 B_SPLINE_CURVE_WITH_KNOTS ( ( 4, 4 ),
 ( 2.751161613710443987, 3.532023693469144909 ),
 .UNSPECIFIED. ) 
 CURVE ( )  GEOMETRIC_REPRESENTATION_ITEM ( )  RATIONAL_B_SPLINE_CURVE ( ( 1.000000000000000000, 0.9498300650479265528, 0.9498300650479265528, 1.000000000000000000 ) ) 
 REPRESENTATION_ITEM ( '' )  );
#107 = DIRECTION ( 'NONE',  ( -0.000000000000000000, -1.224646799147353207E-16, 1.000000000000000000 ) ) ;
#108 = AXIS2_PLACEMENT_3D ( 'NONE', #4711, #876, #66 ) ;
#109 = CARTESIAN_POINT ( 'NONE',  ( 0.000000000000000000, -4.163799117101000559E-16, 3.399999999999999911 ) ) ;
#110 = LINE ( 'NONE', #2668, #1029 ) ;
#111 = CARTESIAN_POINT ( 'NONE',  ( -1.784401076758541649, -1.454365678216402684E-14, -5.374999999999992895 ) ) ;
#112 = CARTESIAN_POINT ( 'NONE',  ( -1.338300807568906459, -0.7726683315066164015, -1.816666666666659991 ) ) ;
#113 = DIRECTION ( 'NONE',  ( -0.02078751127481448177, -0.1045058763748857034, -0.9943069954385901354 ) ) ;
#114 = ORIENTED_EDGE ( 'NONE', *, *, #2765, .F. ) ;
#115 = CARTESIAN_POINT ( 'NONE',  ( 0.2274517295774681480, 2.059393133959864119, 5.761622436611165021 ) ) ;
#116 = UNCERTAINTY_MEASURE_WITH_UNIT (LENGTH_MEASURE( 1.000000000000000082E-05 ), #489, 'distance_accuracy_value', 'NONE');
#117 = CARTESIAN_POINT ( 'NONE',  ( -1.189349784789422992, -1.013337722292705356, -6.599999999999999645 ) ) ;
#118 = ADVANCED_FACE ( 'NONE', ( #4041 ), #211, .T. ) ;
#119 = EDGE_CURVE ( 'NONE', #2888, #2750, #4628, .T. ) ;
#120 = CARTESIAN_POINT ( 'NONE',  ( 0.000000000000000000, 1.545336663013188394, -2.662499999999992095 ) ) ;
#121 = CARTESIAN_POINT ( 'NONE',  ( 1.784401076758541649, -1.502357163354367145E-14, -5.024999999999993250 ) ) ;
#122 = CARTESIAN_POINT ( 'NONE',  ( -2.353151076758530191, -1.558307575294034488E-14, 3.396875000000000089 ) ) ;
#123 = CARTESIAN_POINT ( 'NONE',  ( 0.2536874259130644793, -1.981229768641076250, 5.519999999999999574 ) ) ;
#124 = ORIENTED_EDGE ( 'NONE', *, *, #2945, .T. ) ;
#125 = ORIENTED_EDGE ( 'NONE', *, *, #3792, .T. ) ;
#126 = EDGE_CURVE ( 'NONE', #2688, #3272, #4070, .T. ) ;
#127 = CARTESIAN_POINT ( 'NONE',  ( -1.833506827864754163, 0.4026812628888962742, -6.289333533801930720 ) ) ;
#128 = CARTESIAN_POINT ( 'NONE',  ( 0.2536874259130644793, -1.978834712860429557, 5.519999999999999574 ) ) ;
#129 = CARTESIAN_POINT ( 'NONE',  ( 1.338300807568906015, -0.7726683315066168456, -6.483333333333326287 ) ) ;
#130 = DATE_AND_TIME ( #4912, #5032 ) ;
#131 = CARTESIAN_POINT ( 'NONE',  ( -1.784401076758541649, -1.481154826947751155E-14, -3.187499999999992006 ) ) ;
#132 = CARTESIAN_POINT ( 'NONE',  ( 2.047395140491269139, -0.3306731578647323366, 6.252470311563133265 ) ) ;
#133 = CARTESIAN_POINT ( 'NONE',  ( -1.338300807568906459, 0.7726683315065869806, -2.545833333333326287 ) ) ;
#134 = ORIENTED_EDGE ( 'NONE', *, *, #3513, .F. ) ;
#135 = CARTESIAN_POINT ( 'NONE',  ( 0.2981763064969557564, -1.865420769579321884E-15, 0.2693673207834478833 ) ) ;
#136 = CARTESIAN_POINT ( 'NONE',  ( 0.000000000000000000, -2.000000000000001332, 6.599999999999999645 ) ) ;
#137 = LINE ( 'NONE', #1455, #5058 ) ;
#138 = VECTOR ( 'NONE', #1818, 1000.000000000000114 ) ;
#139 = FACE_OUTER_BOUND ( 'NONE', #3403, .T. ) ;
#140 = CARTESIAN_POINT ( 'NONE',  ( -1.784401076758541871, -1.524017464917908457E-14, 0.3125000000000072720 ) ) ;
#141 =( BOUNDED_CURVE ( )  B_SPLINE_CURVE ( 2, ( #2355, #4021, #4363, #3633, #2235, #1448, #3195 ),
 .UNSPECIFIED., .F., .F. ) 
 B_SPLINE_CURVE_WITH_KNOTS ( ( 3, 2, 2, 3 ),
 ( 0.4166666666666666297, 0.4444444444444443643, 0.4722222222222222099, 0.5000000000000000000 ),
 .UNSPECIFIED. ) 
 CURVE ( )  GEOMETRIC_REPRESENTATION_ITEM ( )  RATIONAL_B_SPLINE_CURVE ( ( 1.000000000000000222, 0.8660254037844384856, 1.000000000000000000, 0.8660254037844387076, 1.000000000000000000, 0.8660254037844387076, 1.000000000000000000 ) ) 
 REPRESENTATION_ITEM ( '' )  );
#142 = CARTESIAN_POINT ( 'NONE',  ( -0.2831209356723915493, -1.214287501422804727, 5.519999999999999574 ) ) ;
#143 = ORIENTED_EDGE ( 'NONE', *, *, #4578, .F. ) ;
#144 = CARTESIAN_POINT ( 'NONE',  ( -0.8922005383792713795, -1.545336663013218592, 1.829166666666673047 ) ) ;
#145 = CARTESIAN_POINT ( 'NONE',  ( -1.784401076758541649, -1.488655788592528714E-14, -2.574999999999993516 ) ) ;
#146 = DIRECTION ( 'NONE',  ( 0.000000000000000000, -1.000000000000000000, -1.224646799147353207E-16 ) ) ;
#147 = CARTESIAN_POINT ( 'NONE',  ( -1.338300807568906459, -0.7726683315066159574, -4.616666666666659147 ) ) ;
#148 = CARTESIAN_POINT ( 'NONE',  ( -1.176575538379265984, -2.037888611415608064, 3.513541666666666341 ) ) ;
#149 = CARTESIAN_POINT ( 'NONE',  ( -0.2785322625646035055, 2.103356807430392106, 6.235777398414628969 ) ) ;
#150 = VERTEX_POINT ( 'NONE', #1667 ) ;
#151 = CARTESIAN_POINT ( 'NONE',  ( 2.092548408769734358, 0.2658503012168323965, 6.117992359039511108 ) ) ;
#152 = FACE_OUTER_BOUND ( 'NONE', #57, .T. ) ;
#153 = CARTESIAN_POINT ( 'NONE',  ( -1.431210696522020598, 1.165270189351995000, -6.321015323617636739 ) ) ;
#154 = CARTESIAN_POINT ( 'NONE',  ( 2.081652823194253266, -0.2531638122453698236, 6.000215771722340108 ) ) ;
#155 = EDGE_CURVE ( 'NONE', #956, #1717, #1829, .T. ) ;
#156 = CARTESIAN_POINT ( 'NONE',  ( 0.000000000000000000, 1.545336663013188838, -6.949999999999993072 ) ) ;
#157 = CARTESIAN_POINT ( 'NONE',  ( 2.047395140491270471, 0.3306731578647258418, 6.252470311563132377 ) ) ;
#158 = DATE_AND_TIME ( #3032, #5198 ) ;
#159 = CARTESIAN_POINT ( 'NONE',  ( -0.3502066986637332735, 1.381458624468317353, 6.438319537806445503 ) ) ;
#160 = CARTESIAN_POINT ( 'NONE',  ( 0.8922005383792718236, 1.545336663013187284, 0.7791666666666741126 ) ) ;
#161 = CARTESIAN_POINT ( 'NONE',  ( 1.338300807568907125, 0.7726683315065856483, -2.079166666666659502 ) ) ;
#162 = ORIENTED_EDGE ( 'NONE', *, *, #743, .T. ) ;
#163 = EDGE_LOOP ( 'NONE', ( #3585, #2640, #143, #4689 ) ) ;
#164 = CARTESIAN_POINT ( 'NONE',  ( -1.154700538379261676, -2.000000000000031974, 2.879166666666668206 ) ) ;
#165 = CARTESIAN_POINT ( 'NONE',  ( -0.6077826837533986115, -0.5343434567956846237, 5.520000000000000462 ) ) ;
#166 = CARTESIAN_POINT ( 'NONE',  ( 2.878373097311964457E-15, -8.475856478330461563E-16, 6.599999999999999645 ) ) ;
#167 = CARTESIAN_POINT ( 'NONE',  ( 1.234094626827383800, -0.3826980794443332612, 6.467413237156725891 ) ) ;
#168 = CARTESIAN_POINT ( 'NONE',  ( 0.000000000000000000, 1.545336663013187950, 0.7500000000000063283 ) ) ;
#169 = CARTESIAN_POINT ( 'NONE',  ( 2.103356807430398767, 0.2785322625646354799, 6.235777398414732886 ) ) ;
#170 = ORIENTED_EDGE ( 'NONE', *, *, #5309, .F. ) ;
#171 = CARTESIAN_POINT ( 'NONE',  ( -0.1141444741213000491, 1.652814405212078341, 2.306543565051982103 ) ) ;
#172 = CARTESIAN_POINT ( 'NONE',  ( 1.338300807568905793, -0.7726683315066172897, -1.583333333333326820 ) ) ;
#173 = CARTESIAN_POINT ( 'NONE',  ( -1.892491597964171594E-16, -1.545336663013219036, 1.187500000000006217 ) ) ;
#174 =( BOUNDED_CURVE ( )  B_SPLINE_CURVE ( 2, ( #5226, #4422, #3553, #3144, #4758, #1403, #5281 ),
 .UNSPECIFIED., .F., .F. ) 
 B_SPLINE_CURVE_WITH_KNOTS ( ( 3, 2, 2, 3 ),
 ( 0.7500000000000000000, 0.7777777777777776791, 0.8055555555555554692, 0.8333333333333331483 ),
 .UNSPECIFIED. ) 
 CURVE ( )  GEOMETRIC_REPRESENTATION_ITEM ( )  RATIONAL_B_SPLINE_CURVE ( ( 1.000000000000000000, 0.8660254037844385966, 1.000000000000000000, 0.8660254037844385966, 1.000000000000000000, 0.8660254037844397068, 0.9999999999999988898 ) ) 
 REPRESENTATION_ITEM ( '' )  );
#175 = CARTESIAN_POINT ( 'NONE',  ( -0.8922005383792712685, -1.545336663013217926, -3.858333333333325843 ) ) ;
#176 = CARTESIAN_POINT ( 'NONE',  ( -1.176575538379265984, -2.037888611415608064, 4.213541666666666075 ) ) ;
#177 = CARTESIAN_POINT ( 'NONE',  ( 0.000000000000000000, 2.070106209874711453E-15, 6.599999999999999645 ) ) ;
#178 = ORIENTED_EDGE ( 'NONE', *, *, #3349, .T. ) ;
#179 = ORIENTED_EDGE ( 'NONE', *, *, #1419, .F. ) ;
#180 = CARTESIAN_POINT ( 'NONE',  ( -2.353151076758530191, -1.550270830674629915E-14, 2.740624999999996092 ) ) ;
#181 = CARTESIAN_POINT ( 'NONE',  ( 0.000000000000000000, 1.545336663013187506, 4.337500000000006573 ) ) ;
#182 = CARTESIAN_POINT ( 'NONE',  ( -1.889592989827866498, -0.2116842358878904817, -6.265180915917686555 ) ) ;
#183 = CARTESIAN_POINT ( 'NONE',  ( 0.2793326196579634102, -2.103250821954821603, 6.235777398414649397 ) ) ;
#184 = CARTESIAN_POINT ( 'NONE',  ( -1.338300807568906459, -0.7726683315066159574, -5.316666666666658436 ) ) ;
#185 = CARTESIAN_POINT ( 'NONE',  ( 2.099546433507367471, 0.2940686089498990574, 6.236374569529130163 ) ) ;
#186 = DATE_AND_TIME ( #219, #2006 ) ;
#187 = EDGE_CURVE ( 'NONE', #4550, #1584, #877, .T. ) ;
#188 = EDGE_CURVE ( 'NONE', #3879, #3372, #4254, .T. ) ;
#189 = CARTESIAN_POINT ( 'NONE',  ( 1.338300807568906015, -0.7726683315066170676, -4.295833333333325399 ) ) ;
#190 = CARTESIAN_POINT ( 'NONE',  ( -0.8922005383792707134, 1.545336663013187950, 0.1958333333333407977 ) ) ;
#191 = CARTESIAN_POINT ( 'NONE',  ( -1.764863307568897755, 1.018944305707781384, -0.1614583333333320381 ) ) ;
#192 = AXIS2_PLACEMENT_3D ( 'NONE', #103, #1812, #3520 ) ;
#193 = ORIENTED_EDGE ( 'NONE', *, *, #3757, .T. ) ;
#194 = DIRECTION ( 'NONE',  ( -0.000000000000000000, -0.000000000000000000, -1.000000000000000000 ) ) ;
#195 = CARTESIAN_POINT ( 'NONE',  ( -0.1072087852530985430, 1.589120663220236596, 2.131546447168858549 ) ) ;
#196 = ADVANCED_FACE ( 'NONE', ( #405 ), #4867, .T. ) ;
#197 = VECTOR ( 'NONE', #4091, 1000.000000000000114 ) ;
#198 = CARTESIAN_POINT ( 'NONE',  ( 2.024623018586764633, -0.2319300360381229276, 5.519999999999999574 ) ) ;
#199 = CARTESIAN_POINT ( 'NONE',  ( 0.8922005383792718236, 1.545336663013187950, -3.508333333333326198 ) ) ;
#200 = CARTESIAN_POINT ( 'NONE',  ( 1.673798539959244103, -0.9833487478771061330, 3.089267415737645628 ) ) ;
#201 = AXIS2_PLACEMENT_3D ( 'NONE', #4055, #1934, #1054 ) ;
#202 = CARTESIAN_POINT ( 'NONE',  ( -1.764863307568897977, -1.018944305707811582, 2.055208333333333304 ) ) ;
#203 = ORIENTED_EDGE ( 'NONE', *, *, #430, .F. ) ;
#204 = CARTESIAN_POINT ( 'NONE',  ( -0.4479092894618855736, -1.745468311002977169, 2.706788728356201545 ) ) ;
#205 = CARTESIAN_POINT ( 'NONE',  ( -1.338300807568906237, 0.7726683315065866475, -0.5333333333333266646 ) ) ;
#206 = CARTESIAN_POINT ( 'NONE',  ( -2.353151076758530191, -1.473118082328346582E-14, -3.559375000000001954 ) ) ;
#207 = DIRECTION ( 'NONE',  ( 0.000000000000000000, -0.9967800569107642117, -0.08018427617041627709 ) ) ;
#208 = DIRECTION ( 'NONE',  ( 0.000000000000000000, -1.000000000000000000, 0.000000000000000000 ) ) ;
#209 = ORIENTED_EDGE ( 'NONE', *, *, #1595, .F. ) ;
#210 = CC_DESIGN_PERSON_AND_ORGANIZATION_ASSIGNMENT ( #3603, #2322, ( #3344 ) ) ;
#211 = CYLINDRICAL_SURFACE ( 'NONE', #2030, 2.000000000000000888 ) ;
#212 = CARTESIAN_POINT ( 'NONE',  ( 0.000000000000000000, 2.037888611415577866, 1.165624999999996358 ) ) ;
#213 = B_SPLINE_CURVE_WITH_KNOTS ( 'NONE', 3,
 ( #3034, #3809, #1340, #5141 ),
 .UNSPECIFIED., .F., .F.,
 ( 4, 4 ),
 ( 0.000000000000000000, 0.0003018712239909429780 ),
 .UNSPECIFIED. ) ;
#214 = CARTESIAN_POINT ( 'NONE',  ( -1.338300807568906459, -0.7726683315066169566, 3.170833333333339166 ) ) ;
#215 = CARTESIAN_POINT ( 'NONE',  ( -2.064942806641234974, 0.3275868806890669949, 6.246641223995140990 ) ) ;
#216 = CIRCLE ( 'NONE', #2721, 3.951999999999999069 ) ;
#217 = CARTESIAN_POINT ( 'NONE',  ( 0.8922005383792717126, 1.545336663013187950, -4.120833333333325577 ) ) ;
#218 = CARTESIAN_POINT ( 'NONE',  ( -2.309401076758522020, -1.506872409729845284E-14, -0.8250000000000032863 ) ) ;
#219 = CALENDAR_DATE ( 2026, 8, 1 ) ;
#220 = CARTESIAN_POINT ( 'NONE',  ( -2.102990981537183668, -0.2809264502845112421, 6.235794016437477438 ) ) ;
#221 = CARTESIAN_POINT ( 'NONE',  ( -1.338300807568906459, 0.7726683315065866475, 0.2541666666666738128 ) ) ;
#222 = CARTESIAN_POINT ( 'NONE',  ( -0.8922005383792708244, 1.545336663013188172, -1.904166666666659236 ) ) ;
#223 = ORIENTED_EDGE ( 'NONE', *, *, #2633, .F. ) ;
#224 = CARTESIAN_POINT ( 'NONE',  ( -2.309401076758522464, -1.550806613649257559E-14, 2.762500000000001066 ) ) ;
#225 = CARTESIAN_POINT ( 'NONE',  ( -2.449293598294727122E-16, -2.000000000000031974, 2.237500000000000711 ) ) ;
#226 = CARTESIAN_POINT ( 'NONE',  ( 2.035408447248773456, -0.2084880638676734066, 5.519999999999999574 ) ) ;
#227 = CARTESIAN_POINT ( 'NONE',  ( 0.2536874259130691978, 1.362259747427715162, 5.519999999999999574 ) ) ;
#228 = CARTESIAN_POINT ( 'NONE',  ( 0.2525715775880378877, 1.991935950791009047, 5.519999999999999574 ) ) ;
#229 = EDGE_CURVE ( 'NONE', #1537, #3306, #3713, .T. ) ;
#230 = CARTESIAN_POINT ( 'NONE',  ( -2.025060413299026862, -0.3051615960280225637, 6.009744014452288674 ) ) ;
#231 = ORIENTED_EDGE ( 'NONE', *, *, #4201, .T. ) ;
#232 = CARTESIAN_POINT ( 'NONE',  ( -1.338300807568906459, 0.7726683315065865365, 0.9541666666666731578 ) ) ;
#233 = CARTESIAN_POINT ( 'NONE',  ( -1.338300807568906237, 0.7726683315065865365, 0.1666666666666730412 ) ) ;
#234 = CARTESIAN_POINT ( 'NONE',  ( 0.8922005383792704913, -1.545336663013218592, -2.954166666666658614 ) ) ;
#235 = CARTESIAN_POINT ( 'NONE',  ( 1.764863307568898643, 1.018944305707780051, -4.551041666666668206 ) ) ;
#236 = CARTESIAN_POINT ( 'NONE',  ( 1.154700538379262120, 2.000000000000000444, 1.041666666666664076 ) ) ;
#237 = DIRECTION ( 'NONE',  ( -0.000000000000000000, -1.224646799147353207E-16, 1.000000000000000000 ) ) ;
#238 = ORIENTED_EDGE ( 'NONE', *, *, #1745, .T. ) ;
#239 = CARTESIAN_POINT ( 'NONE',  ( -1.154700538379261010, 2.000000000000001332, 1.945833333333335524 ) ) ;
#240 = CARTESIAN_POINT ( 'NONE',  ( -1.764863307568897977, -1.018944305707811360, 2.098958333333329040 ) ) ;
#241 = CARTESIAN_POINT ( 'NONE',  ( -0.8922005383792708244, 1.545336663013187284, 2.995833333333339787 ) ) ;
#242 = PLANE ( 'NONE',  #827 ) ;
#243 = CARTESIAN_POINT ( 'NONE',  ( 1.338300807568907125, 0.7726683315065858704, -4.266666666666659502 ) ) ;
#244 = CARTESIAN_POINT ( 'NONE',  ( 3.037948955432342893E-15, 0.3671999999999992492, 6.599999999999999645 ) ) ;
#245 = DIRECTION ( 'NONE',  ( 0.02078751127481448177, 0.1045058763748857034, 0.9943069954385902465 ) ) ;
#246 = CARTESIAN_POINT ( 'NONE',  ( 2.449293598294707893E-16, 2.000000000000000444, 6.599999999999999645 ) ) ;
#247 = CARTESIAN_POINT ( 'NONE',  ( 0.000000000000000000, 1.545336663013188172, -1.962499999999992806 ) ) ;
#248 = EDGE_LOOP ( 'NONE', ( #4947, #4520, #3873, #3826, #134, #4423, #1507, #4010, #2679, #4354, #2616, #3745, #700, #4198 ) ) ;
#249 = DIRECTION ( 'NONE',  ( -1.061943322647688496E-14, -1.000000000000000000, 0.000000000000000000 ) ) ;
#250 = DIRECTION ( 'NONE',  ( 0.000000000000000000, -1.000000000000000000, -2.237046963110516305E-16 ) ) ;
#251 = CARTESIAN_POINT ( 'NONE',  ( -0.5952251389969159812, -1.800477031121270555, 2.964979896194722020 ) ) ;
#252 = CARTESIAN_POINT ( 'NONE',  ( -0.2362816911131601361, 2.020313986387312966, 5.519999999999999574 ) ) ;
#253 = CARTESIAN_POINT ( 'NONE',  ( 0.2209471874066205876, 2.031466856759380768, 5.519999999999999574 ) ) ;
#254 = CARTESIAN_POINT ( 'NONE',  ( 0.000000000000000000, 2.037888611415577866, 0.4218750000000003331 ) ) ;
#255 = VERTEX_POINT ( 'NONE', #3679 ) ;
#256 = CARTESIAN_POINT ( 'NONE',  ( -1.338300807568906459, -0.7726683315066167346, 1.070833333333339743 ) ) ;
#257 = CARTESIAN_POINT ( 'NONE',  ( 1.338300807568905793, -0.7726683315066171787, -2.983333333333326731 ) ) ;
#258 = CARTESIAN_POINT ( 'NONE',  ( 0.000000000000000000, 1.545336663013187950, 0.05000000000000576900 ) ) ;
#259 = ADVANCED_FACE ( 'NONE', ( #5408 ), #3357, .T. ) ;
#260 = CARTESIAN_POINT ( 'NONE',  ( -1.176575538379264874, 2.037888611415578310, -5.076041666666668561 ) ) ;
#261 = CARTESIAN_POINT ( 'NONE',  ( 0.2973012310802264913, 2.097688122752423112, 6.236861590283160339 ) ) ;
#262 = DIRECTION ( 'NONE',  ( 0.000000000000000000, -1.000000000000000000, 0.000000000000000000 ) ) ;
#263 = EDGE_LOOP ( 'NONE', ( #2966, #715, #315, #3955, #3576, #3835, #5274, #4888, #4902, #1683, #1870, #4181, #4627, #4233, #4785 ) ) ;
#264 = CARTESIAN_POINT ( 'NONE',  ( 0.4945611972164568604, -0.7038255543714115881, 5.519999999999999574 ) ) ;
#265 = CARTESIAN_POINT ( 'NONE',  ( 1.176575538379264652, -2.037888611415608953, 2.273958333333329307 ) ) ;
#266 = CARTESIAN_POINT ( 'NONE',  ( -1.892491597964171594E-16, -1.545336663013219258, 3.987500000000006484 ) ) ;
#267 = EDGE_CURVE ( 'NONE', #1566, #1828, #559, .T. ) ;
#268 = CARTESIAN_POINT ( 'NONE',  ( -1.983629357198800180, -0.2535398336099726202, 5.519999999999999574 ) ) ;
#269 = CARTESIAN_POINT ( 'NONE',  ( 1.338300807568906015, -0.7726683315066170676, -4.383333333333325754 ) ) ;
#270 = ORIENTED_EDGE ( 'NONE', *, *, #1426, .F. ) ;
#271 = CARTESIAN_POINT ( 'NONE',  ( -0.7889479297504626842, 0.5796835725955238328, 6.578166142129787453 ) ) ;
#272 = CARTESIAN_POINT ( 'NONE',  ( 1.381458624468314467, 0.3502066986637468182, 6.438319537806444615 ) ) ;
#273 = CARTESIAN_POINT ( 'NONE',  ( 1.338300807568906015, -0.7726683315066176228, -0.09583333333332581805 ) ) ;
#274 = ORIENTED_EDGE ( 'NONE', *, *, #3614, .T. ) ;
#275 = CARTESIAN_POINT ( 'NONE',  ( 0.7038255543714089235, 0.4945611972164588033, 5.519999999999999574 ) ) ;
#276 = CARTESIAN_POINT ( 'NONE',  ( 1.485993269903373189E-13, -1.692336492930013980, 2.415129608626719548 ) ) ;
#277 = B_SPLINE_CURVE_WITH_KNOTS ( 'NONE', 3,
 ( #5382, #1074, #4101, #1135, #2494, #1163, #5325, #2917, #1196, #746, #1527, #2886, #4579, #268, #2855, #4549 ),
 .UNSPECIFIED., .F., .F.,
 ( 4, 3, 3, 3, 3, 4 ),
 ( 5.421010862427522170E-20, 1.951660190554441949E-05, 3.904047611926378500E-05, 5.846512373737669201E-05, 7.786064820822379451E-05, 8.495776670908535997E-05 ),
 .UNSPECIFIED. ) ;
#278 = CARTESIAN_POINT ( 'NONE',  ( -1.619969315008373822, 0.8920070257115296775, 2.802081387464858686 ) ) ;
#279 = CARTESIAN_POINT ( 'NONE',  ( 1.978834712860428668, 0.2536874259130706966, 5.519999999999999574 ) ) ;
#280 = CARTESIAN_POINT ( 'NONE',  ( 0.2363255957173477917, -1.895653431707475578, 3.004210299028755138 ) ) ;
#281 = CARTESIAN_POINT ( 'NONE',  ( 1.764863307568898643, 1.018944305707779607, 1.005208333333333481 ) ) ;
#282 = ORIENTED_EDGE ( 'NONE', *, *, #1940, .T. ) ;
#283 = DIRECTION ( 'NONE',  ( -0.000000000000000000, -1.224646799147353207E-16, 1.000000000000000000 ) ) ;
#284 = AXIS2_PLACEMENT_3D ( 'NONE', #2021, #3632, #2923 ) ;
#285 = CARTESIAN_POINT ( 'NONE',  ( 2.353151076758530191, -1.543612452400643406E-14, -2.509375000000003464 ) ) ;
#286 = CARTESIAN_POINT ( 'NONE',  ( 0.8922005383792717126, 1.545336663013187284, 0.6916666666666724250 ) ) ;
#287 = CARTESIAN_POINT ( 'NONE',  ( 0.000000000000000000, 1.797605106156307864, 2.704352746443269506 ) ) ;
#288 = CARTESIAN_POINT ( 'NONE',  ( 2.353151076758530191, -1.526467397212580548E-14, -3.909375000000002487 ) ) ;
#289 = DIRECTION ( 'NONE',  ( 0.07992773943613233623, -0.07992773943613276644, 0.9935910189495774647 ) ) ;
#290 = CARTESIAN_POINT ( 'NONE',  ( 0.000000000000000000, 1.545336663013188394, -2.749999999999992895 ) ) ;
#291 = B_SPLINE_CURVE_WITH_KNOTS ( 'NONE', 3,
 ( #4823, #5243, #2296, #1420, #571, #5269, #3991, #1867, #3572, #3164, #4854, #5003, #220, #4136, #5031, #1929 ),
 .UNSPECIFIED., .F., .F.,
 ( 4, 3, 3, 3, 3, 4 ),
 ( 5.421010862427522170E-20, 2.075118737069716590E-05, 4.150691503887090608E-05, 6.216187880023599482E-05, 8.234179707201718409E-05, 8.472829037962371337E-05 ),
 .UNSPECIFIED. ) ;
#292 = VERTEX_POINT ( 'NONE', #2543 ) ;
#293 = EDGE_CURVE ( 'NONE', #956, #3004, #4053, .T. ) ;
#294 = CARTESIAN_POINT ( 'NONE',  ( -1.732050807568891404, 0.9999999999999935607, -4.295833333333329840 ) ) ;
#295 = CARTESIAN_POINT ( 'NONE',  ( -1.764863307568897755, 1.018944305707781606, -0.1177083333333371201 ) ) ;
#296 = AXIS2_PLACEMENT_3D ( 'NONE', #58, #1764, #1508 ) ;
#297 = CARTESIAN_POINT ( 'NONE',  ( 1.764863307568898643, 1.018944305707780051, -3.894791666666665098 ) ) ;
#298 = DIRECTION ( 'NONE',  ( -0.9188184237650770525, 0.3805870524817709377, 0.1045284632676538594 ) ) ;
#299 = AXIS2_PLACEMENT_3D ( 'NONE', #4696, #1758, #3392 ) ;
#300 = CARTESIAN_POINT ( 'NONE',  ( 0.8922005383792717126, 1.545336663013187950, -3.508333333333325754 ) ) ;
#301 = ORIENTED_EDGE ( 'NONE', *, *, #1523, .F. ) ;
#302 = EDGE_CURVE ( 'NONE', #4997, #5304, #1714, .T. ) ;
#303 = ORIENTED_EDGE ( 'NONE', *, *, #3982, .F. ) ;
#304 = CYLINDRICAL_SURFACE ( 'NONE', #5273, 0.3887999999999999234 ) ;
#305 = CARTESIAN_POINT ( 'NONE',  ( 0.000000000000000000, -2.000000000000001332, 6.599999999999999645 ) ) ;
#306 = CARTESIAN_POINT ( 'NONE',  ( 1.338300807568907125, 0.7726683315065854263, -0.6791666666666594798 ) ) ;
#307 = EDGE_CURVE ( 'NONE', #2857, #4916, #216, .T. ) ;
#308 = AXIS2_PLACEMENT_3D ( 'NONE', #1950, #3711, #1068 ) ;
#309 = ORIENTED_EDGE ( 'NONE', *, *, #906, .T. ) ;
#310 = CARTESIAN_POINT ( 'NONE',  ( -1.234094626827380470, 0.3826980794443408107, 6.467413237156726780 ) ) ;
#311 = CARTESIAN_POINT ( 'NONE',  ( 0.2527098193844277696, -2.030507742562562612, 5.510698695193720908 ) ) ;
#312 = SPHERICAL_SURFACE ( 'NONE', #2981, 6.361972271885258046 ) ;
#313 = VECTOR ( 'NONE', #1793, 999.9999999999998863 ) ;
#314 = FACE_OUTER_BOUND ( 'NONE', #3204, .T. ) ;
#315 = ORIENTED_EDGE ( 'NONE', *, *, #1184, .F. ) ;
#316 = LINE ( 'NONE', #4150, #1180 ) ;
#317 = CARTESIAN_POINT ( 'NONE',  ( 1.176575538379264652, -2.037888611415608064, -3.326041666666670338 ) ) ;
#318 = CARTESIAN_POINT ( 'NONE',  ( -0.8922005383792708244, 1.545336663013187284, 2.995833333333339787 ) ) ;
#319 = CARTESIAN_POINT ( 'NONE',  ( 0.4904173638597210672, 1.901392831289040020, 3.149729055706909531 ) ) ;
#320 = FACE_OUTER_BOUND ( 'NONE', #394, .T. ) ;
#321 = VERTEX_POINT ( 'NONE', #1833 ) ;
#322 = CARTESIAN_POINT ( 'NONE',  ( 0.000000000000000000, -3.992872894185816765E-16, 3.260428147091725126 ) ) ;
#323 = CARTESIAN_POINT ( 'NONE',  ( 0.000000000000000000, -3.086842986109005871, 3.399999999999999467 ) ) ;
#324 = CARTESIAN_POINT ( 'NONE',  ( -1.176575538379265984, -2.037888611415606732, -4.886458333333330906 ) ) ;
#325 = LINE ( 'NONE', #3743, #1804 ) ;
#326 = CARTESIAN_POINT ( 'NONE',  ( -1.784401076758541871, -1.480083260998497128E-14, -3.274999999999992806 ) ) ;
#327 = VERTEX_POINT ( 'NONE', #4440 ) ;
#328 =( BOUNDED_CURVE ( )  B_SPLINE_CURVE ( 3, ( #275, #5420, #4588, #4199 ),
 .UNSPECIFIED., .F., .F. ) 
 B_SPLINE_CURVE_WITH_KNOTS ( ( 4, 4 ),
 ( 2.751161613710442211, 3.532023693469143133 ),
 .UNSPECIFIED. ) 
 CURVE ( )  GEOMETRIC_REPRESENTATION_ITEM ( )  RATIONAL_B_SPLINE_CURVE ( ( 1.000000000000000000, 0.9498300650479265528, 0.9498300650479265528, 1.000000000000000000 ) ) 
 REPRESENTATION_ITEM ( '' )  );
#329 = CARTESIAN_POINT ( 'NONE',  ( -2.449293598294727122E-16, -2.000000000000031086, -1.350000000000003864 ) ) ;
#330 = ADVANCED_FACE ( 'NONE', ( #4017 ), #1077, .T. ) ;
#331 = CARTESIAN_POINT ( 'NONE',  ( -1.154700538379261676, -2.000000000000031530, -0.6208333333333319048 ) ) ;
#332 = CARTESIAN_POINT ( 'NONE',  ( 0.000000000000000000, 1.545336663013187950, 0.8375000000000071276 ) ) ;
#333 = ORIENTED_EDGE ( 'NONE', *, *, #3381, .F. ) ;
#334 = CARTESIAN_POINT ( 'NONE',  ( 2.031411139141731326, 0.2202216300322943909, 5.519999999999999574 ) ) ;
#335 = CARTESIAN_POINT ( 'NONE',  ( -1.732050807568891404, 0.9999999999999933387, -2.195833333333331527 ) ) ;
#336 = ADVANCED_FACE ( 'NONE', ( #1894 ), #1529, .T. ) ;
#337 = CARTESIAN_POINT ( 'NONE',  ( 0.2785519552942877231, -2.053309058436276313, 5.756570194515769678 ) ) ;
#338 = EDGE_CURVE ( 'NONE', #2632, #2178, #3439, .T. ) ;
#339 = CARTESIAN_POINT ( 'NONE',  ( 0.000000000000000000, 2.000000000000001332, -0.3000000000000029310 ) ) ;
#340 = FACE_OUTER_BOUND ( 'NONE', #3366, .T. ) ;
#341 = CARTESIAN_POINT ( 'NONE',  ( -1.764863307568897755, 1.018944305707780940, 3.338541666666666963 ) ) ;
#342 = ORIENTED_EDGE ( 'NONE', *, *, #1827, .F. ) ;
#343 = CARTESIAN_POINT ( 'NONE',  ( 0.000000000000000000, 1.145333991425690651E-15, -6.599999999999999645 ) ) ;
#344 = CARTESIAN_POINT ( 'NONE',  ( -2.353151076758530191, -1.498835665110441026E-14, -1.459375000000003197 ) ) ;
#345 = ORIENTED_EDGE ( 'NONE', *, *, #2765, .T. ) ;
#346 = CARTESIAN_POINT ( 'NONE',  ( -1.338300807568906459, -0.7726683315066166235, 0.2833333333333388770 ) ) ;
#347 = CARTESIAN_POINT ( 'NONE',  ( 1.430483958501501895, -1.189601083486934163, 2.865920435398132682 ) ) ;
#348 = CARTESIAN_POINT ( 'NONE',  ( -1.764863307568897977, -1.018944305707810916, -2.844791666666666163 ) ) ;
#349 = CARTESIAN_POINT ( 'NONE',  ( -1.338300807568906459, -0.7726683315066165125, -0.3291666666666594465 ) ) ;
#350 = CARTESIAN_POINT ( 'NONE',  ( 0.5754184668983742812, -0.7846828240533292309, 6.525146117474439400 ) ) ;
#351 = EDGE_LOOP ( 'NONE', ( #4581, #1803, #554, #494 ) ) ;
#352 = DIRECTION ( 'NONE',  ( -0.000000000000000000, -1.224646799147353207E-16, 1.000000000000000000 ) ) ;
#353 = DIRECTION ( 'NONE',  ( 0.9188184237650743880, -0.3805870524817774880, 0.1045284632676537762 ) ) ;
#354 = PRODUCT_DEFINITION ( 'UNKNOWN', '', #3344, #4710 ) ;
#355 = CARTESIAN_POINT ( 'NONE',  ( 2.353151076758530191, -1.500214031455859090E-14, -6.053124999999996980 ) ) ;
#356 = CARTESIAN_POINT ( 'NONE',  ( -1.154700538379263453, 1.999999999999997113, 1.158333333333330106 ) ) ;
#357 = DIRECTION ( 'NONE',  ( -0.000000000000000000, -1.224646799147353207E-16, 1.000000000000000000 ) ) ;
#358 = ORIENTED_EDGE ( 'NONE', *, *, #5276, .T. ) ;
#359 = CARTESIAN_POINT ( 'NONE',  ( 1.698829834660223304, 0.4966882235813391278, 2.587054855686500510 ) ) ;
#360 = VERTEX_POINT ( 'NONE', #2407 ) ;
#361 = EDGE_CURVE ( 'NONE', #2103, #4923, #4032, .T. ) ;
#362 = FACE_OUTER_BOUND ( 'NONE', #4529, .T. ) ;
#363 = ADVANCED_FACE ( 'NONE', ( #4910 ), #5356, .T. ) ;
#364 = CARTESIAN_POINT ( 'NONE',  ( -1.484128420420781191, 1.096688685538148356, 2.791425610181073047 ) ) ;
#365 = CARTESIAN_POINT ( 'NONE',  ( 2.024596751003749251, 0.3047449643597299196, 6.005780028916996471 ) ) ;
#366 = ORIENTED_EDGE ( 'NONE', *, *, #3419, .T. ) ;
#367 = CARTESIAN_POINT ( 'NONE',  ( -1.154700538379266117, 1.999999999999992673, -4.441666666666668206 ) ) ;
#368 = EDGE_CURVE ( 'NONE', #686, #942, #4441, .T. ) ;
#369 = ORIENTED_EDGE ( 'NONE', *, *, #810, .T. ) ;
#370 = CARTESIAN_POINT ( 'NONE',  ( -2.353151076758530191, -1.481690609922378169E-14, -2.859375000000003553 ) ) ;
#371 = CARTESIAN_POINT ( 'NONE',  ( -1.338300807568906459, 0.7726683315065862034, 3.754166666666673091 ) ) ;
#372 = CARTESIAN_POINT ( 'NONE',  ( 0.000000000000000000, 2.000000000000001332, 1.799999999999996270 ) ) ;
#373 = DIRECTION ( 'NONE',  ( 0.000000000000000000, -0.7071067811865435759, 0.7071067811865514585 ) ) ;
#374 = CARTESIAN_POINT ( 'NONE',  ( 1.784401076758541871, -1.537718839679747203E-14, -2.137499999999992628 ) ) ;
#375 = VECTOR ( 'NONE', #999, 1000.000000000000114 ) ;
#376 = CARTESIAN_POINT ( 'NONE',  ( 0.000000000000000000, 1.545336663013187950, 0.7500000000000057732 ) ) ;
#377 = EDGE_LOOP ( 'NONE', ( #1069, #1678, #17, #1033 ) ) ;
#378 = CARTESIAN_POINT ( 'NONE',  ( -1.338300807568906459, -0.7726683315066168456, 1.683333333333338899 ) ) ;
#379 = CARTESIAN_POINT ( 'NONE',  ( -1.176575538379265984, -2.037888611415608064, 3.557291666666662522 ) ) ;
#380 = CARTESIAN_POINT ( 'NONE',  ( -1.764863307568897755, 1.018944305707782050, -5.761458333333330906 ) ) ;
#381 = CIRCLE ( 'NONE', #3156, 2.121718661993885036 ) ;
#382 = CARTESIAN_POINT ( 'NONE',  ( 1.732050807568892292, 0.9999999999999917843, -3.829166666666663499 ) ) ;
#383 = DIRECTION ( 'NONE',  ( -0.000000000000000000, -1.224646799147353207E-16, 1.000000000000000000 ) ) ;
#384 = ORIENTED_EDGE ( 'NONE', *, *, #1940, .F. ) ;
#385 = AXIS2_PLACEMENT_3D ( 'NONE', #135, #1873, #3225 ) ;
#386 = CARTESIAN_POINT ( 'NONE',  ( 1.528193201617060071, -0.8381110903745052632, 2.513010127254160508 ) ) ;
#387 = CARTESIAN_POINT ( 'NONE',  ( 0.000000000000000000, -4.711997834488155533E-16, 6.599999999999999645 ) ) ;
#388 = ORIENTED_EDGE ( 'NONE', *, *, #3950, .T. ) ;
#389 = CARTESIAN_POINT ( 'NONE',  ( -1.892491597964171348E-16, -1.545336663013218814, 2.500000000000005773 ) ) ;
#390 = CARTESIAN_POINT ( 'NONE',  ( -0.2785322625646035055, 2.103356807430392106, 6.235777398414628969 ) ) ;
#391 = CARTESIAN_POINT ( 'NONE',  ( -1.784401076758541649, -1.446864716571625440E-14, -5.987499999999991829 ) ) ;
#392 = CARTESIAN_POINT ( 'NONE',  ( 0.8922005383792718236, 1.545336663013187728, -1.320833333333326198 ) ) ;
#393 = VECTOR ( 'NONE', #4123, 999.9999999999998863 ) ;
#394 = EDGE_LOOP ( 'NONE', ( #581, #2654, #1306, #779 ) ) ;
#395 = CARTESIAN_POINT ( 'NONE',  ( 1.311313062439114496, 0.2536874259130708631, 5.519999999999999574 ) ) ;
#396 = CARTESIAN_POINT ( 'NONE',  ( 1.176575538379264652, -2.037888611415608509, -1.926041666666670649 ) ) ;
#397 = VECTOR ( 'NONE', #1159, 1000.000000000000000 ) ;
#398 = CARTESIAN_POINT ( 'NONE',  ( 1.338300807568906015, -0.7726683315066178448, 1.916666666666672292 ) ) ;
#399 = CARTESIAN_POINT ( 'NONE',  ( 1.695977002926855937, 0.9019305947445358518, 3.031880942709796578 ) ) ;
#400 = ADVANCED_FACE ( 'NONE', ( #2350 ), #988, .T. ) ;
#401 = LINE ( 'NONE', #1636, #736 ) ;
#402 = CARTESIAN_POINT ( 'NONE',  ( -1.892491597964171594E-16, -1.545336663013218592, -0.9124999999999927613 ) ) ;
#403 = CARTESIAN_POINT ( 'NONE',  ( 0.000000000000000000, 1.545336663013187950, 0.05000000000000663636 ) ) ;
#404 = ORIENTED_EDGE ( 'NONE', *, *, #906, .F. ) ;
#405 = FACE_OUTER_BOUND ( 'NONE', #3431, .T. ) ;
#406 = PLANE ( 'NONE',  #5114 ) ;
#407 = CARTESIAN_POINT ( 'NONE',  ( 2.353151076758530191, -1.517359086643921948E-14, -4.653124999999997513 ) ) ;
#408 = CARTESIAN_POINT ( 'NONE',  ( -1.892491597964171348E-16, -1.545336663013217926, -5.199999999999993072 ) ) ;
#409 = CARTESIAN_POINT ( 'NONE',  ( 0.1491260568931491726, -1.555367374338137987, -6.599999999999999645 ) ) ;
#410 = VERTEX_POINT ( 'NONE', #3989 ) ;
#411 = CARTESIAN_POINT ( 'NONE',  ( 1.658001015064614059, -0.5217522852272997724, 2.530746881197388110 ) ) ;
#412 = CARTESIAN_POINT ( 'NONE',  ( 1.154700538379258346, -2.000000000000035527, 1.508333333333329085 ) ) ;
#413 = TOROIDAL_SURFACE ( 'NONE', #2294, 3.755373405933863928, 0.1999999999999994005 ) ;
#414 = ORIENTED_EDGE ( 'NONE', *, *, #3207, .F. ) ;
#415 = CARTESIAN_POINT ( 'NONE',  ( 1.784401076758541649, -1.605227494482745237E-14, 3.375000000000005329 ) ) ;
#416 = CARTESIAN_POINT ( 'NONE',  ( 1.234094626827384023, 0.3826980794443300415, 6.467413237156727668 ) ) ;
#417 = CARTESIAN_POINT ( 'NONE',  ( 1.338300807568906015, -0.7726683315066168456, -5.695833333333325754 ) ) ;
#418 = CARTESIAN_POINT ( 'NONE',  ( 1.784401076758541649, -1.546291367273778474E-14, -1.437499999999992673 ) ) ;
#419 = ORIENTED_EDGE ( 'NONE', *, *, #5084, .T. ) ;
#420 = CARTESIAN_POINT ( 'NONE',  ( 1.732050807568890960, -1.000000000000023981, -3.245833333333329573 ) ) ;
#421 = CARTESIAN_POINT ( 'NONE',  ( 0.5277630648924923618, 1.551441483251838616, 2.252689616150870489 ) ) ;
#422 = CARTESIAN_POINT ( 'NONE',  ( -1.784401076758541871, -1.565808536938812047E-14, 3.725000000000005418 ) ) ;
#423 = CARTESIAN_POINT ( 'NONE',  ( 1.338300807568906015, -0.7726683315066169566, -5.083333333333325932 ) ) ;
#424 = CARTESIAN_POINT ( 'NONE',  ( 0.000000000000000000, 2.037888611415578310, -2.378124999999998934 ) ) ;
#425 = CARTESIAN_POINT ( 'NONE',  ( 0.8922005383792717126, 1.545336663013187284, 0.07916666666667400432 ) ) ;
#426 = CARTESIAN_POINT ( 'NONE',  ( 0.8922005383792718236, 1.545336663013187284, 0.6916666666666733132 ) ) ;
#427 = ORIENTED_EDGE ( 'NONE', *, *, #1184, .T. ) ;
#428 = CARTESIAN_POINT ( 'NONE',  ( 1.261356100933071378, -0.2636244833933361065, 5.519999999999999574 ) ) ;
#429 = FACE_OUTER_BOUND ( 'NONE', #4299, .T. ) ;
#430 = EDGE_CURVE ( 'NONE', #3775, #1300, #1984, .T. ) ;
#431 = EDGE_CURVE ( 'NONE', #1841, #3348, #2104, .T. ) ;
#432 = CARTESIAN_POINT ( 'NONE',  ( -0.8922005383792713795, -1.545336663013218148, -3.770833333333325488 ) ) ;
#433 = CARTESIAN_POINT ( 'NONE',  ( -1.338300807568906459, -0.7726683315066156243, -6.716666666666658791 ) ) ;
#434 = CARTESIAN_POINT ( 'NONE',  ( 0.000000000000000000, -2.000000000000001332, 6.599999999999999645 ) ) ;
#435 = EDGE_LOOP ( 'NONE', ( #3493, #3158, #1840, #125, #679 ) ) ;
#436 = EDGE_CURVE ( 'NONE', #5348, #1920, #1502, .T. ) ;
#437 = CARTESIAN_POINT ( 'NONE',  ( -1.732050807568891626, -1.000000000000022649, -4.879166666666663765 ) ) ;
#438 = DIRECTION ( 'NONE',  ( 0.000000000000000000, -1.000000000000000000, 0.000000000000000000 ) ) ;
#439 = CARTESIAN_POINT ( 'NONE',  ( 0.8922005383792704913, -1.545336663013218370, -6.454166666666658614 ) ) ;
#440 = EDGE_LOOP ( 'NONE', ( #5159, #404, #1468, #2869 ) ) ;
#441 = CARTESIAN_POINT ( 'NONE',  ( -0.8922005383792707134, 1.545336663013187062, 2.908333333333339432 ) ) ;
#442 = PERSON_AND_ORGANIZATION_ROLE ( 'design_owner' ) ;
#443 = CARTESIAN_POINT ( 'NONE',  ( -2.449293598294727122E-16, -2.000000000000030642, -5.550000000000002487 ) ) ;
#444 = CARTESIAN_POINT ( 'NONE',  ( -1.892491597964171594E-16, -1.545336663013218814, -0.2124999999999926392 ) ) ;
#445 = VERTEX_POINT ( 'NONE', #1465 ) ;
#446 = CARTESIAN_POINT ( 'NONE',  ( -0.2527098193568702578, 2.030507742538261162, 5.510698694931665642 ) ) ;
#447 = CARTESIAN_POINT ( 'NONE',  ( 1.338300807568906015, -0.7726683315066179558, 2.616666666666672025 ) ) ;
#448 = CARTESIAN_POINT ( 'NONE',  ( -0.8922005383792713795, -1.545336663013217704, -4.558333333333325577 ) ) ;
#449 = CARTESIAN_POINT ( 'NONE',  ( -2.495693764988950272E-16, -2.037888611415607620, -2.028124999999999734 ) ) ;
#450 = CARTESIAN_POINT ( 'NONE',  ( -0.8922005383792708244, 1.545336663013188394, -3.304166666666659147 ) ) ;
#451 = CARTESIAN_POINT ( 'NONE',  ( -0.8922005383792713795, -1.545336663013218370, -0.3583333333333268977 ) ) ;
#452 = ORIENTED_EDGE ( 'NONE', *, *, #2434, .T. ) ;
#453 = CARTESIAN_POINT ( 'NONE',  ( -1.732050807568891626, -1.000000000000023315, 0.02083333333333533058 ) ) ;
#454 = CARTESIAN_POINT ( 'NONE',  ( -1.732050807568891404, 0.9999999999999935607, -2.983333333333335613 ) ) ;
#455 = CARTESIAN_POINT ( 'NONE',  ( 0.000000000000000000, 1.545336663013188838, -6.862499999999991829 ) ) ;
#456 = CONICAL_SURFACE ( 'NONE', #284, 2.159999999999992149, 0.1047197551196600018 ) ;
#457 = CARTESIAN_POINT ( 'NONE',  ( 0.000000000000000000, 2.000000000000002220, -5.900000000000001243 ) ) ;
#458 = LINE ( 'NONE', #3437, #2190 ) ;
#459 = ORIENTED_EDGE ( 'NONE', *, *, #2469, .T. ) ;
#460 = AXIS2_PLACEMENT_3D ( 'NONE', #343, #283, #4620 ) ;
#461 = CARTESIAN_POINT ( 'NONE',  ( -0.2785322625646555195, -2.103356807430396547, 6.235777398414733774 ) ) ;
#462 = CARTESIAN_POINT ( 'NONE',  ( -2.217680664207158656E-16, -1.810873686806034888, 2.740807872166600045 ) ) ;
#463 = ORIENTED_EDGE ( 'NONE', *, *, #302, .F. ) ;
#464 = EDGE_CURVE ( 'NONE', #1137, #1232, #1106, .T. ) ;
#465 = AXIS2_PLACEMENT_3D ( 'NONE', #4575, #2463, #3358 ) ;
#466 = CARTESIAN_POINT ( 'NONE',  ( 0.000000000000000000, 1.145333991425690651E-15, -6.599999999999999645 ) ) ;
#467 = CARTESIAN_POINT ( 'NONE',  ( 0.8922005383792716016, 1.545336663013187062, 2.091666666666672114 ) ) ;
#468 = CARTESIAN_POINT ( 'NONE',  ( -1.082708096909055007, -1.102637102105849864, -6.600000000000000533 ) ) ;
#469 = CARTESIAN_POINT ( 'NONE',  ( -1.338300807568906459, -0.7726683315066162905, -2.429166666666659147 ) ) ;
#470 = EDGE_LOOP ( 'NONE', ( #1992, #369, #5144, #1335 ) ) ;
#471 = FACE_OUTER_BOUND ( 'NONE', #1257, .T. ) ;
#472 = CARTESIAN_POINT ( 'NONE',  ( 0.2686973489398101211, 1.625158959286668869, 2.276041923873487693 ) ) ;
#473 = CARTESIAN_POINT ( 'NONE',  ( 1.784401076758541871, -1.579509911700650793E-14, 1.275000000000005462 ) ) ;
#474 = CARTESIAN_POINT ( 'NONE',  ( -1.338300807568906459, 0.7726683315065872026, -4.733333333333325399 ) ) ;
#475 = CARTESIAN_POINT ( 'NONE',  ( 0.8922005383792704913, -1.545336663013218814, -0.9416666666666602126 ) ) ;
#476 = DIRECTION ( 'NONE',  ( 1.224646799147353207E-16, 1.000000000000000000, 0.000000000000000000 ) ) ;
#477 = ORIENTED_EDGE ( 'NONE', *, *, #3253, .F. ) ;
#478 = CARTESIAN_POINT ( 'NONE',  ( 0.2532255821977499322, 1.978416243866736979, 5.515605850571559721 ) ) ;
#479 = CARTESIAN_POINT ( 'NONE',  ( 1.732050807568892292, 0.9999999999999917843, -4.529166666666663232 ) ) ;
#480 = CARTESIAN_POINT ( 'NONE',  ( 0.8922005383792717126, 1.545336663013188172, -5.520833333333325044 ) ) ;
#481 = CARTESIAN_POINT ( 'NONE',  ( 1.338300807568905793, -0.7726683315066170676, -3.683333333333325577 ) ) ;
#482 = CARTESIAN_POINT ( 'NONE',  ( -0.8922005383792708244, 1.545336663013187728, 2.295833333333339610 ) ) ;
#483 = ORIENTED_EDGE ( 'NONE', *, *, #3324, .F. ) ;
#484 = CARTESIAN_POINT ( 'NONE',  ( 0.09954481797176369107, -1.554299448776277570, -6.599999999999994316 ) ) ;
#485 = FACE_OUTER_BOUND ( 'NONE', #435, .T. ) ;
#486 = CARTESIAN_POINT ( 'NONE',  ( 0.8922005383792704913, -1.545336663013218592, -5.754166666666658436 ) ) ;
#487 = AXIS2_PLACEMENT_3D ( 'NONE', #3562, #4816, #620 ) ;
#488 = CARTESIAN_POINT ( 'NONE',  ( 1.338300807568906903, 0.7726683315065850932, 0.6333333333333390769 ) ) ;
#489 =( LENGTH_UNIT ( ) NAMED_UNIT ( * ) SI_UNIT ( .MILLI., .METRE. ) );
#490 = B_SPLINE_CURVE_WITH_KNOTS ( 'NONE', 3,
 ( #1197, #3247, #2920, #2073, #4497, #4941, #2829 ),
 .UNSPECIFIED., .F., .F.,
 ( 4, 3, 4 ),
 ( 0.000000000000000000, 0.0003736418555128517187, 0.0007396894177720657196 ),
 .UNSPECIFIED. ) ;
#491 = EDGE_CURVE ( 'NONE', #1051, #2688, #4458, .T. ) ;
#492 = CARTESIAN_POINT ( 'NONE',  ( 1.154700538379260788, 2.000000000000003553, -5.258333333333334636 ) ) ;
#493 = CARTESIAN_POINT ( 'NONE',  ( -0.8922005383792707134, 1.545336663013187950, -0.5041666666666593244 ) ) ;
#494 = ORIENTED_EDGE ( 'NONE', *, *, #4869, .T. ) ;
#495 =( BOUNDED_SURFACE ( )  B_SPLINE_SURFACE ( 3, 2, ( 
 ( #2492, #3302, #5521 ),
 ( #3404, #1614, #4214 ),
 ( #1161, #3328, #3798 ),
 ( #4270, #5074, #4629 ) ),
 .UNSPECIFIED., .F., .F., .F. ) 
 B_SPLINE_SURFACE_WITH_KNOTS ( ( 4, 4 ),
 ( 3, 3 ),
 ( 0.001250477661338169613, 0.001999041274943521088 ),
 ( 0.000000000000000000, 1.000000000000000000 ),
 .UNSPECIFIED. ) 
 GEOMETRIC_REPRESENTATION_ITEM ( )  RATIONAL_B_SPLINE_SURFACE ( (
 ( 1.000000000000000000, 0.7555429849918670060, 1.000000000000000000),
 ( 1.000000000000000000, 0.7519723181859497840, 1.000000000000000000),
 ( 1.000000000000000000, 0.7482425854512777530, 1.000000000000000000),
 ( 1.000000000000000000, 0.7443298147531762776, 1.000000000000000000) ) ) 
 REPRESENTATION_ITEM ( '' )  SURFACE ( )  );
#496 = CARTESIAN_POINT ( 'NONE',  ( -0.7508616654473474483, -1.384240384857946538, 6.530735867793092453 ) ) ;
#497 = CARTESIAN_POINT ( 'NONE',  ( 0.9951726122340979197, 1.279495106025601237, 2.203564052700110576 ) ) ;
#498 = ADVANCED_FACE ( 'NONE', ( #4096 ), #4489, .T. ) ;
#499 = CARTESIAN_POINT ( 'NONE',  ( 0.8922005383792717126, 1.545336663013187062, 1.391666666666672381 ) ) ;
#500 = CARTESIAN_POINT ( 'NONE',  ( -1.338300807568906459, 0.7726683315065874247, -6.133333333333325754 ) ) ;
#501 = CARTESIAN_POINT ( 'NONE',  ( 0.8922005383792717126, 1.545336663013187284, 0.7791666666666741126 ) ) ;
#502 = FACE_OUTER_BOUND ( 'NONE', #5430, .T. ) ;
#503 = ORIENTED_EDGE ( 'NONE', *, *, #912, .T. ) ;
#504 = CARTESIAN_POINT ( 'NONE',  ( -0.8922005383792707134, 1.545336663013187950, 0.8958333333333398096 ) ) ;
#505 = CARTESIAN_POINT ( 'NONE',  ( 1.468843810168229957, 0.4801700359073294844, 2.011250895266602168 ) ) ;
#506 = CARTESIAN_POINT ( 'NONE',  ( 1.784401076758541871, -1.486283674115557999E-14, -6.337499999999990585 ) ) ;
#507 = CARTESIAN_POINT ( 'NONE',  ( 0.000000000000000000, 1.545336663013188172, -4.149999999999992362 ) ) ;
#508 = CARTESIAN_POINT ( 'NONE',  ( -0.8922005383792713795, -1.545336663013218592, 2.529166666666672114 ) ) ;
#509 = CARTESIAN_POINT ( 'NONE',  ( -0.2274517295774489412, 2.059393133959866340, 5.761622436611165021 ) ) ;
#510 = ORIENTED_EDGE ( 'NONE', *, *, #20, .T. ) ;
#511 = CARTESIAN_POINT ( 'NONE',  ( 1.403183985161739811, -0.8540749668510655424, -6.533465853479883734 ) ) ;
#512 = CARTESIAN_POINT ( 'NONE',  ( -2.081946249364011958, 0.3178112645239673517, 6.241296139684465061 ) ) ;
#513 = CARTESIAN_POINT ( 'NONE',  ( 1.338300807568906015, -0.7726683315066169566, -5.083333333333325932 ) ) ;
#514 = DIRECTION ( 'NONE',  ( 0.000000000000000000, 0.000000000000000000, 1.000000000000000000 ) ) ;
#515 = CARTESIAN_POINT ( 'NONE',  ( -1.338300807568906459, -0.7726683315066160684, -4.529166666666658791 ) ) ;
#516 = DIRECTION ( 'NONE',  ( 1.000000000000000000, 0.000000000000000000, 0.000000000000000000 ) ) ;
#517 = ADVANCED_FACE ( 'NONE', ( #1551 ), #2398, .T. ) ;
#518 = EDGE_CURVE ( 'NONE', #4874, #4614, #4892, .T. ) ;
#519 = ORIENTED_EDGE ( 'NONE', *, *, #4826, .F. ) ;
#520 = LINE ( 'NONE', #2162, #2175 ) ;
#521 = FACE_OUTER_BOUND ( 'NONE', #2881, .T. ) ;
#522 = CARTESIAN_POINT ( 'NONE',  ( 1.991935950791007714, -0.2525715775880453262, 5.519999999999999574 ) ) ;
#523 = CARTESIAN_POINT ( 'NONE',  ( -2.309401076758522020, -1.446864716571625755E-14, -5.725000000000002309 ) ) ;
#524 = CARTESIAN_POINT ( 'NONE',  ( -1.892491597964171594E-16, -1.545336663013218814, 0.4875000000000074829 ) ) ;
#525 = ADVANCED_FACE ( 'NONE', ( #5318 ), #3297, .T. ) ;
#526 = CARTESIAN_POINT ( 'NONE',  ( -2.092548449072058503, -0.2658503485052939874, 6.117992798236015162 ) ) ;
#527 = ORIENTED_EDGE ( 'NONE', *, *, #1329, .T. ) ;
#528 = CARTESIAN_POINT ( 'NONE',  ( 2.309401076758522464, -1.551649197020047979E-14, -1.787499999999998312 ) ) ;
#529 = CARTESIAN_POINT ( 'NONE',  ( -2.309401076758522020, -1.481154826947751155E-14, -2.925000000000002043 ) ) ;
#530 = CARTESIAN_POINT ( 'NONE',  ( -0.8922005383792708244, 1.545336663013188394, -4.004166666666658436 ) ) ;
#531 = CARTESIAN_POINT ( 'NONE',  ( 1.338300807568906903, 0.7726683315065857593, -4.266666666666659502 ) ) ;
#532 = CARTESIAN_POINT ( 'NONE',  ( 1.764863307568898643, 1.018944305707779163, 3.805208333333333304 ) ) ;
#533 = DIRECTION ( 'NONE',  ( -0.000000000000000000, -1.224646799147353207E-16, 1.000000000000000000 ) ) ;
#534 = VERTEX_POINT ( 'NONE', #3237 ) ;
#535 = ORIENTED_EDGE ( 'NONE', *, *, #1255, .F. ) ;
#536 = B_SPLINE_CURVE_WITH_KNOTS ( 'NONE', 3,
 ( #4438, #3987, #3106, #2712 ),
 .UNSPECIFIED., .F., .F.,
 ( 4, 4 ),
 ( 1.533293416683374186E-19, 0.0003018712239909428154 ),
 .UNSPECIFIED. ) ;
#537 = CARTESIAN_POINT ( 'NONE',  ( -0.3304964993397684903, -2.050508967701204277, 6.251419360979167728 ) ) ;
#538 = CARTESIAN_POINT ( 'NONE',  ( -2.097688122752417783, 0.2973012310802513603, 6.236861590283160339 ) ) ;
#539 = CARTESIAN_POINT ( 'NONE',  ( 1.338300807568907125, 0.7726683315065857593, -3.479166666666658525 ) ) ;
#540 = APPROVAL_ROLE ( '' ) ;
#541 = CARTESIAN_POINT ( 'NONE',  ( 0.000000000000000000, 1.545336663013188394, -4.062499999999991118 ) ) ;
#542 = AXIS2_PLACEMENT_3D ( 'NONE', #1334, #3464, #1308 ) ;
#543 = DIRECTION ( 'NONE',  ( 0.02078751127481425626, -0.1045058763748858838, 0.9943069954385901354 ) ) ;
#544 = CARTESIAN_POINT ( 'NONE',  ( 1.784401076758541871, -1.537718839679747203E-14, -2.137499999999992628 ) ) ;
#545 = ORIENTED_EDGE ( 'NONE', *, *, #2533, .F. ) ;
#546 = CARTESIAN_POINT ( 'NONE',  ( 0.000000000000000000, 2.000000000000001332, 0.4875000000000021538 ) ) ;
#547 = VECTOR ( 'NONE', #4615, 1000.000000000000227 ) ;
#548 = CARTESIAN_POINT ( 'NONE',  ( 2.309401076758522464, -1.603084362584237498E-14, 2.412500000000001865 ) ) ;
#549 = CARTESIAN_POINT ( 'NONE',  ( 0.2481966127153984458, -1.813771994470548155, -6.335910981046123602 ) ) ;
#550 = EDGE_CURVE ( 'NONE', #1734, #1332, #4900, .T. ) ;
#551 = CARTESIAN_POINT ( 'NONE',  ( 0.5796835725955160612, 0.7889479297504682354, 6.578166142129787453 ) ) ;
#552 = CARTESIAN_POINT ( 'NONE',  ( -1.338300807568906459, 0.7726683315065867586, -0.5333333333333266646 ) ) ;
#553 = CARTESIAN_POINT ( 'NONE',  ( -0.3113602013403073410, 2.088695121407182942, 6.239289767354727623 ) ) ;
#554 = ORIENTED_EDGE ( 'NONE', *, *, #5019, .T. ) ;
#555 = CARTESIAN_POINT ( 'NONE',  ( 0.8922005383792703803, -1.545336663013219480, 1.245833333333339565 ) ) ;
#556 = CARTESIAN_POINT ( 'NONE',  ( 0.3826980794443283762, 1.234094626827384023, 6.467413237156726780 ) ) ;
#557 = CARTESIAN_POINT ( 'NONE',  ( 1.154700538379262342, -2.000000000000029310, 0.1958333333333349413 ) ) ;
#558 = EDGE_CURVE ( 'NONE', #2948, #360, #4991, .T. ) ;
#559 =( BOUNDED_CURVE ( )  B_SPLINE_CURVE ( 2, ( #771, #2882, #4574, #2097, #1218, #741, #3740, #2514, #5024, #5437, #2491, #1191, #4188, #3273, #4213, #2967, #378, #5495, #3382, #5073, #1241, #4652, #824 ),
 .UNSPECIFIED., .F., .F. ) 
 B_SPLINE_CURVE_WITH_KNOTS ( ( 3, 2, 2, 2, 2, 2, 2, 2, 2, 2, 2, 3 ),
 ( 0.1666666666666666574, 0.1944444444444444475, 0.2222222222222222099, 0.2500000000000000000, 0.2777777777777777901, 0.3055555555555555802, 0.3333333333333333148, 0.3611111111111111049, 0.3888888888888888951, 0.4166666666666666297, 0.4444444444444444198, 0.4665906863971023277 ),
 .UNSPECIFIED. ) 
 CURVE ( )  GEOMETRIC_REPRESENTATION_ITEM ( )  RATIONAL_B_SPLINE_CURVE ( ( 1.000000000000000000, 0.8660254037844387076, 1.000000000000000000, 0.8660254037844387076, 1.000000000000000000, 0.8660254037844387076, 1.000000000000000000, 0.8660254037844387076, 1.000000000000000000, 0.8660254037844387076, 1.000000000000000000, 0.8660254037844387076, 1.000000000000000000, 0.8660254037844387076, 1.000000000000000000, 0.8660254037844387076, 1.000000000000000000, 0.8660254037844387076, 1.000000000000000000, 0.8660254037844387076, 1.000000000000000000, 0.8931867823612189561, 0.9566903827555037765 ) ) 
 REPRESENTATION_ITEM ( '' )  );
#560 = CARTESIAN_POINT ( 'NONE',  ( 0.000000000000000000, 2.037888611415578755, -7.234375000000001776 ) ) ;
#561 = CARTESIAN_POINT ( 'NONE',  ( -1.784401076758541871, -1.524017464917908772E-14, 0.3125000000000063283 ) ) ;
#562 = CARTESIAN_POINT ( 'NONE',  ( 0.000000000000000000, 1.145333991425690651E-15, -6.599999999999999645 ) ) ;
#563 = VERTEX_POINT ( 'NONE', #1917 ) ;
#564 = CARTESIAN_POINT ( 'NONE',  ( -0.2536874259130692533, -1.985340245443576901, 5.519999999999999574 ) ) ;
#565 = CARTESIAN_POINT ( 'NONE',  ( 0.000000000000000000, 1.545336663013187506, 3.637500000000006395 ) ) ;
#566 = CARTESIAN_POINT ( 'NONE',  ( -0.3303100945300632141, -2.052058483480991402, 6.250900785985005648 ) ) ;
#567 = CARTESIAN_POINT ( 'NONE',  ( 0.3502066986637452084, 1.381458624468315355, 6.438319537806444615 ) ) ;
#568 = CARTESIAN_POINT ( 'NONE',  ( -0.8922005383792708244, 1.545336663013188394, -4.004166666666658436 ) ) ;
#569 = DIRECTION ( 'NONE',  ( -0.3805870524817656642, 0.9188184237650792729, 0.1045284632676538455 ) ) ;
#570 = SECURITY_CLASSIFICATION_LEVEL ( 'unclassified' ) ;
#571 = CARTESIAN_POINT ( 'NONE',  ( -2.072835460008757291, -0.3240004585798144099, 6.244117629312498252 ) ) ;
#572 = FACE_OUTER_BOUND ( 'NONE', #47, .T. ) ;
#573 = CARTESIAN_POINT ( 'NONE',  ( 1.176575538379266428, 2.037888611415576978, 1.063541666666667940 ) ) ;
#574 = EDGE_LOOP ( 'NONE', ( #2542, #4040, #1178, #1879 ) ) ;
#575 = CARTESIAN_POINT ( 'NONE',  ( -2.449293598294727122E-16, -2.000000000000031530, -1.262499999999998401 ) ) ;
#576 = CARTESIAN_POINT ( 'NONE',  ( -1.011454178798103509, 1.270790003482379804, 2.188550205702275875 ) ) ;
#577 = CARTESIAN_POINT ( 'NONE',  ( 0.4946642279491832994, -1.798545250574018262, -6.301179298334449008 ) ) ;
#578 = CARTESIAN_POINT ( 'NONE',  ( 0.2831209356723913828, 1.214287501422803395, 5.519999999999999574 ) ) ;
#579 = CARTESIAN_POINT ( 'NONE',  ( -0.8922005383792713795, -1.545336663013218148, -2.458333333333326376 ) ) ;
#580 = CARTESIAN_POINT ( 'NONE',  ( -2.081652904448892727, -0.2531639068560530559, 6.000216650052478506 ) ) ;
#581 = ORIENTED_EDGE ( 'NONE', *, *, #2391, .T. ) ;
#582 = CARTESIAN_POINT ( 'NONE',  ( -0.4495040209065361281, 1.605184821440727605, 2.334857798443024990 ) ) ;
#583 = CARTESIAN_POINT ( 'NONE',  ( -1.338300807568906237, 0.7726683315065868696, -2.633333333333327086 ) ) ;
#584 = CARTESIAN_POINT ( 'NONE',  ( -0.8922005383792713795, -1.545336663013218592, 1.129166666666672647 ) ) ;
#585 = CARTESIAN_POINT ( 'NONE',  ( 1.784401076758541649, -1.519502218542430318E-14, -3.624999999999992895 ) ) ;
#586 = CARTESIAN_POINT ( 'NONE',  ( 1.784401076758541871, -1.580581477649904820E-14, 1.362500000000006262 ) ) ;
#587 = CYLINDRICAL_SURFACE ( 'NONE', #1919, 2.000000000000000888 ) ;
#588 = EDGE_LOOP ( 'NONE', ( #124, #5001, #4260, #3518 ) ) ;
#589 = EDGE_CURVE ( 'NONE', #4125, #1841, #4968, .T. ) ;
#590 = EDGE_CURVE ( 'NONE', #5304, #3306, #36, .T. ) ;
#591 = ORIENTED_EDGE ( 'NONE', *, *, #4336, .F. ) ;
#592 = CARTESIAN_POINT ( 'NONE',  ( 1.764863307568898643, 1.018944305707779385, 2.448958333333329573 ) ) ;
#593 = CARTESIAN_POINT ( 'NONE',  ( 0.000000000000000000, 2.037888611415578755, -6.578124999999998224 ) ) ;
#594 =( BOUNDED_CURVE ( )  B_SPLINE_CURVE ( 2, ( #3613, #2364, #2813, #5397, #1970, #1457, #698 ),
 .UNSPECIFIED., .F., .F. ) 
 B_SPLINE_CURVE_WITH_KNOTS ( ( 3, 2, 2, 3 ),
 ( 0.1666666666666667684, 0.1944444444444445308, 0.2222222222222222376, 0.2500000000000000000 ),
 .UNSPECIFIED. ) 
 CURVE ( )  GEOMETRIC_REPRESENTATION_ITEM ( )  RATIONAL_B_SPLINE_CURVE ( ( 0.9999999999999994449, 0.8660254037844392627, 1.000000000000000000, 0.8660254037844387076, 1.000000000000000000, 0.8660254037844387076, 1.000000000000000000 ) ) 
 REPRESENTATION_ITEM ( '' )  );
#595 = CARTESIAN_POINT ( 'NONE',  ( -0.2494773786585851860, -1.992009932402334371, -6.170490067597608430 ) ) ;
#596 = CARTESIAN_POINT ( 'NONE',  ( 0.000000000000000000, 2.000000000000001776, -4.412499999999996980 ) ) ;
#597 = CARTESIAN_POINT ( 'NONE',  ( 1.784401076758541871, -1.493784635760335874E-14, -5.724999999999991651 ) ) ;
#598 = CARTESIAN_POINT ( 'NONE',  ( 0.000000000000000000, 2.000000000000001332, -0.3000000000000029310 ) ) ;
#599 = EDGE_CURVE ( 'NONE', #4844, #3367, #4571, .T. ) ;
#600 = COORDINATED_UNIVERSAL_TIME_OFFSET ( 6, 0, .BEHIND. ) ;
#601 = ORIENTED_EDGE ( 'NONE', *, *, #2114, .T. ) ;
#602 = CARTESIAN_POINT ( 'NONE',  ( -1.338300807568906459, -0.7726683315066160684, -3.829166666666658614 ) ) ;
#603 = PRODUCT_DEFINITION_SHAPE ( 'NONE', 'NONE',  #354 ) ;
#604 = CARTESIAN_POINT ( 'NONE',  ( 0.2536874259130644793, -1.978834712860429557, 5.519999999999999574 ) ) ;
#605 = EDGE_LOOP ( 'NONE', ( #3363, #1142, #333, #2815 ) ) ;
#606 = CARTESIAN_POINT ( 'NONE',  ( -1.176575538379264874, 2.037888611415577866, 0.4802083333333346804 ) ) ;
#607 = ORIENTED_EDGE ( 'NONE', *, *, #368, .F. ) ;
#608 = DIRECTION ( 'NONE',  ( 0.000000000000000000, -0.1045284632676536929, -0.9945218953682734009 ) ) ;
#609 = DIRECTION ( 'NONE',  ( -0.000000000000000000, -1.224646799147353207E-16, 1.000000000000000000 ) ) ;
#610 = CARTESIAN_POINT ( 'NONE',  ( -0.2143225729869037977, 2.034153965820721943, 5.519999999999999574 ) ) ;
#611 = CARTESIAN_POINT ( 'NONE',  ( 0.4669733377747116720, -1.856548496436512652, 3.015354596820341460 ) ) ;
#612 = CARTESIAN_POINT ( 'NONE',  ( 1.764863307568897088, -1.018944305707812914, 1.588541666666666519 ) ) ;
#613 = ORIENTED_EDGE ( 'NONE', *, *, #3678, .F. ) ;
#614 = CARTESIAN_POINT ( 'NONE',  ( 1.214287501422803617, 0.2831209356723929371, 5.519999999999999574 ) ) ;
#615 = CARTESIAN_POINT ( 'NONE',  ( -1.784401076758541649, -1.514373371374622843E-14, -0.4749999999999936495 ) ) ;
#616 = CARTESIAN_POINT ( 'NONE',  ( -1.764863307568897977, -1.018944305707810694, -5.601041666666668917 ) ) ;
#617 = CARTESIAN_POINT ( 'NONE',  ( 2.449293598294707893E-16, 2.000000000000000444, 6.599999999999999645 ) ) ;
#618 = CARTESIAN_POINT ( 'NONE',  ( 0.2536874259130644793, -1.978834712860429557, 5.519999999999999574 ) ) ;
#619 = ORIENTED_EDGE ( 'NONE', *, *, #436, .T. ) ;
#620 = DIRECTION ( 'NONE',  ( 0.000000000000000000, -1.000000000000000000, 0.000000000000000000 ) ) ;
#621 = CARTESIAN_POINT ( 'NONE',  ( -2.495693764988950272E-16, -2.037888611415608064, 1.515624999999996003 ) ) ;
#622 = CARTESIAN_POINT ( 'NONE',  ( -1.338300807568906459, 0.7726683315065862034, 3.754166666666673091 ) ) ;
#623 = CARTESIAN_POINT ( 'NONE',  ( 1.645011135425284099, 0.3736420523982954545, -6.478910020635342271 ) ) ;
#624 = ADVANCED_FACE ( 'NONE', ( #4518 ), #2293, .T. ) ;
#625 = CARTESIAN_POINT ( 'NONE',  ( -2.076570482417932073, 0.3217390710198228532, 6.242948610872475435 ) ) ;
#626 = CARTESIAN_POINT ( 'NONE',  ( 1.338300807568907125, 0.7726683315065860924, -5.666666666666658969 ) ) ;
#627 = DIRECTION ( 'NONE',  ( -0.9238795325112867385, -0.3826834323650898928, 0.000000000000000000 ) ) ;
#628 = CARTESIAN_POINT ( 'NONE',  ( 0.8922005383792703803, -1.545336663013218814, -3.654166666666657903 ) ) ;
#629 = EDGE_CURVE ( 'NONE', #4750, #3442, #1897, .T. ) ;
#630 = CARTESIAN_POINT ( 'NONE',  ( 1.154700538379261898, -2.000000000000029310, -4.791666666666668739 ) ) ;
#631 = CARTESIAN_POINT ( 'NONE',  ( -1.176575538379264874, 2.037888611415577866, -0.2197916666666654140 ) ) ;
#632 = AXIS2_PLACEMENT_3D ( 'NONE', #1421, #3135, #992 ) ;
#633 = ORIENTED_EDGE ( 'NONE', *, *, #5171, .T. ) ;
#634 = CARTESIAN_POINT ( 'NONE',  ( -1.732050807568891404, 0.9999999999999928946, 2.704166666666668384 ) ) ;
#635 = CARTESIAN_POINT ( 'NONE',  ( -1.477293662802011909, 0.6851177870276679016, 2.229877079937637063 ) ) ;
#636 = CARTESIAN_POINT ( 'NONE',  ( 2.004218045021217254, -0.2482731141209589543, 5.519999999999999574 ) ) ;
#637 = CARTESIAN_POINT ( 'NONE',  ( -2.449293598294727122E-16, -2.000000000000031974, 2.849999999999995648 ) ) ;
#638 = CARTESIAN_POINT ( 'NONE',  ( 1.829143627113889226, -0.6670790309490938208, 3.105102069450832225 ) ) ;
#639 = VECTOR ( 'NONE', #1482, 1000.000000000000114 ) ;
#640 = CARTESIAN_POINT ( 'NONE',  ( 1.764863307568897088, -1.018944305707812914, 2.288541666666666696 ) ) ;
#641 = ORIENTED_EDGE ( 'NONE', *, *, #1000, .F. ) ;
#642 = CARTESIAN_POINT ( 'NONE',  ( 0.000000000000000000, 1.791612637214383241, -2.892187499999997691 ) ) ;
#643 = CARTESIAN_POINT ( 'NONE',  ( -1.338300807568906459, -0.7726683315066160684, -3.216666666666660124 ) ) ;
#644 = CARTESIAN_POINT ( 'NONE',  ( 0.7846828240533256782, -0.5754184668983788331, 6.525146117474438512 ) ) ;
#645 = AXIS2_PLACEMENT_3D ( 'NONE', #1205, #2502, #4200 ) ;
#646 = CARTESIAN_POINT ( 'NONE',  ( -1.764863307568897755, 1.018944305707781606, -3.617708333333335524 ) ) ;
#647 = DIRECTION ( 'NONE',  ( 0.000000000000000000, -1.000000000000000000, 0.000000000000000000 ) ) ;
#648 = DIRECTION ( 'NONE',  ( 0.3805870524817677736, 0.9188184237650783848, -0.1045284632676536929 ) ) ;
#649 = ORIENTED_EDGE ( 'NONE', *, *, #2945, .F. ) ;
#650 = CARTESIAN_POINT ( 'NONE',  ( -2.309401076758522464, -1.542234086055225657E-14, 2.062500000000002220 ) ) ;
#651 = CARTESIAN_POINT ( 'NONE',  ( 1.176575538379264652, -2.037888611415608953, 1.573958333333328907 ) ) ;
#652 = CARTESIAN_POINT ( 'NONE',  ( -0.2658503012168474400, -2.092548408769748569, 6.117992359039660322 ) ) ;
#653 = ORIENTED_EDGE ( 'NONE', *, *, #1861, .T. ) ;
#654 = CARTESIAN_POINT ( 'NONE',  ( -2.449293598294727122E-16, -2.000000000000031086, -2.662499999999998312 ) ) ;
#655 = CARTESIAN_POINT ( 'NONE',  ( -1.338300807568906459, 0.7726683315065870916, -3.333333333333326376 ) ) ;
#656 = CARTESIAN_POINT ( 'NONE',  ( -2.309401076758522020, -1.515444937323876870E-14, -0.1250000000000035805 ) ) ;
#657 = PERSON_AND_ORGANIZATION ( #2497, #1810 ) ;
#658 = B_SPLINE_CURVE_WITH_KNOTS ( 'NONE', 3,
 ( #3821, #5098, #2071, #799 ),
 .UNSPECIFIED., .F., .F.,
 ( 4, 4 ),
 ( 0.000000000000000000, 0.0001536824029211852232 ),
 .UNSPECIFIED. ) ;
#659 = FACE_OUTER_BOUND ( 'NONE', #3819, .T. ) ;
#660 = CARTESIAN_POINT ( 'NONE',  ( -1.732050807568891404, 0.9999999999999935607, -3.683333333333335347 ) ) ;
#661 = CARTESIAN_POINT ( 'NONE',  ( -1.784401076758541871, -1.498299882135814013E-14, -1.787499999999992761 ) ) ;
#662 = ORIENTED_EDGE ( 'NONE', *, *, #5178, .F. ) ;
#663 = CARTESIAN_POINT ( 'NONE',  ( 1.732050807568892292, 0.9999999999999913403, -1.029166666666664787 ) ) ;
#664 = EDGE_CURVE ( 'NONE', #1397, #1226, #594, .T. ) ;
#665 = CARTESIAN_POINT ( 'NONE',  ( -0.4945611972164576930, -0.7038255543714110329, 5.519999999999999574 ) ) ;
#666 = CARTESIAN_POINT ( 'NONE',  ( -1.789660398381950124, -0.5212277868651027379, 2.875986935299012170 ) ) ;
#667 = CARTESIAN_POINT ( 'NONE',  ( 1.338300807568907125, 0.7726683315065856483, -2.866666666666659591 ) ) ;
#668 = CARTESIAN_POINT ( 'NONE',  ( 0.8922005383792704913, -1.545336663013219258, 0.4583333333333396431 ) ) ;
#669 = FACE_OUTER_BOUND ( 'NONE', #3070, .T. ) ;
#670 = VERTEX_POINT ( 'NONE', #4114 ) ;
#671 = CARTESIAN_POINT ( 'NONE',  ( -1.389489796555248402, 1.002894730470912821, 2.432650995666055138 ) ) ;
#672 = EDGE_CURVE ( 'NONE', #4836, #2857, #3705, .T. ) ;
#673 = CARTESIAN_POINT ( 'NONE',  ( 0.8922005383792716016, 1.545336663013187284, -2.108333333333326731 ) ) ;
#674 = CARTESIAN_POINT ( 'NONE',  ( 0.8922005383792717126, 1.545336663013187284, 0.7791666666666732244 ) ) ;
#675 = CARTESIAN_POINT ( 'NONE',  ( -2.495693764988950272E-16, -2.037888611415607620, -4.784375000000002487 ) ) ;
#676 = CARTESIAN_POINT ( 'NONE',  ( 1.913510623667745565E-16, 1.562500000000006217, -6.599999999999999645 ) ) ;
#677 = CIRCLE ( 'NONE', #4613, 6.359696215217525150 ) ;
#678 = CARTESIAN_POINT ( 'NONE',  ( 0.8922005383792718236, 1.545336663013187728, -2.108333333333326731 ) ) ;
#679 = ORIENTED_EDGE ( 'NONE', *, *, #3246, .F. ) ;
#680 = VERTEX_POINT ( 'NONE', #4479 ) ;
#681 = CARTESIAN_POINT ( 'NONE',  ( 1.176575538379266428, 2.037888611415576534, 2.507291666666662699 ) ) ;
#682 =( BOUNDED_CURVE ( )  B_SPLINE_CURVE ( 2, ( #2410, #719, #660, #2859, #4138, #751, #4553 ),
 .UNSPECIFIED., .F., .F. ) 
 B_SPLINE_CURVE_WITH_KNOTS ( ( 3, 2, 2, 3 ),
 ( 0.6666666666666667407, 0.6944444444444445308, 0.7222222222222223209, 0.7500000000000001110 ),
 .UNSPECIFIED. ) 
 CURVE ( )  GEOMETRIC_REPRESENTATION_ITEM ( )  RATIONAL_B_SPLINE_CURVE ( ( 0.9999999999999994449, 0.8660254037844392627, 1.000000000000000000, 0.8660254037844387076, 1.000000000000000000, 0.8660254037844381525, 1.000000000000000444 ) ) 
 REPRESENTATION_ITEM ( '' )  );
#683 = FACE_OUTER_BOUND ( 'NONE', #5175, .T. ) ;
#684 = CARTESIAN_POINT ( 'NONE',  ( 0.2013947372879189290, 2.036553692936426962, 5.519999999999999574 ) ) ;
#685 = FACE_OUTER_BOUND ( 'NONE', #1553, .T. ) ;
#686 = VERTEX_POINT ( 'NONE', #5337 ) ;
#687 = FACE_OUTER_BOUND ( 'NONE', #2958, .T. ) ;
#688 = DIRECTION ( 'NONE',  ( 0.000000000000000000, -1.000000000000000000, -2.194741239849200330E-16 ) ) ;
#689 = CARTESIAN_POINT ( 'NONE',  ( 1.338300807568907125, 0.7726683315065852042, 0.7208333333333402093 ) ) ;
#690 = B_SPLINE_CURVE_WITH_KNOTS ( 'NONE', 3,
 ( #3510, #5208, #1384, #2736, #5181, #1039, #1358 ),
 .UNSPECIFIED., .F., .F.,
 ( 4, 3, 4 ),
 ( 1.742330095302998896E-18, 0.0003736418555128516103, 0.0007396894177720647438 ),
 .UNSPECIFIED. ) ;
#691 = ORIENTED_EDGE ( 'NONE', *, *, #5143, .T. ) ;
#692 = CARTESIAN_POINT ( 'NONE',  ( 0.5796835725955152840, -0.7889479297504703448, 6.578166142129787453 ) ) ;
#693 = DIRECTION ( 'NONE',  ( -0.02078751127481425973, 0.1045058763748858977, -0.9943069954385902465 ) ) ;
#694 = DIRECTION ( 'NONE',  ( -4.188538737677001009E-17, -0.3420201433256696011, 0.9396926207859082059 ) ) ;
#695 = LINE ( 'NONE', #1542, #1083 ) ;
#696 = EDGE_CURVE ( 'NONE', #981, #3272, #3962, .T. ) ;
#697 = EDGE_CURVE ( 'NONE', #889, #1734, #5212, .T. ) ;
#698 = CARTESIAN_POINT ( 'NONE',  ( -2.449293598294727122E-16, -2.000000000000031086, -2.050000000000003819 ) ) ;
#699 = CARTESIAN_POINT ( 'NONE',  ( 0.000000000000000000, 2.037888611415577422, 2.521875000000000089 ) ) ;
#700 = ORIENTED_EDGE ( 'NONE', *, *, #2499, .F. ) ;
#701 = CARTESIAN_POINT ( 'NONE',  ( -1.978834712860426226, 0.2536874259130892373, 5.519999999999999574 ) ) ;
#702 = CARTESIAN_POINT ( 'NONE',  ( 0.8922005383792703803, -1.545336663013218592, -2.341666666666660568 ) ) ;
#703 = CARTESIAN_POINT ( 'NONE',  ( 1.338300807568906015, -0.7726683315066177338, 0.5166666666666721586 ) ) ;
#704 = ADVANCED_FACE ( 'NONE', ( #340 ), #4780, .T. ) ;
#705 = CARTESIAN_POINT ( 'NONE',  ( -0.5551910469008710658, 2.000000000000000888, 3.228047223783235165 ) ) ;
#706 = CARTESIAN_POINT ( 'NONE',  ( 0.3306177738950006328, 2.048952037832950879, 6.251943368290260317 ) ) ;
#707 = CYLINDRICAL_SURFACE ( 'NONE', #3522, 0.3887999999999999234 ) ;
#708 = VERTEX_POINT ( 'NONE', #1076 ) ;
#709 = CARTESIAN_POINT ( 'NONE',  ( -1.154700538379255459, -2.000000000000043077, -4.120833333333330017 ) ) ;
#710 = CARTESIAN_POINT ( 'NONE',  ( 1.176575538379264652, -2.037888611415608509, 0.1739583333333292459 ) ) ;
#711 = CARTESIAN_POINT ( 'NONE',  ( 2.353151076758530191, -1.508786559049890677E-14, -5.353124999999998579 ) ) ;
#712 = ORIENTED_EDGE ( 'NONE', *, *, #2560, .F. ) ;
#713 = CARTESIAN_POINT ( 'NONE',  ( -2.511505655691384375E-16, -2.050799999999993961, 3.399999999999999467 ) ) ;
#714 = CARTESIAN_POINT ( 'NONE',  ( 1.732050807568892514, 0.9999999999999917843, -3.216666666666669450 ) ) ;
#715 = ORIENTED_EDGE ( 'NONE', *, *, #267, .F. ) ;
#716 =( BOUNDED_SURFACE ( )  B_SPLINE_SURFACE ( 3, 2, ( 
 ( #1990, #1565, #2860 ),
 ( #3721, #5418, #3309 ),
 ( #5005, #5127, #3947 ),
 ( #478, #3095, #926 ) ),
 .UNSPECIFIED., .F., .F., .F. ) 
 B_SPLINE_SURFACE_WITH_KNOTS ( ( 4, 4 ),
 ( 3, 3 ),
 ( 0.001250477661338161590, 0.001999041274943515016 ),
 ( 0.000000000000000000, 1.000000000000000000 ),
 .UNSPECIFIED. ) 
 GEOMETRIC_REPRESENTATION_ITEM ( )  RATIONAL_B_SPLINE_SURFACE ( (
 ( 1.000000000000000000, 0.7555429849918673391, 1.000000000000000000),
 ( 1.000000000000000000, 0.7519723181859491179, 1.000000000000000000),
 ( 1.000000000000000000, 0.7482425854512787522, 1.000000000000000000),
 ( 1.000000000000000000, 0.7443298147531766107, 1.000000000000000000) ) ) 
 REPRESENTATION_ITEM ( '' )  SURFACE ( )  );
#717 = CARTESIAN_POINT ( 'NONE',  ( -2.047395140491266474, 0.3306731578647451042, 6.252470311563133265 ) ) ;
#718 = EDGE_CURVE ( 'NONE', #3280, #960, #5352, .T. ) ;
#719 = CARTESIAN_POINT ( 'NONE',  ( -1.154700538379263453, 1.999999999999997335, -3.741666666666668473 ) ) ;
#720 = CARTESIAN_POINT ( 'NONE',  ( 0.000000000000000000, 1.545336663013187950, 0.1375000000000073941 ) ) ;
#721 = ORIENTED_EDGE ( 'NONE', *, *, #3571, .F. ) ;
#722 = FACE_OUTER_BOUND ( 'NONE', #263, .T. ) ;
#723 = DIRECTION ( 'NONE',  ( -0.000000000000000000, -1.224646799147353207E-16, 1.000000000000000000 ) ) ;
#724 = CARTESIAN_POINT ( 'NONE',  ( 1.468843810168229957, 0.4801700359073294844, 2.011250895266602168 ) ) ;
#725 = VECTOR ( 'NONE', #1113, 1000.000000000000000 ) ;
#726 = CARTESIAN_POINT ( 'NONE',  ( 0.000000000000000000, 2.000000000000000444, 3.260428147091725570 ) ) ;
#727 = CARTESIAN_POINT ( 'NONE',  ( -1.784401076758541871, -1.446864716571625440E-14, -5.987499999999991829 ) ) ;
#728 = CARTESIAN_POINT ( 'NONE',  ( 1.176575538379266428, 2.037888611415576978, 1.763541666666667007 ) ) ;
#729 = ORIENTED_EDGE ( 'NONE', *, *, #4704, .F. ) ;
#730 = CARTESIAN_POINT ( 'NONE',  ( 0.000000000000000000, 2.000000000000001776, -4.500000000000001776 ) ) ;
#731 = CIRCLE ( 'NONE', #4487, 3.951999999999998181 ) ;
#732 = CARTESIAN_POINT ( 'NONE',  ( 1.338300807568906903, 0.7726683315065850932, 0.6333333333333395210 ) ) ;
#733 = CARTESIAN_POINT ( 'NONE',  ( 1.784401076758541871, -1.570937384106619206E-14, 0.5750000000000056177 ) ) ;
#734 = CARTESIAN_POINT ( 'NONE',  ( 1.636890639581091378, 1.010519471882848075, 3.039889746182584229 ) ) ;
#735 = B_SPLINE_CURVE_WITH_KNOTS ( 'NONE', 3,
 ( #701, #2904, #4179, #1209, #2062, #4984, #2112, #5455, #2420, #2003, #3760, #814, #4564, #3702, #790, #2532 ),
 .UNSPECIFIED., .F., .F.,
 ( 4, 3, 3, 3, 3, 4 ),
 ( 0.000000000000000000, 1.951659774944416442E-05, 3.904046944299464190E-05, 5.846509702378348115E-05, 7.786063186805392250E-05, 8.495776698242419309E-05 ),
 .UNSPECIFIED. ) ;
#736 = VECTOR ( 'NONE', #4238, 1000.000000000000000 ) ;
#737 = CARTESIAN_POINT ( 'NONE',  ( -1.176575538379264874, 2.037888611415578310, -3.676041666666668650 ) ) ;
#738 = CARTESIAN_POINT ( 'NONE',  ( 1.732050807568892514, 0.9999999999999913403, 0.9833333333333295068 ) ) ;
#739 = DIRECTION ( 'NONE',  ( -0.000000000000000000, -0.8660254037844272723, 0.5000000000000197620 ) ) ;
#740 = ORIENTED_EDGE ( 'NONE', *, *, #879, .T. ) ;
#741 = CARTESIAN_POINT ( 'NONE',  ( -0.8922005383792713795, -1.545336663013218592, 1.041666666666672070 ) ) ;
#742 = CARTESIAN_POINT ( 'NONE',  ( -1.176575538379264874, 2.037888611415577422, 3.323958333333330017 ) ) ;
#743 = EDGE_CURVE ( 'NONE', #4166, #4408, #2684, .T. ) ;
#744 = VECTOR ( 'NONE', #4348, 999.9999999999998863 ) ;
#745 = CARTESIAN_POINT ( 'NONE',  ( 1.176575538379264652, -2.037888611415608064, -2.669791666666665009 ) ) ;
#746 = CARTESIAN_POINT ( 'NONE',  ( -2.004590400338926770, -0.2476865024443067054, 5.519999999999999574 ) ) ;
#747 = CARTESIAN_POINT ( 'NONE',  ( -1.892491597964171594E-16, -1.545336663013218370, -3.099999999999992539 ) ) ;
#748 = ORIENTED_EDGE ( 'NONE', *, *, #4300, .T. ) ;
#749 = ADVANCED_FACE ( 'NONE', ( #4608 ), #1617, .T. ) ;
#750 = CYLINDRICAL_SURFACE ( 'NONE', #2796, 0.3887999999999999790 ) ;
#751 = CARTESIAN_POINT ( 'NONE',  ( -1.154700538379259012, -2.000000000000035527, -3.508333333333335524 ) ) ;
#752 =( BOUNDED_SURFACE ( )  B_SPLINE_SURFACE ( 3, 2, ( 
 ( #2842, #1092, #1971 ),
 ( #3231, #1910, #230 ),
 ( #4148, #4061, #2814 ),
 ( #5426, #2785, #2392 ) ),
 .UNSPECIFIED., .F., .F., .F. ) 
 B_SPLINE_SURFACE_WITH_KNOTS ( ( 4, 4 ),
 ( 3, 3 ),
 ( 0.001395121500402774590, 0.002143684631125145502 ),
 ( 0.000000000000000000, 1.000000000000000000 ),
 .UNSPECIFIED. ) 
 GEOMETRIC_REPRESENTATION_ITEM ( )  RATIONAL_B_SPLINE_SURFACE ( (
 ( 1.000000000000000000, 0.7555429849812752563, 1.000000000000000000),
 ( 1.000000000000000000, 0.7519723191296986409, 1.000000000000000000),
 ( 1.000000000000000000, 0.7482425839126746192, 1.000000000000000000),
 ( 1.000000000000000000, 0.7443298147765735617, 1.000000000000000000) ) ) 
 REPRESENTATION_ITEM ( '' )  SURFACE ( )  );
#753 = CARTESIAN_POINT ( 'NONE',  ( -1.784401076758541871, -1.506872409729845284E-14, -1.087499999999992584 ) ) ;
#754 = CIRCLE ( 'NONE', #5299, 2.000000000000000444 ) ;
#755 = VERTEX_POINT ( 'NONE', #5029 ) ;
#756 = CARTESIAN_POINT ( 'NONE',  ( 2.015786671495917837, 0.2409104857557415602, 5.519999999999999574 ) ) ;
#757 = CARTESIAN_POINT ( 'NONE',  ( -1.732050807568891626, -1.000000000000023093, -2.079166666666664387 ) ) ;
#758 = CARTESIAN_POINT ( 'NONE',  ( 2.309401076758522020, -1.576295213852888396E-14, 0.2249999999999965083 ) ) ;
#759 = CARTESIAN_POINT ( 'NONE',  ( 0.000000000000000000, 1.301042606982605321E-15, 0.2380277281147412660 ) ) ;
#760 = CARTESIAN_POINT ( 'NONE',  ( -1.338300807568906459, 0.7726683315065874247, -6.045833333333324511 ) ) ;
#761 = CARTESIAN_POINT ( 'NONE',  ( -1.764863307568897977, -1.018944305707811582, 2.755208333333333037 ) ) ;
#762 = ORIENTED_EDGE ( 'NONE', *, *, #550, .F. ) ;
#763 = CARTESIAN_POINT ( 'NONE',  ( 2.309401076758522020, -1.610585324229014427E-14, 3.024999999999996358 ) ) ;
#764 = CARTESIAN_POINT ( 'NONE',  ( -1.764863307568897977, -1.018944305707810916, -3.501041666666670160 ) ) ;
#765 = CARTESIAN_POINT ( 'NONE',  ( 1.784401076758541871, -1.606299060431998949E-14, 3.462500000000006573 ) ) ;
#766 = CARTESIAN_POINT ( 'NONE',  ( 1.647344282538180771, -0.8854694738586622593, 2.892553106776517780 ) ) ;
#767 = CARTESIAN_POINT ( 'NONE',  ( 1.764863307568897088, -1.018944305707812248, -2.611458333333332771 ) ) ;
#768 = CARTESIAN_POINT ( 'NONE',  ( -0.8922005383792708244, 1.545336663013188172, -1.904166666666659236 ) ) ;
#769 = DIRECTION ( 'NONE',  ( -0.000000000000000000, -1.224646799147353207E-16, 1.000000000000000000 ) ) ;
#770 = ORIENTED_EDGE ( 'NONE', *, *, #3007, .F. ) ;
#771 = CARTESIAN_POINT ( 'NONE',  ( 0.000000000000000000, 1.545336663013187950, 0.7500000000000057732 ) ) ;
#772 = CARTESIAN_POINT ( 'NONE',  ( 1.154700538379260788, -2.000000000000032419, -0.5041666666666649865 ) ) ;
#773 = CARTESIAN_POINT ( 'NONE',  ( 1.764863307568897088, -1.018944305707812248, -3.311458333333331172 ) ) ;
#774 = CIRCLE ( 'NONE', #3374, 2.845788555603785408 ) ;
#775 = CARTESIAN_POINT ( 'NONE',  ( 1.732050807568892292, 0.9999999999999920064, -5.229166666666663410 ) ) ;
#776 = EDGE_CURVE ( 'NONE', #3000, #5064, #490, .T. ) ;
#777 = ADVANCED_FACE ( 'NONE', ( #685 ), #4326, .F. ) ;
#778 = CARTESIAN_POINT ( 'NONE',  ( 0.000000000000000000, 1.545336663013188394, -3.449999999999992628 ) ) ;
#779 = ORIENTED_EDGE ( 'NONE', *, *, #1255, .T. ) ;
#780 = DIRECTION ( 'NONE',  ( 0.07992773943613237786, 0.07992773943613247500, 0.9935910189495774647 ) ) ;
#781 = CARTESIAN_POINT ( 'NONE',  ( 0.3272491828024978733, 1.580801865900131942, 2.108690739374852186 ) ) ;
#782 = ADVANCED_FACE ( 'NONE', ( #881 ), #3849, .T. ) ;
#783 = ORIENTED_EDGE ( 'NONE', *, *, #3139, .T. ) ;
#784 = LINE ( 'NONE', #4083, #3161 ) ;
#785 = DIRECTION ( 'NONE',  ( 0.000000000000000000, -1.000000000000000000, -2.194741239849199837E-16 ) ) ;
#786 = CARTESIAN_POINT ( 'NONE',  ( -1.225980559642583456, 1.354050613503469558, 2.772913903206637887 ) ) ;
#787 =( BOUNDED_SURFACE ( )  B_SPLINE_SURFACE ( 1, 2, ( 
 ( #3619, #2281, #5343, #1517, #5258, #1407, #1096, #2819, #4516, #1008, #1434, #674, #1821, #2396, #3532, #5231, #4428, #584, #173, #3149, #4839, #2309, #4005, #1882, #3589, #1549, #4958, #4093, #2064, #1183, #2089, #1211, #792, #2456, #1578, #5431, #4207, #3790, #817, #5457, #4153, #2908, #1661, #3763, #3268, #2935, #5067, #3320, #1632, #318, #4598, #4567, #3350, #5017, #2874, #5042, #3375, #765, #2484, #2508, #4622, #3734, #371, #1235, #5488, #4182, #2037, #4646, #4120, #2961, #5401, #1127, #1607 ),
 ( #258, #1975, #4988, #2847, #346, #3672, #5373, #4540, #703, #733, #2424, #286, #2005, #3707, #3295, #1155, #1766, #5170, #5514, #3398, #2536, #473, #5147, #499, #1344, #4754, #843, #5121, #1738, #37, #5092, #1318, #398, #3473, #3453, #1260, #5196, #2194, #893, #2986, #3065, #4675, #2165, #2137, #447, #2115, #868, #920, #2564, #4263, #2643, #4781, #4342, #3039, #2217, #3013, #3919, #1686, #4727, #2614, #82, #3838, #1374, #422, #3090, #3497, #1789, #4236, #4313, #3814, #5, #1710, #4289 ) ),
 .UNSPECIFIED., .F., .F., .F. ) 
 B_SPLINE_SURFACE_WITH_KNOTS ( ( 2, 2 ),
 ( 3, 2, 2, 2, 2, 2, 2, 2, 2, 2, 2, 2, 2, 2, 2, 2, 2, 2, 2, 2, 2, 2, 2, 2, 2, 2, 2, 2, 2, 2, 2, 2, 2, 2, 2, 2, 3 ),
 ( 0.000000000000000000, 1.000000000000000000 ),
 ( 0.000000000000000000, 0.02777777777777777624, 0.05555555555555555247, 0.08333333333333332871, 0.1111111111111111049, 0.1388888888888888951, 0.1666666666666666574, 0.1944444444444444475, 0.2222222222222222099, 0.2500000000000000000, 0.2777777777777777901, 0.3055555555555555802, 0.3333333333333333148, 0.3611111111111111049, 0.3888888888888888951, 0.4166666666666666852, 0.4444444444444444198, 0.4722222222222222099, 0.5000000000000000000, 0.5277777777777777901, 0.5555555555555555802, 0.5833333333333333703, 0.6111111111111111605, 0.6388888888888888395, 0.6666666666666666297, 0.6944444444444444198, 0.7222222222222222099, 0.7500000000000000000, 0.7777777777777777901, 0.8055555555555555802, 0.8333333333333333703, 0.8611111111111111605, 0.8888888888888888395, 0.9166666666666666297, 0.9444444444444444198, 0.9722222222222222099, 1.000000000000000000 ),
 .UNSPECIFIED. ) 
 GEOMETRIC_REPRESENTATION_ITEM ( )  RATIONAL_B_SPLINE_SURFACE ( (
 ( 1.000000000000000000, 0.8660254037844387076, 1.000000000000000000, 0.8660254037844387076, 1.000000000000000000, 0.8660254037844387076, 1.000000000000000000, 0.8660254037844387076, 1.000000000000000000, 0.8660254037844387076, 1.000000000000000000, 0.8660254037844387076, 1.000000000000000000, 0.8660254037844387076, 1.000000000000000000, 0.8660254037844387076, 1.000000000000000000, 0.8660254037844387076, 1.000000000000000000, 0.8660254037844387076, 1.000000000000000000, 0.8660254037844387076, 1.000000000000000000, 0.8660254037844387076, 1.000000000000000000, 0.8660254037844387076, 1.000000000000000000, 0.8660254037844387076, 1.000000000000000000, 0.8660254037844387076, 1.000000000000000000, 0.8660254037844387076, 1.000000000000000000, 0.8660254037844387076, 1.000000000000000000, 0.8660254037844387076, 1.000000000000000000, 0.8660254037844387076, 1.000000000000000000, 0.8660254037844387076, 1.000000000000000000, 0.8660254037844387076, 1.000000000000000000, 0.8660254037844387076, 1.000000000000000000, 0.8660254037844387076, 1.000000000000000000, 0.8660254037844387076, 1.000000000000000000, 0.8660254037844387076, 1.000000000000000000, 0.8660254037844387076, 1.000000000000000000, 0.8660254037844387076, 1.000000000000000000, 0.8660254037844387076, 1.000000000000000000, 0.8660254037844387076, 1.000000000000000000, 0.8660254037844387076, 1.000000000000000000, 0.8660254037844387076, 1.000000000000000000, 0.8660254037844387076, 1.000000000000000000, 0.8660254037844387076, 1.000000000000000000, 0.8660254037844387076, 1.000000000000000000, 0.8660254037844387076, 1.000000000000000000, 0.8660254037844387076, 1.000000000000000000),
 ( 1.000000000000000000, 0.8660254037844387076, 1.000000000000000000, 0.8660254037844387076, 1.000000000000000000, 0.8660254037844387076, 1.000000000000000000, 0.8660254037844387076, 1.000000000000000000, 0.8660254037844387076, 1.000000000000000000, 0.8660254037844387076, 1.000000000000000000, 0.8660254037844387076, 1.000000000000000000, 0.8660254037844387076, 1.000000000000000000, 0.8660254037844387076, 1.000000000000000000, 0.8660254037844387076, 1.000000000000000000, 0.8660254037844387076, 1.000000000000000000, 0.8660254037844387076, 1.000000000000000000, 0.8660254037844387076, 1.000000000000000000, 0.8660254037844387076, 1.000000000000000000, 0.8660254037844387076, 1.000000000000000000, 0.8660254037844387076, 1.000000000000000000, 0.8660254037844387076, 1.000000000000000000, 0.8660254037844387076, 1.000000000000000000, 0.8660254037844387076, 1.000000000000000000, 0.8660254037844387076, 1.000000000000000000, 0.8660254037844387076, 1.000000000000000000, 0.8660254037844387076, 1.000000000000000000, 0.8660254037844387076, 1.000000000000000000, 0.8660254037844387076, 1.000000000000000000, 0.8660254037844387076, 1.000000000000000000, 0.8660254037844387076, 1.000000000000000000, 0.8660254037844387076, 1.000000000000000000, 0.8660254037844387076, 1.000000000000000000, 0.8660254037844387076, 1.000000000000000000, 0.8660254037844387076, 1.000000000000000000, 0.8660254037844387076, 1.000000000000000000, 0.8660254037844387076, 1.000000000000000000, 0.8660254037844387076, 1.000000000000000000, 0.8660254037844387076, 1.000000000000000000, 0.8660254037844387076, 1.000000000000000000, 0.8660254037844387076, 1.000000000000000000) ) ) 
 REPRESENTATION_ITEM ( '' )  SURFACE ( )  );
#788 = CARTESIAN_POINT ( 'NONE',  ( -2.309401076758522464, -1.499371448085068355E-14, -1.437499999999998002 ) ) ;
#789 = ORIENTED_EDGE ( 'NONE', *, *, #2527, .T. ) ;
#790 = CARTESIAN_POINT ( 'NONE',  ( -2.036317995055058283, 0.2037781729088332661, 5.519999999999999574 ) ) ;
#791 = CARTESIAN_POINT ( 'NONE',  ( 1.176575538379264652, -2.037888611415608509, -1.226041666666670471 ) ) ;
#792 = CARTESIAN_POINT ( 'NONE',  ( 1.338300807568906015, -0.7726683315066178448, 2.004166666666672647 ) ) ;
#793 = CARTESIAN_POINT ( 'NONE',  ( 0.8146331355231761773, 1.557046655486406417, -6.418230944697572049 ) ) ;
#794 = CARTESIAN_POINT ( 'NONE',  ( -2.353151076758530191, -1.506872409729845284E-14, -0.8031249999999992006 ) ) ;
#795 = CARTESIAN_POINT ( 'NONE',  ( 1.784401076758541871, -1.563436422461841332E-14, -0.03749999999999283073 ) ) ;
#796 = CARTESIAN_POINT ( 'NONE',  ( -1.234094626827384245, -0.3826980794443315403, 6.467413237156726780 ) ) ;
#797 = ORIENTED_EDGE ( 'NONE', *, *, #4740, .F. ) ;
#798 = CARTESIAN_POINT ( 'NONE',  ( -2.449293598294727122E-16, -2.000000000000031086, -4.062499999999996447 ) ) ;
#799 = CARTESIAN_POINT ( 'NONE',  ( -0.3502066986637332735, 1.381458624468317353, 6.438319537806445503 ) ) ;
#800 = CARTESIAN_POINT ( 'NONE',  ( -1.764863307568897977, -1.018944305707810694, -5.644791666666664653 ) ) ;
#801 = CARTESIAN_POINT ( 'NONE',  ( -1.892491597964171348E-16, -1.545336663013217926, -5.899999999999993250 ) ) ;
#802 = CARTESIAN_POINT ( 'NONE',  ( -0.2541964601464367646, -2.082636196188708322, 6.009744002194823409 ) ) ;
#803 = VERTEX_POINT ( 'NONE', #3905 ) ;
#804 = EDGE_CURVE ( 'NONE', #4614, #1972, #2639, .T. ) ;
#805 = CARTESIAN_POINT ( 'NONE',  ( 1.744517732576766900, 0.2702375275980785641, 2.574658444559963399 ) ) ;
#806 = CARTESIAN_POINT ( 'NONE',  ( -3.351658741328617676E-17, -0.2536874259130723064, 5.519999999999999574 ) ) ;
#807 = ORIENTED_EDGE ( 'NONE', *, *, #4169, .F. ) ;
#808 = CARTESIAN_POINT ( 'NONE',  ( -0.8922005383792707134, 1.545336663013187728, 0.8083333333333391213 ) ) ;
#809 = CARTESIAN_POINT ( 'NONE',  ( -2.449293598294727122E-16, -2.000000000000030642, -5.462499999999996803 ) ) ;
#810 = EDGE_CURVE ( 'NONE', #2107, #905, #3171, .T. ) ;
#811 = CARTESIAN_POINT ( 'NONE',  ( 1.338300807568906015, -0.7726683315066168456, -6.395833333333325044 ) ) ;
#812 = CARTESIAN_POINT ( 'NONE',  ( -1.732050807568891626, -1.000000000000023093, -1.379166666666664876 ) ) ;
#813 = ORIENTED_EDGE ( 'NONE', *, *, #3983, .F. ) ;
#814 = CARTESIAN_POINT ( 'NONE',  ( -2.033986984616317883, 0.2147958201322448801, 5.519999999999999574 ) ) ;
#815 = CARTESIAN_POINT ( 'NONE',  ( 1.176575538379266428, 2.037888611415577422, -2.392708333333335879 ) ) ;
#816 =( BOUNDED_CURVE ( )  B_SPLINE_CURVE ( 2, ( #1065, #4927, #2760, #4456, #1946, #1491, #3179 ),
 .UNSPECIFIED., .F., .F. ) 
 B_SPLINE_CURVE_WITH_KNOTS ( ( 3, 2, 2, 3 ),
 ( 0.5833333333333333703, 0.6111111111111111605, 0.6388888888888889506, 0.6666666666666667407 ),
 .UNSPECIFIED. ) 
 CURVE ( )  GEOMETRIC_REPRESENTATION_ITEM ( )  RATIONAL_B_SPLINE_CURVE ( ( 1.000000000000000000, 0.8660254037844387076, 1.000000000000000000, 0.8660254037844387076, 1.000000000000000000, 0.8660254037844381525, 1.000000000000000444 ) ) 
 REPRESENTATION_ITEM ( '' )  );
#817 = CARTESIAN_POINT ( 'NONE',  ( -1.338300807568906459, 0.7726683315065863145, 2.354166666666673180 ) ) ;
#818 = CARTESIAN_POINT ( 'NONE',  ( 1.149639931915715785, 1.566790483086035746, 3.093924421874459263 ) ) ;
#819 = CARTESIAN_POINT ( 'NONE',  ( 1.764863307568898643, 1.018944305707779607, -0.3947916666666660968 ) ) ;
#820 = CARTESIAN_POINT ( 'NONE',  ( 1.784401076758541871, -1.554863894867810060E-14, -0.7374999999999924949 ) ) ;
#821 = VECTOR ( 'NONE', #4230, 1000.000000000000000 ) ;
#822 = CARTESIAN_POINT ( 'NONE',  ( 0.6910032105720379514, -0.6151383917699121406, 6.533202782269164288 ) ) ;
#823 = VERTEX_POINT ( 'NONE', #1722 ) ;
#824 = CARTESIAN_POINT ( 'NONE',  ( 1.468843810168229957, 0.4801700359073294844, 2.011250895266602168 ) ) ;
#825 = LINE ( 'NONE', #5496, #4936 ) ;
#826 = CARTESIAN_POINT ( 'NONE',  ( -1.176575538379264874, 2.037888611415578755, -5.819791666666665364 ) ) ;
#827 = AXIS2_PLACEMENT_3D ( 'NONE', #1616, #2015, #3716 ) ;
#828 = CARTESIAN_POINT ( 'NONE',  ( -1.338300807568906237, 0.7726683315065872026, -5.433333333333326465 ) ) ;
#829 = ORIENTED_EDGE ( 'NONE', *, *, #155, .T. ) ;
#830 = CARTESIAN_POINT ( 'NONE',  ( 1.381458624468314467, 0.3502066986637468182, 6.438319537806444615 ) ) ;
#831 = VECTOR ( 'NONE', #1118, 1000.000000000000000 ) ;
#832 = CARTESIAN_POINT ( 'NONE',  ( 2.059393133959877442, -0.2274517295774934889, 5.761622436611324893 ) ) ;
#833 = ORIENTED_EDGE ( 'NONE', *, *, #4665, .F. ) ;
#834 = CARTESIAN_POINT ( 'NONE',  ( -0.8922005383792712685, -1.545336663013218148, 0.3416666666666722252 ) ) ;
#835 =( NAMED_UNIT ( * ) SI_UNIT ( $, .STERADIAN. ) SOLID_ANGLE_UNIT ( ) );
#836 = CARTESIAN_POINT ( 'NONE',  ( 0.000000000000000000, 2.000000000000002220, -5.200000000000001954 ) ) ;
#837 = CARTESIAN_POINT ( 'NONE',  ( 0.000000000000000000, -3.951999999999999069, 4.119054849979189470 ) ) ;
#838 = AXIS2_PLACEMENT_3D ( 'NONE', #5404, #5375, #647 ) ;
#839 = EDGE_CURVE ( 'NONE', #803, #1325, #458, .T. ) ;
#840 = ORIENTED_EDGE ( 'NONE', *, *, #2425, .T. ) ;
#841 = CARTESIAN_POINT ( 'NONE',  ( 1.732050807568892292, 0.9999999999999911182, 3.170833333333335169 ) ) ;
#842 = CARTESIAN_POINT ( 'NONE',  ( -1.764863307568897977, -1.018944305707811138, -2.801041666666669983 ) ) ;
#843 = CARTESIAN_POINT ( 'NONE',  ( -1.338300807568906459, 0.7726683315065864255, 1.566666666666672425 ) ) ;
#844 = CARTESIAN_POINT ( 'NONE',  ( -1.784401076758541649, -1.445793150622371413E-14, -6.074999999999993072 ) ) ;
#845 = CARTESIAN_POINT ( 'NONE',  ( 0.000000000000000000, -1.562500000000003997, -6.599999999999999645 ) ) ;
#846 = CARTESIAN_POINT ( 'NONE',  ( 1.338300807568906015, -0.7726683315066175117, -0.7958333333333259541 ) ) ;
#847 = EDGE_CURVE ( 'NONE', #1226, #4800, #4250, .T. ) ;
#848 = CARTESIAN_POINT ( 'NONE',  ( -0.8922005383792713795, -1.545336663013218148, -1.058333333333326909 ) ) ;
#849 = ORIENTED_EDGE ( 'NONE', *, *, #4272, .T. ) ;
#850 = CARTESIAN_POINT ( 'NONE',  ( 0.2404725625119450150, 2.070665643403694745, 5.882448275415796957 ) ) ;
#851 = CARTESIAN_POINT ( 'NONE',  ( 0.000000000000000000, 2.000000000000001332, 0.3999999999999970801 ) ) ;
#852 = CARTESIAN_POINT ( 'NONE',  ( 0.000000000000000000, 2.037888611415577422, 3.265624999999996447 ) ) ;
#853 = CARTESIAN_POINT ( 'NONE',  ( -1.338300807568906459, 0.7726683315065873137, -5.345833333333326109 ) ) ;
#854 = CARTESIAN_POINT ( 'NONE',  ( -2.449293598294727122E-16, -2.000000000000031086, -4.062499999999996447 ) ) ;
#855 = CARTESIAN_POINT ( 'NONE',  ( -0.3952031848535206282, -1.497256923681185681, -6.600000000000028066 ) ) ;
#856 = VERTEX_POINT ( 'NONE', #1305 ) ;
#857 = LINE ( 'NONE', #1247, #1799 ) ;
#858 = CC_DESIGN_PERSON_AND_ORGANIZATION_ASSIGNMENT ( #1866, #5298, ( #1097 ) ) ;
#859 = DIRECTION ( 'NONE',  ( 0.000000000000000000, -1.000000000000000000, 0.000000000000000000 ) ) ;
#860 = CARTESIAN_POINT ( 'NONE',  ( 0.000000000000000000, 1.545336663013188838, -6.162499999999991651 ) ) ;
#861 = ORIENTED_EDGE ( 'NONE', *, *, #518, .F. ) ;
#862 = CARTESIAN_POINT ( 'NONE',  ( -1.784401076758541649, -1.522945898968654745E-14, 0.2250000000000057232 ) ) ;
#863 = CARTESIAN_POINT ( 'NONE',  ( 2.036136424108542897, -0.2009207454415859739, 5.515605851786924418 ) ) ;
#864 = CARTESIAN_POINT ( 'NONE',  ( -1.338300807568906459, -0.7726683315066165125, -0.3291666666666594465 ) ) ;
#865 = ORIENTED_EDGE ( 'NONE', *, *, #1696, .T. ) ;
#866 = FACE_OUTER_BOUND ( 'NONE', #4071, .T. ) ;
#867 = DIRECTION ( 'NONE',  ( -0.000000000000000000, -1.224646799147353207E-16, 1.000000000000000000 ) ) ;
#868 = CARTESIAN_POINT ( 'NONE',  ( 1.338300807568907125, 0.7726683315065849822, 2.733333333333338722 ) ) ;
#869 = ADVANCED_FACE ( 'NONE', ( #2627 ), #2870, .F. ) ;
#870 = CARTESIAN_POINT ( 'NONE',  ( 0.000000000000000000, 1.545336663013188616, -4.849999999999993427 ) ) ;
#871 = CARTESIAN_POINT ( 'NONE',  ( -2.353151076758530191, -1.489727354541782742E-14, -2.203124999999999556 ) ) ;
#872 = CARTESIAN_POINT ( 'NONE',  ( 1.338300807568907125, 0.7726683315065855373, -1.379166666666659102 ) ) ;
#873 = CARTESIAN_POINT ( 'NONE',  ( 1.338300807568907125, 0.7726683315065852042, 0.6333333333333395210 ) ) ;
#874 = VERTEX_POINT ( 'NONE', #1245 ) ;
#875 = CARTESIAN_POINT ( 'NONE',  ( 1.732050807568890960, -1.000000000000024203, -1.845833333333331661 ) ) ;
#876 = DIRECTION ( 'NONE',  ( -0.000000000000000000, -1.224646799147353207E-16, 1.000000000000000000 ) ) ;
#877 = B_SPLINE_CURVE_WITH_KNOTS ( 'NONE', 3,
 ( #4605, #4546, #3327, #3770 ),
 .UNSPECIFIED., .F., .F.,
 ( 4, 4 ),
 ( 0.000000000000000000, 0.0001536824029211859551 ),
 .UNSPECIFIED. ) ;
#878 = CARTESIAN_POINT ( 'NONE',  ( 0.000000000000000000, 1.545336663013188616, -4.762499999999992184 ) ) ;
#879 = EDGE_CURVE ( 'NONE', #4159, #3145, #1141, .T. ) ;
#880 = CARTESIAN_POINT ( 'NONE',  ( -0.5810418652584340427, -1.606133735257717188, -6.458736268945241221 ) ) ;
#881 = FACE_OUTER_BOUND ( 'NONE', #377, .T. ) ;
#882 = VERTEX_POINT ( 'NONE', #2549 ) ;
#883 = CARTESIAN_POINT ( 'NONE',  ( -0.2914548753565992523, -2.100544671380354167, 6.236152449227972738 ) ) ;
#884 = CARTESIAN_POINT ( 'NONE',  ( -2.092548408769745016, 0.2658503012168688673, 6.117992359039662986 ) ) ;
#885 = CARTESIAN_POINT ( 'NONE',  ( 0.8922005383792704913, -1.545336663013218592, -4.354166666666658969 ) ) ;
#886 = CARTESIAN_POINT ( 'NONE',  ( -1.784401076758541649, -1.565808536938812047E-14, 3.725000000000005418 ) ) ;
#887 = CARTESIAN_POINT ( 'NONE',  ( 2.053309060065627634, -0.2785519571412716777, 5.756570212088450766 ) ) ;
#888 = CARTESIAN_POINT ( 'NONE',  ( 0.000000000000000000, 1.545336663013187950, -0.5624999999999926725 ) ) ;
#889 = VERTEX_POINT ( 'NONE', #409 ) ;
#890 =( BOUNDED_CURVE ( )  B_SPLINE_CURVE ( 3, ( #2954, #2413, #4638, #3694 ),
 .UNSPECIFIED., .F., .T. ) 
 B_SPLINE_CURVE_WITH_KNOTS ( ( 4, 4 ),
 ( 2.946332657651818288, 3.336852649527771053 ),
 .UNSPECIFIED. ) 
 CURVE ( )  GEOMETRIC_REPRESENTATION_ITEM ( )  RATIONAL_B_SPLINE_CURVE ( ( 1.000000000000000000, 0.9873315052531759228, 0.9873315052531759228, 1.000000000000000000 ) ) 
 REPRESENTATION_ITEM ( '' )  );
#891 = DIRECTION ( 'NONE',  ( -0.9238795325112892920, -0.3826834323650834535, 0.000000000000000000 ) ) ;
#892 = CARTESIAN_POINT ( 'NONE',  ( 0.6541332282630029082, 1.497637388719224694, 2.240407197294099984 ) ) ;
#893 = CARTESIAN_POINT ( 'NONE',  ( -1.338300807568906459, 0.7726683315065863145, 2.266666666666672381 ) ) ;
#894 = CARTESIAN_POINT ( 'NONE',  ( 0.000000000000000000, 1.545336663013188394, -4.149999999999992362 ) ) ;
#895 = CARTESIAN_POINT ( 'NONE',  ( -1.338300807568906459, 0.7726683315065868696, -1.933333333333326909 ) ) ;
#896 = CARTESIAN_POINT ( 'NONE',  ( -1.381458624468314911, -0.3502066986637482615, 6.438319537806444615 ) ) ;
#897 = ORIENTED_EDGE ( 'NONE', *, *, #2499, .T. ) ;
#898 = CARTESIAN_POINT ( 'NONE',  ( 1.154700538379260788, -2.000000000000032419, -1.904166666666665453 ) ) ;
#899 = CARTESIAN_POINT ( 'NONE',  ( 0.000000000000000000, 2.000000000000001776, -3.100000000000001865 ) ) ;
#900 = CARTESIAN_POINT ( 'NONE',  ( -1.338300807568906459, 0.7726683315065874247, -6.045833333333324511 ) ) ;
#901 = AXIS2_PLACEMENT_3D ( 'NONE', #4387, #543, #3964 ) ;
#902 = CARTESIAN_POINT ( 'NONE',  ( -0.8922005383792712685, -1.545336663013217704, -5.958333333333325932 ) ) ;
#903 = CARTESIAN_POINT ( 'NONE',  ( -1.176575538379264874, 2.037888611415577422, 3.980208333333333570 ) ) ;
#904 = CARTESIAN_POINT ( 'NONE',  ( -2.001742563614588466, 0.2790830526409100454, 5.761623248231879657 ) ) ;
#905 = VERTEX_POINT ( 'NONE', #2127 ) ;
#906 = EDGE_CURVE ( 'NONE', #3653, #4294, #2919, .T. ) ;
#907 = AXIS2_PLACEMENT_3D ( 'NONE', #3361, #5523, #5076 ) ;
#908 = CARTESIAN_POINT ( 'NONE',  ( 1.398643112709021530, -1.033327450806458936, 2.502206979799280084 ) ) ;
#909 = FACE_OUTER_BOUND ( 'NONE', #588, .T. ) ;
#910 = AXIS2_PLACEMENT_3D ( 'NONE', #4701, #867, #4287 ) ;
#911 = CARTESIAN_POINT ( 'NONE',  ( -0.8922005383792708244, 1.545336663013188616, -4.704166666666659502 ) ) ;
#912 = EDGE_CURVE ( 'NONE', #4551, #2948, #2516, .T. ) ;
#913 = CARTESIAN_POINT ( 'NONE',  ( -1.338300807568906237, 0.7726683315065864255, 0.8666666666666724694 ) ) ;
#914 = CARTESIAN_POINT ( 'NONE',  ( -2.449293598294727122E-16, -2.000000000000031086, -2.750000000000002220 ) ) ;
#915 = CARTESIAN_POINT ( 'NONE',  ( 2.047799633069834702, -0.3311351379778755821, 6.256865758730182137 ) ) ;
#916 = CARTESIAN_POINT ( 'NONE',  ( 1.338300807568907125, 0.7726683315065855373, -1.379166666666659102 ) ) ;
#917 = EDGE_LOOP ( 'NONE', ( #4178, #4098, #4255, #849, #5246 ) ) ;
#918 = CARTESIAN_POINT ( 'NONE',  ( -2.309401076758522464, -1.533661558461194386E-14, 1.362500000000001821 ) ) ;
#919 = CARTESIAN_POINT ( 'NONE',  ( 2.309401076758522464, -1.585939307396174641E-14, 1.012500000000001732 ) ) ;
#920 = CARTESIAN_POINT ( 'NONE',  ( 0.8922005383792717126, 1.545336663013187062, 2.791666666666672292 ) ) ;
#921 = CARTESIAN_POINT ( 'NONE',  ( -1.892491597964171594E-16, -1.545336663013218370, -3.799999999999992717 ) ) ;
#922 = CARTESIAN_POINT ( 'NONE',  ( 0.8922005383792717126, 1.545336663013187284, -0.7083333333333268200 ) ) ;
#923 =( BOUNDED_SURFACE ( )  B_SPLINE_SURFACE ( 1, 2, ( 
 ( #5204, #1380, #2674, #1406, #643, #2337, #3556, #2730, #257, #5372, #1974, #3588, #1516, #5285, #583, #145, #2368, #1914, #4034, #702, #4092, #1462, #3178, #673, #4838, #4455, #3234, #1007, #3148, #4866, #2421, #1548, #172, #1851, #4065, #4426, #2308, #4484, #3266, #1035, #4004, #4926, #4956, #5257, #2759, #1489, #3671, #1126, #1433, #1881, #205, #615, #3618, #3206, #4538, #2846, #5314, #4897, #1064, #2788, #1095, #1945, #233, #3644, #5341, #2817, #4515, #2395, #1685, #3318, #732, #5016, #4119 ),
 ( #5040, #2455, #5485, #2113, #764, #2985, #1234, #317, #1259, #4986, #4235, #1576, #3347, #4621, #1181, #370, #842, #4674, #2905, #2483, #2088, #285, #4151, #815, #1659, #5513, #2004, #2933, #2872, #3373, #2535, #396, #3789, #3762, #5456, #4565, #4596, #3397, #4180, #344, #2063, #3703, #5091, #791, #1631, #5400, #1152, #3813, #3294, #2035, #3732, #5066, #5429, #1606, #1210, #2507, #4206, #2960, #4645, #944, #3866, #35, #3089, #1709, #1317, #3918, #3424, #4, #1736, #4802, #2238, #2588, #3115 ) ),
 .UNSPECIFIED., .F., .F., .F. ) 
 B_SPLINE_SURFACE_WITH_KNOTS ( ( 2, 2 ),
 ( 3, 2, 2, 2, 2, 2, 2, 2, 2, 2, 2, 2, 2, 2, 2, 2, 2, 2, 2, 2, 2, 2, 2, 2, 2, 2, 2, 2, 2, 2, 2, 2, 2, 2, 2, 2, 3 ),
 ( 0.000000000000000000, 1.000000000000000000 ),
 ( 0.000000000000000000, 0.02777777777777777624, 0.05555555555555555247, 0.08333333333333332871, 0.1111111111111111049, 0.1388888888888888951, 0.1666666666666666574, 0.1944444444444444475, 0.2222222222222222099, 0.2500000000000000000, 0.2777777777777777901, 0.3055555555555555802, 0.3333333333333333148, 0.3611111111111111049, 0.3888888888888888951, 0.4166666666666666852, 0.4444444444444444198, 0.4722222222222222099, 0.5000000000000000000, 0.5277777777777777901, 0.5555555555555555802, 0.5833333333333333703, 0.6111111111111111605, 0.6388888888888888395, 0.6666666666666666297, 0.6944444444444444198, 0.7222222222222222099, 0.7500000000000000000, 0.7777777777777777901, 0.8055555555555555802, 0.8333333333333333703, 0.8611111111111111605, 0.8888888888888888395, 0.9166666666666666297, 0.9444444444444444198, 0.9722222222222222099, 1.000000000000000000 ),
 .UNSPECIFIED. ) 
 GEOMETRIC_REPRESENTATION_ITEM ( )  RATIONAL_B_SPLINE_SURFACE ( (
 ( 1.000000000000000000, 0.8660254037844387076, 1.000000000000000000, 0.8660254037844387076, 1.000000000000000000, 0.8660254037844387076, 1.000000000000000000, 0.8660254037844387076, 1.000000000000000000, 0.8660254037844387076, 1.000000000000000000, 0.8660254037844387076, 1.000000000000000000, 0.8660254037844387076, 1.000000000000000000, 0.8660254037844387076, 1.000000000000000000, 0.8660254037844387076, 1.000000000000000000, 0.8660254037844387076, 1.000000000000000000, 0.8660254037844387076, 1.000000000000000000, 0.8660254037844387076, 1.000000000000000000, 0.8660254037844387076, 1.000000000000000000, 0.8660254037844387076, 1.000000000000000000, 0.8660254037844387076, 1.000000000000000000, 0.8660254037844387076, 1.000000000000000000, 0.8660254037844387076, 1.000000000000000000, 0.8660254037844387076, 1.000000000000000000, 0.8660254037844387076, 1.000000000000000000, 0.8660254037844387076, 1.000000000000000000, 0.8660254037844387076, 1.000000000000000000, 0.8660254037844387076, 1.000000000000000000, 0.8660254037844387076, 1.000000000000000000, 0.8660254037844387076, 1.000000000000000000, 0.8660254037844387076, 1.000000000000000000, 0.8660254037844387076, 1.000000000000000000, 0.8660254037844387076, 1.000000000000000000, 0.8660254037844387076, 1.000000000000000000, 0.8660254037844387076, 1.000000000000000000, 0.8660254037844387076, 1.000000000000000000, 0.8660254037844387076, 1.000000000000000000, 0.8660254037844387076, 1.000000000000000000, 0.8660254037844387076, 1.000000000000000000, 0.8660254037844387076, 1.000000000000000000, 0.8660254037844387076, 1.000000000000000000, 0.8660254037844387076, 1.000000000000000000),
 ( 1.000000000000000000, 0.8660254037844387076, 1.000000000000000000, 0.8660254037844387076, 1.000000000000000000, 0.8660254037844387076, 1.000000000000000000, 0.8660254037844387076, 1.000000000000000000, 0.8660254037844387076, 1.000000000000000000, 0.8660254037844387076, 1.000000000000000000, 0.8660254037844387076, 1.000000000000000000, 0.8660254037844387076, 1.000000000000000000, 0.8660254037844387076, 1.000000000000000000, 0.8660254037844387076, 1.000000000000000000, 0.8660254037844387076, 1.000000000000000000, 0.8660254037844387076, 1.000000000000000000, 0.8660254037844387076, 1.000000000000000000, 0.8660254037844387076, 1.000000000000000000, 0.8660254037844387076, 1.000000000000000000, 0.8660254037844387076, 1.000000000000000000, 0.8660254037844387076, 1.000000000000000000, 0.8660254037844387076, 1.000000000000000000, 0.8660254037844387076, 1.000000000000000000, 0.8660254037844387076, 1.000000000000000000, 0.8660254037844387076, 1.000000000000000000, 0.8660254037844387076, 1.000000000000000000, 0.8660254037844387076, 1.000000000000000000, 0.8660254037844387076, 1.000000000000000000, 0.8660254037844387076, 1.000000000000000000, 0.8660254037844387076, 1.000000000000000000, 0.8660254037844387076, 1.000000000000000000, 0.8660254037844387076, 1.000000000000000000, 0.8660254037844387076, 1.000000000000000000, 0.8660254037844387076, 1.000000000000000000, 0.8660254037844387076, 1.000000000000000000, 0.8660254037844387076, 1.000000000000000000, 0.8660254037844387076, 1.000000000000000000, 0.8660254037844387076, 1.000000000000000000, 0.8660254037844387076, 1.000000000000000000, 0.8660254037844387076, 1.000000000000000000) ) ) 
 REPRESENTATION_ITEM ( '' )  SURFACE ( )  );
#924 = CARTESIAN_POINT ( 'NONE',  ( -2.024596832512023159, -0.3047450566756688128, 6.005780907244469446 ) ) ;
#925 = ORIENTED_EDGE ( 'NONE', *, *, #1556, .T. ) ;
#926 = CARTESIAN_POINT ( 'NONE',  ( 0.2009207453104773500, 2.036136423993120559, 5.515605850571559721 ) ) ;
#927 = LINE ( 'NONE', #951, #744 ) ;
#928 = CARTESIAN_POINT ( 'NONE',  ( -0.8922005383792713795, -1.545336663013217926, -5.870833333333325577 ) ) ;
#929 = CARTESIAN_POINT ( 'NONE',  ( -1.764863307568897755, 1.018944305707782050, -7.117708333333335524 ) ) ;
#930 = CARTESIAN_POINT ( 'NONE',  ( 0.8922005383792704913, -1.545336663013219258, 0.5458333333333396098 ) ) ;
#931 = CARTESIAN_POINT ( 'NONE',  ( -0.2658503012168041968, 2.092548408769730361, 6.117992359039442718 ) ) ;
#932 = EDGE_LOOP ( 'NONE', ( #2894, #1646, #607, #5407 ) ) ;
#933 = VECTOR ( 'NONE', #4433, 1000.000000000000227 ) ;
#934 = CARTESIAN_POINT ( 'NONE',  ( 0.6663499031228179437, -1.443642923530067845, -6.576033331892834788 ) ) ;
#935 = EDGE_CURVE ( 'NONE', #823, #3470, #3264, .T. ) ;
#936 = EDGE_CURVE ( 'NONE', #5339, #2244, #3706, .T. ) ;
#937 = CARTESIAN_POINT ( 'NONE',  ( 0.000000000000000000, -4.711997834488155533E-16, 6.599999999999999645 ) ) ;
#938 = CARTESIAN_POINT ( 'NONE',  ( 1.338300807568907125, 0.7726683315065858704, -4.179166666666659147 ) ) ;
#939 = CARTESIAN_POINT ( 'NONE',  ( 0.000000000000000000, -4.711997834488155533E-16, 6.599999999999999645 ) ) ;
#940 = ADVANCED_FACE ( 'NONE', ( #2228 ), #587, .T. ) ;
#941 = LINE ( 'NONE', #2559, #2702 ) ;
#942 = VERTEX_POINT ( 'NONE', #3954 ) ;
#943 = CARTESIAN_POINT ( 'NONE',  ( -0.2636244833933196197, 1.261356100933073154, 5.519999999999999574 ) ) ;
#944 = CARTESIAN_POINT ( 'NONE',  ( 1.176575538379266428, 2.037888611415576978, -0.2927083333333362902 ) ) ;
#945 = DIRECTION ( 'NONE',  ( -0.000000000000000000, -1.224646799147353207E-16, 1.000000000000000000 ) ) ;
#946 = CARTESIAN_POINT ( 'NONE',  ( 1.338300807568906015, -0.7726683315066168456, -6.483333333333326287 ) ) ;
#947 = CARTESIAN_POINT ( 'NONE',  ( -1.892491597964171594E-16, -1.545336663013218592, -2.399999999999993250 ) ) ;
#948 = CARTESIAN_POINT ( 'NONE',  ( -0.2875512965273993027, 2.101843025894440053, 6.235886225069593891 ) ) ;
#949 = ORIENTED_EDGE ( 'NONE', *, *, #4087, .F. ) ;
#950 = CARTESIAN_POINT ( 'NONE',  ( 1.732050807568890960, -1.000000000000024203, -2.545833333333331616 ) ) ;
#951 = CARTESIAN_POINT ( 'NONE',  ( -2.511505655691384375E-16, -2.050799999999993961, 3.399999999999999467 ) ) ;
#952 = CARTESIAN_POINT ( 'NONE',  ( 0.8922005383792717126, 1.545336663013188172, -4.820833333333324866 ) ) ;
#953 = CARTESIAN_POINT ( 'NONE',  ( 1.176575538379264652, -2.037888611415607620, -6.126041666666669272 ) ) ;
#954 = CARTESIAN_POINT ( 'NONE',  ( -1.784401076758541871, -1.549735047700002901E-14, 2.412500000000006750 ) ) ;
#955 = CARTESIAN_POINT ( 'NONE',  ( -0.2144258774088205199, 2.048024209131638074, 5.640806090606708345 ) ) ;
#956 = VERTEX_POINT ( 'NONE', #3076 ) ;
#957 = EDGE_LOOP ( 'NONE', ( #4381, #662, #1062, #3712 ) ) ;
#958 = CARTESIAN_POINT ( 'NONE',  ( 0.1491260568931491726, -1.555367374338137987, -6.599999999999999645 ) ) ;
#959 = CARTESIAN_POINT ( 'NONE',  ( 0.2809264502845033040, -2.102990981537185000, 6.235794016437476550 ) ) ;
#960 = VERTEX_POINT ( 'NONE', #4406 ) ;
#961 = CARTESIAN_POINT ( 'NONE',  ( -1.892491597964171594E-16, -1.545336663013218370, -3.712499999999991918 ) ) ;
#962 = CARTESIAN_POINT ( 'NONE',  ( -0.8922005383792713795, -1.545336663013217704, -4.470833333333325221 ) ) ;
#963 = CARTESIAN_POINT ( 'NONE',  ( 3.931876039578320593E-17, -3.686639984749217460E-15, 6.599999999999999645 ) ) ;
#964 = CARTESIAN_POINT ( 'NONE',  ( 1.338300807568907125, 0.7726683315065856483, -2.779166666666659236 ) ) ;
#965 = VERTEX_POINT ( 'NONE', #3593 ) ;
#966 = VERTEX_POINT ( 'NONE', #94 ) ;
#967 = CARTESIAN_POINT ( 'NONE',  ( -1.234094626827380470, 0.3826980794443408107, 6.467413237156726780 ) ) ;
#968 = ADVANCED_FACE ( 'NONE', ( #3980 ), #4769, .F. ) ;
#969 = LINE ( 'NONE', #3226, #2989 ) ;
#970 = CARTESIAN_POINT ( 'NONE',  ( 0.6162390356384119805, -1.779168620891079966, -6.283630425603086600 ) ) ;
#971 = CARTESIAN_POINT ( 'NONE',  ( 0.3306731578647194580, -2.047395140491272691, 6.252470311563134153 ) ) ;
#972 = CARTESIAN_POINT ( 'NONE',  ( 0.8922005383792704913, -1.545336663013218814, -1.641666666666660390 ) ) ;
#973 = CARTESIAN_POINT ( 'NONE',  ( 2.103356807430397435, -0.2785322625646426409, 6.235777398414732886 ) ) ;
#974 = ORIENTED_EDGE ( 'NONE', *, *, #4665, .T. ) ;
#975 = CARTESIAN_POINT ( 'NONE',  ( 0.8922005383792718236, 1.545336663013187284, 1.479166666666673180 ) ) ;
#976 = FACE_OUTER_BOUND ( 'NONE', #1217, .T. ) ;
#977 = CARTESIAN_POINT ( 'NONE',  ( 0.8922005383792717126, 1.545336663013187950, -2.720833333333325221 ) ) ;
#978 = CARTESIAN_POINT ( 'NONE',  ( 0.8922005383792716016, 1.545336663013187728, -2.808333333333326021 ) ) ;
#979 = CARTESIAN_POINT ( 'NONE',  ( -2.495693764988950272E-16, -2.037888611415608509, 4.271874999999999645 ) ) ;
#980 = CARTESIAN_POINT ( 'NONE',  ( 0.2078686931306630292, -2.035913483625626963, 5.519999999999999574 ) ) ;
#981 = VERTEX_POINT ( 'NONE', #5289 ) ;
#982 = ORIENTED_EDGE ( 'NONE', *, *, #1947, .T. ) ;
#983 = CARTESIAN_POINT ( 'NONE',  ( -0.8922005383792713795, -1.545336663013218592, 3.929166666666672914 ) ) ;
#984 =( BOUNDED_SURFACE ( )  B_SPLINE_SURFACE ( 3, 2, ( 
 ( #3665, #4617, #3342 ),
 ( #4979, #4919, #1120 ),
 ( #5036, #337, #2057 ),
 ( #2028, #311, #3754 ) ),
 .UNSPECIFIED., .F., .F., .F. ) 
 B_SPLINE_SURFACE_WITH_KNOTS ( ( 4, 4 ),
 ( 3, 3 ),
 ( 0.001395121500402761146, 0.002143684631125131624 ),
 ( 0.000000000000000000, 1.000000000000000000 ),
 .UNSPECIFIED. ) 
 GEOMETRIC_REPRESENTATION_ITEM ( )  RATIONAL_B_SPLINE_SURFACE ( (
 ( 1.000000000000000000, 0.7555429849812741461, 1.000000000000000000),
 ( 1.000000000000000000, 0.7519723191296987519, 1.000000000000000000),
 ( 1.000000000000000000, 0.7482425839126719547, 1.000000000000000000),
 ( 1.000000000000000000, 0.7443298147765724515, 1.000000000000000000) ) ) 
 REPRESENTATION_ITEM ( '' )  SURFACE ( )  );
#985 = CARTESIAN_POINT ( 'NONE',  ( 0.1491260568931491726, -1.555367374338137987, -6.599999999999999645 ) ) ;
#986 = DIRECTION ( 'NONE',  ( 0.000000000000000000, -1.000000000000000000, 0.000000000000000000 ) ) ;
#987 = CARTESIAN_POINT ( 'NONE',  ( 1.784401076758541871, -1.485212108166304287E-14, -6.424999999999993605 ) ) ;
#988 = PLANE ( 'NONE',  #3083 ) ;
#989 = PERSON_AND_ORGANIZATION ( #2497, #1810 ) ;
#990 = CARTESIAN_POINT ( 'NONE',  ( -0.8922005383792707134, 1.545336663013188616, -4.704166666666659502 ) ) ;
#991 = CIRCLE ( 'NONE', #3861, 2.046487425913060765 ) ;
#992 = DIRECTION ( 'NONE',  ( 0.000000000000000000, 0.000000000000000000, -1.000000000000000000 ) ) ;
#993 = CARTESIAN_POINT ( 'NONE',  ( 1.338300807568906015, -0.7726683315066172897, -2.895833333333325932 ) ) ;
#994 = EDGE_LOOP ( 'NONE', ( #4140, #1198, #633, #4054 ) ) ;
#995 = CARTESIAN_POINT ( 'NONE',  ( 0.000000000000000000, -4.711997834488155533E-16, 6.599999999999999645 ) ) ;
#996 = VECTOR ( 'NONE', #3199, 1000.000000000000000 ) ;
#997 = CARTESIAN_POINT ( 'NONE',  ( 1.154700538379257679, -2.000000000000036859, -0.5916666666666706709 ) ) ;
#998 = CARTESIAN_POINT ( 'NONE',  ( 0.000000000000000000, 2.000000000000001776, -3.800000000000002043 ) ) ;
#999 = DIRECTION ( 'NONE',  ( -0.000000000000000000, 0.8660254037844390407, 0.4999999999999992784 ) ) ;
#1000 = EDGE_CURVE ( 'NONE', #1841, #4750, #690, .T. ) ;
#1001 = EDGE_CURVE ( 'NONE', #1734, #4874, #4853, .T. ) ;
#1002 = AXIS2_PLACEMENT_3D ( 'NONE', #4774, #514, #2186 ) ;
#1003 = CARTESIAN_POINT ( 'NONE',  ( 1.338300807568907125, 0.7726683315065852042, 0.7208333333333402093 ) ) ;
#1004 = CARTESIAN_POINT ( 'NONE',  ( -0.2785322625646035055, 2.103356807430392106, 6.235777398414628969 ) ) ;
#1005 = EDGE_LOOP ( 'NONE', ( #3422, #2582, #2135, #65 ) ) ;
#1006 = CARTESIAN_POINT ( 'NONE',  ( -1.496939313661226789, -0.9297923742632967503, 2.597132713016113481 ) ) ;
#1007 = CARTESIAN_POINT ( 'NONE',  ( -1.784401076758541649, -1.497228316186559985E-14, -1.874999999999993339 ) ) ;
#1008 = CARTESIAN_POINT ( 'NONE',  ( 1.784401076758541871, -1.572008950055872918E-14, 0.6625000000000065281 ) ) ;
#1009 = EDGE_CURVE ( 'NONE', #755, #965, #4966, .T. ) ;
#1010 = CARTESIAN_POINT ( 'NONE',  ( 1.338300807568906903, 0.7726683315065856483, -3.566666666666659324 ) ) ;
#1011 = CARTESIAN_POINT ( 'NONE',  ( -1.764863307568897977, -1.018944305707811804, 3.455208333333333215 ) ) ;
#1012 = CARTESIAN_POINT ( 'NONE',  ( 0.2532457960641070760, -1.986006295168971203, 5.519999999999999574 ) ) ;
#1013 = CIRCLE ( 'NONE', #4152, 6.359696215217526039 ) ;
#1014 = VERTEX_POINT ( 'NONE', #1885 ) ;
#1015 = CARTESIAN_POINT ( 'NONE',  ( -2.449293598294727122E-16, -2.000000000000031086, -1.350000000000003864 ) ) ;
#1016 = CARTESIAN_POINT ( 'NONE',  ( -1.176575538379265984, -2.037888611415607620, 0.7572916666666625884 ) ) ;
#1017 = CARTESIAN_POINT ( 'NONE',  ( -1.510867170874031551, 1.068067675593185051, -6.316372669666634465 ) ) ;
#1018 = CARTESIAN_POINT ( 'NONE',  ( 0.3059000888266383278, -2.093041481343777210, 6.238056148199251361 ) ) ;
#1019 = CARTESIAN_POINT ( 'NONE',  ( -0.8922005383792708244, 1.545336663013188616, -6.191666666666659324 ) ) ;
#1020 = CARTESIAN_POINT ( 'NONE',  ( 2.096331654535006361, 0.2999157838042439406, 6.237205613880130173 ) ) ;
#1021 = PERSON_AND_ORGANIZATION ( #2497, #1810 ) ;
#1022 = CARTESIAN_POINT ( 'NONE',  ( 1.784401076758541649, -1.520573784491684030E-14, -3.537499999999992095 ) ) ;
#1023 = CARTESIAN_POINT ( 'NONE',  ( -2.449293598294727122E-16, -2.000000000000030642, -4.850000000000002309 ) ) ;
#1024 = CARTESIAN_POINT ( 'NONE',  ( 0.8922005383792704913, -1.545336663013218814, -1.554166666666659369 ) ) ;
#1025 = EDGE_LOOP ( 'NONE', ( #729, #4792, #5358, #1250 ) ) ;
#1026 = DIRECTION ( 'NONE',  ( -0.000000000000000000, -1.224646799147353207E-16, 1.000000000000000000 ) ) ;
#1027 = CARTESIAN_POINT ( 'NONE',  ( 1.154700538379259678, 2.000000000000005329, 2.529166666666668561 ) ) ;
#1028 = CARTESIAN_POINT ( 'NONE',  ( -0.8734230437733144781, 1.802895393028647320, 3.247070801542766727 ) ) ;
#1029 = VECTOR ( 'NONE', #609, 1000.000000000000000 ) ;
#1030 = CARTESIAN_POINT ( 'NONE',  ( 1.338300807568907125, 0.7726683315065857593, -3.566666666666659324 ) ) ;
#1031 = CARTESIAN_POINT ( 'NONE',  ( 0.000000000000000000, 1.545336663013187950, 0.05000000000000663636 ) ) ;
#1032 = CARTESIAN_POINT ( 'NONE',  ( -0.2536874259130571518, 1.362259747427716716, 5.519999999999999574 ) ) ;
#1033 = ORIENTED_EDGE ( 'NONE', *, *, #1731, .T. ) ;
#1034 = DIRECTION ( 'NONE',  ( -1.000000000000000000, 1.224646799147353207E-16, 1.499759782661857608E-32 ) ) ;
#1035 = CARTESIAN_POINT ( 'NONE',  ( -1.784401076758541649, -1.505800843780591256E-14, -1.174999999999993161 ) ) ;
#1036 = CARTESIAN_POINT ( 'NONE',  ( -0.8922005383792708244, 1.545336663013188394, -3.304166666666658259 ) ) ;
#1037 = CARTESIAN_POINT ( 'NONE',  ( 0.8922005383792716016, 1.545336663013187728, -4.208333333333325932 ) ) ;
#1038 = CARTESIAN_POINT ( 'NONE',  ( 0.3295337574696426408, 2.058511892743644545, 6.248741029553761983 ) ) ;
#1039 = CARTESIAN_POINT ( 'NONE',  ( 0.2663847454559948869, 1.990338328765595799, 5.640806925723118148 ) ) ;
#1040 = ORIENTED_EDGE ( 'NONE', *, *, #2182, .T. ) ;
#1041 = CARTESIAN_POINT ( 'NONE',  ( 2.036553692936426518, 0.2013947372879204278, 5.519999999999999574 ) ) ;
#1042 = CARTESIAN_POINT ( 'NONE',  ( 1.764863307568897088, -1.018944305707812470, 0.2322916666666626495 ) ) ;
#1043 = ADVANCED_FACE ( 'NONE', ( #3535 ), #5435, .T. ) ;
#1044 = CYLINDRICAL_SURFACE ( 'NONE', #2388, 2.000000000000000888 ) ;
#1045 = DIRECTION ( 'NONE',  ( -0.07992773943613179499, 0.07992773943613307175, 0.9935910189495774647 ) ) ;
#1046 = CARTESIAN_POINT ( 'NONE',  ( 0.2917824131876566307, -2.013052460119507003, 5.882449592809440908 ) ) ;
#1047 = CARTESIAN_POINT ( 'NONE',  ( -1.892491597964171594E-16, -1.545336663013218148, -5.899999999999993250 ) ) ;
#1048 = CARTESIAN_POINT ( 'NONE',  ( -0.2981763064969575883, 1.301042606982605321E-15, 0.2693673207834480499 ) ) ;
#1049 = COORDINATED_UNIVERSAL_TIME_OFFSET ( 6, 0, .BEHIND. ) ;
#1050 = CARTESIAN_POINT ( 'NONE',  ( -1.338300807568906459, -0.7726683315066161795, -3.129166666666658436 ) ) ;
#1051 = VERTEX_POINT ( 'NONE', #4039 ) ;
#1052 = CARTESIAN_POINT ( 'NONE',  ( -1.892491597964171594E-16, -1.545336663013218592, -2.312499999999992450 ) ) ;
#1053 = ORIENTED_EDGE ( 'NONE', *, *, #629, .T. ) ;
#1054 = DIRECTION ( 'NONE',  ( 1.000000000000000000, -7.993605777301127091E-15, 0.000000000000000000 ) ) ;
#1056 = ORIENTED_EDGE ( 'NONE', *, *, #1419, .T. ) ;
#1055 = CARTESIAN_POINT ( 'NONE',  ( -0.4264682910599295607, 1.541463596452088414, 2.149868863430737687 ) ) ;
#1057 = CARTESIAN_POINT ( 'NONE',  ( -0.7758462417557655533, -0.3213660356514380645, 6.599999999999999645 ) ) ;
#1058 = CARTESIAN_POINT ( 'NONE',  ( -0.2524519826797418931, 1.992423316400013134, 5.519999999999999574 ) ) ;
#1059 = ADVANCED_FACE ( 'NONE', ( #1978 ), #707, .T. ) ;
#1060 = CARTESIAN_POINT ( 'NONE',  ( 0.8922005383792704913, -1.545336663013219258, -0.2416666666666600072 ) ) ;
#1061 = CARTESIAN_POINT ( 'NONE',  ( -1.176575538379264874, 2.037888611415577866, 1.880208333333333703 ) ) ;
#1062 = ORIENTED_EDGE ( 'NONE', *, *, #4359, .F. ) ;
#1063 = CARTESIAN_POINT ( 'NONE',  ( 0.000000000000000000, 1.545336663013187728, 1.537500000000006528 ) ) ;
#1064 = CARTESIAN_POINT ( 'NONE',  ( 1.338300807568906903, 0.7726683315065852042, -0.06666666666666018481 ) ) ;
#1065 = CARTESIAN_POINT ( 'NONE',  ( -2.449293598294727122E-16, -2.000000000000031086, -4.150000000000003020 ) ) ;
#1066 = CARTESIAN_POINT ( 'NONE',  ( 1.764863307568897088, -1.018944305707812248, -3.967708333333335169 ) ) ;
#1067 = CARTESIAN_POINT ( 'NONE',  ( 1.732050807568890960, -1.000000000000024425, 0.8666666666666632546 ) ) ;
#1068 = DIRECTION ( 'NONE',  ( 0.000000000000000000, -1.000000000000000000, 0.000000000000000000 ) ) ;
#1069 = ORIENTED_EDGE ( 'NONE', *, *, #4673, .F. ) ;
#1070 = CARTESIAN_POINT ( 'NONE',  ( -0.2504225921733152505, -1.998076294093928507, 5.519999999999999574 ) ) ;
#1071 = CARTESIAN_POINT ( 'NONE',  ( 2.353151076758530191, -1.577902562776769437E-14, 0.2906249999999960809 ) ) ;
#1072 =( BOUNDED_CURVE ( )  B_SPLINE_CURVE ( 2, ( #1023, #630, #2297, #4051, #1080, #5330, #4444 ),
 .UNSPECIFIED., .F., .F. ) 
 B_SPLINE_CURVE_WITH_KNOTS ( ( 3, 2, 2, 3 ),
 ( 0.4166666666666667407, 0.4444444444444445308, 0.4722222222222223764, 0.5000000000000002220 ),
 .UNSPECIFIED. ) 
 CURVE ( )  GEOMETRIC_REPRESENTATION_ITEM ( )  RATIONAL_B_SPLINE_CURVE ( ( 0.9999999999999997780, 0.8660254037844389297, 1.000000000000000000, 0.8660254037844387076, 1.000000000000000000, 0.8660254037844375974, 1.000000000000001110 ) ) 
 REPRESENTATION_ITEM ( '' )  );
#1073 = CARTESIAN_POINT ( 'NONE',  ( -0.2274517295774855508, -2.059393133959878774, 5.761622436611324005 ) ) ;
#1074 = CARTESIAN_POINT ( 'NONE',  ( -2.035913483625626075, -0.2078686931306708008, 5.519999999999999574 ) ) ;
#1075 = ADVANCED_FACE ( 'NONE', ( #320 ), #4961, .T. ) ;
#1076 = CARTESIAN_POINT ( 'NONE',  ( 0.7038255543714089235, 0.4945611972164588033, 5.519999999999999574 ) ) ;
#1077 = PLANE ( 'NONE',  #4767 ) ;
#1078 = B_SPLINE_CURVE_WITH_KNOTS ( 'NONE', 3,
 ( #21, #5503, #4302, #5161, #4329, #884, #2580 ),
 .UNSPECIFIED., .F., .F.,
 ( 4, 3, 4 ),
 ( 0.000000000000000000, 0.0003661413032434433800, 0.0007230148281163596789 ),
 .UNSPECIFIED. ) ;
#1079 = CARTESIAN_POINT ( 'NONE',  ( -2.449293598294727122E-16, -2.000000000000030642, -5.462499999999996803 ) ) ;
#1080 = CARTESIAN_POINT ( 'NONE',  ( 1.732050807568892514, 0.9999999999999920064, -4.616666666666668029 ) ) ;
#1081 = EDGE_CURVE ( 'NONE', #5304, #2154, #3325, .T. ) ;
#1082 = CARTESIAN_POINT ( 'NONE',  ( 0.000000000000000000, 1.545336663013188172, -1.262499999999992850 ) ) ;
#1083 = VECTOR ( 'NONE', #5481, 1000.000000000000000 ) ;
#1084 = EDGE_LOOP ( 'NONE', ( #807, #3409, #3292, #5111 ) ) ;
#1085 = CARTESIAN_POINT ( 'NONE',  ( 2.309401076758522464, -1.560221724614079565E-14, -1.087499999999997913 ) ) ;
#1086 = CARTESIAN_POINT ( 'NONE',  ( -8.890102655181021247E-16, -0.2536874259130698639, 5.519999999999999574 ) ) ;
#1087 = AXIS2_PLACEMENT_3D ( 'NONE', #3683, #4908, #2828 ) ;
#1088 = CARTESIAN_POINT ( 'NONE',  ( -0.2412603967864198617, 1.801683601993796291, 2.715558321662104202 ) ) ;
#1089 = CARTESIAN_POINT ( 'NONE',  ( 0.2636244833933307219, 1.261356100933071156, 5.520000000000000462 ) ) ;
#1090 = CARTESIAN_POINT ( 'NONE',  ( 0.2482731141209515990, 2.004218045021218586, 5.519999999999999574 ) ) ;
#1091 = CIRCLE ( 'NONE', #201, 2.121718661993885036 ) ;
#1092 = CARTESIAN_POINT ( 'NONE',  ( -2.098156001281127558, -0.3306534476493329100, 6.252282781390399613 ) ) ;
#1093 = ORIENTED_EDGE ( 'NONE', *, *, #3047, .T. ) ;
#1094 = DIRECTION ( 'NONE',  ( -1.224646799147353207E-16, -1.000000000000000000, 0.000000000000000000 ) ) ;
#1095 = CARTESIAN_POINT ( 'NONE',  ( 0.000000000000000000, 1.545336663013187728, 0.05000000000000663636 ) ) ;
#1096 = CARTESIAN_POINT ( 'NONE',  ( -1.892491597964171594E-16, -1.545336663013218814, 0.4875000000000062061 ) ) ;
#1097 = SECURITY_CLASSIFICATION ( '', '', #570 ) ;
#1098 = DIRECTION ( 'NONE',  ( -0.000000000000000000, -1.224646799147353207E-16, 1.000000000000000000 ) ) ;
#1099 = CARTESIAN_POINT ( 'NONE',  ( 0.3306731578647243430, 2.047395140491270915, 6.252470311563134153 ) ) ;
#1100 = CARTESIAN_POINT ( 'NONE',  ( 1.338300807568907125, 0.7726683315065856483, -2.166666666666659857 ) ) ;
#1101 = ORIENTED_EDGE ( 'NONE', *, *, #3451, .F. ) ;
#1102 = CARTESIAN_POINT ( 'NONE',  ( -0.2037781729088397886, -2.036317995055057395, 5.519999999999999574 ) ) ;
#1103 = CARTESIAN_POINT ( 'NONE',  ( 2.353151076758530191, -1.603620145558864196E-14, 2.390624999999996003 ) ) ;
#1104 = DIRECTION ( 'NONE',  ( -0.000000000000000000, -1.224646799147353207E-16, 1.000000000000000000 ) ) ;
#1105 = FACE_OUTER_BOUND ( 'NONE', #1952, .T. ) ;
#1106 = CIRCLE ( 'NONE', #2267, 6.359696215217526039 ) ;
#1107 = CARTESIAN_POINT ( 'NONE',  ( -1.892491597964171594E-16, -1.545336663013218370, -3.799999999999992717 ) ) ;
#1108 = CARTESIAN_POINT ( 'NONE',  ( 0.3213660356514345673, -0.7758462417557674407, 6.599999999999999645 ) ) ;
#1109 =( BOUNDED_SURFACE ( )  B_SPLINE_SURFACE ( 1, 2, ( 
 ( #4624, #104, #3766, #4705, #348, #2118, #3400, #3793, #767, #2567, #3353, #2591, #424, #4648, #5459, #871, #5123, #2139, #449, #1813, #5093, #1213, #3840, #1297, #3870, #1712, #2539, #5516, #2937, #5491, #3521, #1663, #3377, #5069, #2487, #4600, #1262, #2963, #4184, #794, #2066, #2510, #4209, #2092, #2990, #4678, #819, #3428, #3606, #631, #191, #4825, #4445, #2778, #2749, #4472, #2356, #4416, #1449, #4388, #3166, #606, #4887, #2327, #1422, #1963, #5303, #2265, #1838, #1901, #2806, #573, #3546 ),
 ( #1479, #2298, #5247, #4856, #4081, #3965, #5331, #3196, #993, #4799, #964, #3136, #1932, #4022, #133, #1871, #2687, #2720, #1052, #3993, #5272, #544, #161, #4052, #247, #222, #3111, #661, #4503, #3634, #3575, #1024, #1506, #3223, #2383, #4915, #1082, #3660, #1395, #753, #5361, #2441, #4973, #2472, #3336, #2024, #306, #2051, #1168, #4139, #4586, #1201, #4170, #1593, #4554, #2925, #273, #1535, #5391, #4528, #720, #5033, #3254, #4946, #1115, #2832, #1621, #2892, #3283, #3748, #689, #4107, #332 ) ),
 .UNSPECIFIED., .F., .F., .F. ) 
 B_SPLINE_SURFACE_WITH_KNOTS ( ( 2, 2 ),
 ( 3, 2, 2, 2, 2, 2, 2, 2, 2, 2, 2, 2, 2, 2, 2, 2, 2, 2, 2, 2, 2, 2, 2, 2, 2, 2, 2, 2, 2, 2, 2, 2, 2, 2, 2, 2, 3 ),
 ( 0.000000000000000000, 1.000000000000000000 ),
 ( 0.000000000000000000, 0.02777777777777777624, 0.05555555555555555247, 0.08333333333333332871, 0.1111111111111111049, 0.1388888888888888951, 0.1666666666666666574, 0.1944444444444444475, 0.2222222222222222099, 0.2500000000000000000, 0.2777777777777777901, 0.3055555555555555802, 0.3333333333333333148, 0.3611111111111111049, 0.3888888888888888951, 0.4166666666666666852, 0.4444444444444444198, 0.4722222222222222099, 0.5000000000000000000, 0.5277777777777777901, 0.5555555555555555802, 0.5833333333333333703, 0.6111111111111111605, 0.6388888888888888395, 0.6666666666666666297, 0.6944444444444444198, 0.7222222222222222099, 0.7500000000000000000, 0.7777777777777777901, 0.8055555555555555802, 0.8333333333333333703, 0.8611111111111111605, 0.8888888888888888395, 0.9166666666666666297, 0.9444444444444444198, 0.9722222222222222099, 1.000000000000000000 ),
 .UNSPECIFIED. ) 
 GEOMETRIC_REPRESENTATION_ITEM ( )  RATIONAL_B_SPLINE_SURFACE ( (
 ( 1.000000000000000000, 0.8660254037844387076, 1.000000000000000000, 0.8660254037844387076, 1.000000000000000000, 0.8660254037844387076, 1.000000000000000000, 0.8660254037844387076, 1.000000000000000000, 0.8660254037844387076, 1.000000000000000000, 0.8660254037844387076, 1.000000000000000000, 0.8660254037844387076, 1.000000000000000000, 0.8660254037844387076, 1.000000000000000000, 0.8660254037844387076, 1.000000000000000000, 0.8660254037844387076, 1.000000000000000000, 0.8660254037844387076, 1.000000000000000000, 0.8660254037844387076, 1.000000000000000000, 0.8660254037844387076, 1.000000000000000000, 0.8660254037844387076, 1.000000000000000000, 0.8660254037844387076, 1.000000000000000000, 0.8660254037844387076, 1.000000000000000000, 0.8660254037844387076, 1.000000000000000000, 0.8660254037844387076, 1.000000000000000000, 0.8660254037844387076, 1.000000000000000000, 0.8660254037844387076, 1.000000000000000000, 0.8660254037844387076, 1.000000000000000000, 0.8660254037844387076, 1.000000000000000000, 0.8660254037844387076, 1.000000000000000000, 0.8660254037844387076, 1.000000000000000000, 0.8660254037844387076, 1.000000000000000000, 0.8660254037844387076, 1.000000000000000000, 0.8660254037844387076, 1.000000000000000000, 0.8660254037844387076, 1.000000000000000000, 0.8660254037844387076, 1.000000000000000000, 0.8660254037844387076, 1.000000000000000000, 0.8660254037844387076, 1.000000000000000000, 0.8660254037844387076, 1.000000000000000000, 0.8660254037844387076, 1.000000000000000000, 0.8660254037844387076, 1.000000000000000000, 0.8660254037844387076, 1.000000000000000000, 0.8660254037844387076, 1.000000000000000000),
 ( 1.000000000000000000, 0.8660254037844387076, 1.000000000000000000, 0.8660254037844387076, 1.000000000000000000, 0.8660254037844387076, 1.000000000000000000, 0.8660254037844387076, 1.000000000000000000, 0.8660254037844387076, 1.000000000000000000, 0.8660254037844387076, 1.000000000000000000, 0.8660254037844387076, 1.000000000000000000, 0.8660254037844387076, 1.000000000000000000, 0.8660254037844387076, 1.000000000000000000, 0.8660254037844387076, 1.000000000000000000, 0.8660254037844387076, 1.000000000000000000, 0.8660254037844387076, 1.000000000000000000, 0.8660254037844387076, 1.000000000000000000, 0.8660254037844387076, 1.000000000000000000, 0.8660254037844387076, 1.000000000000000000, 0.8660254037844387076, 1.000000000000000000, 0.8660254037844387076, 1.000000000000000000, 0.8660254037844387076, 1.000000000000000000, 0.8660254037844387076, 1.000000000000000000, 0.8660254037844387076, 1.000000000000000000, 0.8660254037844387076, 1.000000000000000000, 0.8660254037844387076, 1.000000000000000000, 0.8660254037844387076, 1.000000000000000000, 0.8660254037844387076, 1.000000000000000000, 0.8660254037844387076, 1.000000000000000000, 0.8660254037844387076, 1.000000000000000000, 0.8660254037844387076, 1.000000000000000000, 0.8660254037844387076, 1.000000000000000000, 0.8660254037844387076, 1.000000000000000000, 0.8660254037844387076, 1.000000000000000000, 0.8660254037844387076, 1.000000000000000000, 0.8660254037844387076, 1.000000000000000000, 0.8660254037844387076, 1.000000000000000000, 0.8660254037844387076, 1.000000000000000000, 0.8660254037844387076, 1.000000000000000000, 0.8660254037844387076, 1.000000000000000000) ) ) 
 REPRESENTATION_ITEM ( '' )  SURFACE ( )  );
#1110 = TOROIDAL_SURFACE ( 'NONE', #4249, 3.086842986109005871, 0.8800000000000001155 ) ;
#1111 = ADVANCED_FACE ( 'NONE', ( #2880 ), #1110, .T. ) ;
#1112 = ADVANCED_FACE ( 'NONE', ( #4931 ), #4952, .T. ) ;
#1113 = DIRECTION ( 'NONE',  ( -0.000000000000000000, -1.224646799147353207E-16, 1.000000000000000000 ) ) ;
#1114 = CARTESIAN_POINT ( 'NONE',  ( -2.449293598294727122E-16, -2.000000000000031530, 1.537500000000001421 ) ) ;
#1115 = CARTESIAN_POINT ( 'NONE',  ( -1.338300807568906459, -0.7726683315066166235, 0.3708333333333406201 ) ) ;
#1116 = ORIENTED_EDGE ( 'NONE', *, *, #3914, .F. ) ;
#1117 = CARTESIAN_POINT ( 'NONE',  ( 0.6709742978741782826, 0.2779266541832545179, 5.519999999999999574 ) ) ;
#1118 = DIRECTION ( 'NONE',  ( -0.000000000000000000, -1.224646799147353207E-16, 1.000000000000000000 ) ) ;
#1119 = EDGE_CURVE ( 'NONE', #4149, #3616, #3997, .T. ) ;
#1120 = CARTESIAN_POINT ( 'NONE',  ( 0.3051615960280123496, -2.025060413299282214, 6.009744014452266470 ) ) ;
#1121 = LINE ( 'NONE', #3343, #821 ) ;
#1122 = CARTESIAN_POINT ( 'NONE',  ( 0.2061515946880568273, 2.035934974192967761, 5.519999999999999574 ) ) ;
#1123 = CARTESIAN_POINT ( 'NONE',  ( -1.764863307568897755, 1.018944305707781162, 1.938541666666666829 ) ) ;
#1124 = ORIENTED_EDGE ( 'NONE', *, *, #2525, .F. ) ;
#1125 = CARTESIAN_POINT ( 'NONE',  ( 1.154700538379262342, 2.000000000000001332, -3.070833333333330195 ) ) ;
#1126 = CARTESIAN_POINT ( 'NONE',  ( 0.8922005383792716016, 1.545336663013187062, -0.7083333333333268200 ) ) ;
#1127 = CARTESIAN_POINT ( 'NONE',  ( 0.8922005383792717126, 1.545336663013187062, 4.279166666666673002 ) ) ;
#1128 = CARTESIAN_POINT ( 'NONE',  ( -1.176575538379265984, -2.037888611415607176, -4.842708333333336945 ) ) ;
#1129 = CARTESIAN_POINT ( 'NONE',  ( -1.082708096909055007, -1.102637102105849864, -6.600000000000000533 ) ) ;
#1130 = DIRECTION ( 'NONE',  ( -0.000000000000000000, -1.224646799147353207E-16, 1.000000000000000000 ) ) ;
#1131 = EDGE_LOOP ( 'NONE', ( #3395, #5529, #5347, #3255 ) ) ;
#1132 = CARTESIAN_POINT ( 'NONE',  ( 0.000000000000000000, -3.755373405933864372, 5.123421556813453570 ) ) ;
#1133 = CARTESIAN_POINT ( 'NONE',  ( -2.353151076758530191, -1.541698303080598328E-14, 2.040624999999996358 ) ) ;
#1134 = CARTESIAN_POINT ( 'NONE',  ( 1.176575538379266428, 2.037888611415577422, -3.836458333333331527 ) ) ;
#1135 = CARTESIAN_POINT ( 'NONE',  ( -2.031411139141730882, -0.2202216300322957232, 5.519999999999999574 ) ) ;
#1136 = CARTESIAN_POINT ( 'NONE',  ( 0.8922005383792704913, -1.545336663013218592, -3.741666666666659591 ) ) ;
#1137 = VERTEX_POINT ( 'NONE', #3738 ) ;
#1138 = CARTESIAN_POINT ( 'NONE',  ( -2.030507742538255833, 0.2527098193569096152, 5.510698694931665642 ) ) ;
#1139 = CARTESIAN_POINT ( 'NONE',  ( 2.048952037832948214, -0.3306177738950085154, 6.251943368290260317 ) ) ;
#1140 = B_SPLINE_CURVE_WITH_KNOTS ( 'NONE', 3,
 ( #3812, #5484, #4595, #4955 ),
 .UNSPECIFIED., .F., .F.,
 ( 4, 4 ),
 ( 2.235140038340936256E-19, 0.0001536824029211852232 ),
 .UNSPECIFIED. ) ;
#1141 =( BOUNDED_CURVE ( )  B_SPLINE_CURVE ( 2, ( #5101, #2102, #4714, #1273, #2149, #3801, #2177 ),
 .UNSPECIFIED., .F., .F. ) 
 B_SPLINE_CURVE_WITH_KNOTS ( ( 3, 2, 2, 3 ),
 ( 0.5000000000000000000, 0.5277777777777777901, 0.5555555555555554692, 0.5833333333333331483 ),
 .UNSPECIFIED. ) 
 CURVE ( )  GEOMETRIC_REPRESENTATION_ITEM ( )  RATIONAL_B_SPLINE_CURVE ( ( 1.000000000000000000, 0.8660254037844385966, 1.000000000000000000, 0.8660254037844385966, 1.000000000000000000, 0.8660254037844391517, 0.9999999999999994449 ) ) 
 REPRESENTATION_ITEM ( '' )  );
#1142 = ORIENTED_EDGE ( 'NONE', *, *, #3750, .F. ) ;
#1143 = LINE ( 'NONE', #2862, #3341 ) ;
#1144 = CARTESIAN_POINT ( 'NONE',  ( -0.7258733499714049575, -1.516185835260244641, 2.374374605513322134 ) ) ;
#1145 = CARTESIAN_POINT ( 'NONE',  ( 0.000000000000000000, -4.163799117101000559E-16, 3.399999999999999911 ) ) ;
#1146 = DIRECTION ( 'NONE',  ( 0.9238795325112867385, 0.3826834323650899483, -0.000000000000000000 ) ) ;
#1147 = CARTESIAN_POINT ( 'NONE',  ( -1.338300807568906459, -0.7726683315066166235, 0.2833333333333398762 ) ) ;
#1148 = EDGE_CURVE ( 'NONE', #680, #2275, #4544, .T. ) ;
#1149 = CARTESIAN_POINT ( 'NONE',  ( -2.495693764988950272E-16, -2.037888611415608064, 0.7718749999999997558 ) ) ;
#1150 = ORIENTED_EDGE ( 'NONE', *, *, #1148, .T. ) ;
#1151 = CARTESIAN_POINT ( 'NONE',  ( 1.214287501422803617, 0.2831209356723929371, 5.519999999999999574 ) ) ;
#1152 = CARTESIAN_POINT ( 'NONE',  ( 1.764863307568898643, 1.018944305707779607, -1.051041666666670205 ) ) ;
#1153 = B_SPLINE_CURVE_WITH_KNOTS ( 'NONE', 3,
 ( #1890, #3157, #1073, #4409, #5381, #652, #2345 ),
 .UNSPECIFIED., .F., .F.,
 ( 4, 3, 4 ),
 ( 4.801492635381654621E-16, 0.0003661413032429579827, 0.0007230148281158718963 ),
 .UNSPECIFIED. ) ;
#1154 = VERTEX_POINT ( 'NONE', #4572 ) ;
#1155 = CARTESIAN_POINT ( 'NONE',  ( -1.784401076758541871, -1.531518426562686332E-14, 0.9250000000000057065 ) ) ;
#1156 = CARTESIAN_POINT ( 'NONE',  ( 1.593823342152057121, 0.5791612347814359962, -6.470014909523335689 ) ) ;
#1157 = CARTESIAN_POINT ( 'NONE',  ( -2.495693764988950272E-16, -2.037888611415607620, -4.084375000000002309 ) ) ;
#1158 = CARTESIAN_POINT ( 'NONE',  ( 0.3085581802691609310, 2.091003355554515775, 6.238630262449334829 ) ) ;
#1159 = DIRECTION ( 'NONE',  ( -0.000000000000000000, -1.224646799147353207E-16, 1.000000000000000000 ) ) ;
#1160 = ORIENTED_EDGE ( 'NONE', *, *, #91, .T. ) ;
#1161 = CARTESIAN_POINT ( 'NONE',  ( 2.059598714811824216, 0.2275697390572361534, 5.762654258533584262 ) ) ;
#1162 = CARTESIAN_POINT ( 'NONE',  ( -2.353151076758530191, -1.446864716571625440E-14, -5.703124999999998224 ) ) ;
#1163 = CARTESIAN_POINT ( 'NONE',  ( -2.024863872424951250, -0.2316298193921903503, 5.519999999999999574 ) ) ;
#1164 = CARTESIAN_POINT ( 'NONE',  ( -1.338300807568906459, 0.7726683315065872026, -4.733333333333325399 ) ) ;
#1165 = ORIENTED_EDGE ( 'NONE', *, *, #1696, .F. ) ;
#1166 = FACE_OUTER_BOUND ( 'NONE', #1025, .T. ) ;
#1167 = CARTESIAN_POINT ( 'NONE',  ( 2.081946249364010626, -0.3178112645239572487, 6.241296139684465949 ) ) ;
#1168 = CARTESIAN_POINT ( 'NONE',  ( 0.000000000000000000, 1.545336663013187950, -0.5624999999999926725 ) ) ;
#1169 = VERTEX_POINT ( 'NONE', #1583 ) ;
#1170 = CARTESIAN_POINT ( 'NONE',  ( 2.034153965820719723, 0.2143225729869243090, 5.519999999999999574 ) ) ;
#1171 = CARTESIAN_POINT ( 'NONE',  ( -0.9967589818393287615, -1.345148294727451344, 2.355933448986657019 ) ) ;
#1172 = CARTESIAN_POINT ( 'NONE',  ( 1.154700538379260788, -2.000000000000031974, 0.1083333333333297011 ) ) ;
#1173 =( BOUNDED_SURFACE ( )  B_SPLINE_SURFACE ( 3, 2, ( 
 ( #1960, #3658, #1591 ),
 ( #3307, #5359, #1532 ),
 ( #3689, #5388, #3281 ),
 ( #4971, #1138, #2180 ) ),
 .UNSPECIFIED., .F., .F., .F. ) 
 B_SPLINE_SURFACE_WITH_KNOTS ( ( 4, 4 ),
 ( 3, 3 ),
 ( 0.001369727106715233058, 0.002118290325405065844 ),
 ( 0.000000000000000000, 1.000000000000000000 ),
 .UNSPECIFIED. ) 
 GEOMETRIC_REPRESENTATION_ITEM ( )  RATIONAL_B_SPLINE_SURFACE ( (
 ( 1.000000000000000000, 0.7555429849831098998, 1.000000000000000000),
 ( 1.000000000000000000, 0.7519723189654590190, 1.000000000000000000),
 ( 1.000000000000000000, 0.7482425841851638726, 1.000000000000000000),
 ( 1.000000000000000000, 0.7443298147724275449, 1.000000000000000000) ) ) 
 REPRESENTATION_ITEM ( '' )  SURFACE ( )  );
#1174 = CIRCLE ( 'NONE', #1536, 6.354903611260525054 ) ;
#1175 = DIRECTION ( 'NONE',  ( -0.000000000000000000, -1.224646799147353207E-16, 1.000000000000000000 ) ) ;
#1176 = DIRECTION ( 'NONE',  ( 0.000000000000000000, -1.000000000000000000, 0.000000000000000000 ) ) ;
#1177 = CARTESIAN_POINT ( 'NONE',  ( 1.176575538379264652, -2.037888611415608953, 2.930208333333333304 ) ) ;
#1178 = ORIENTED_EDGE ( 'NONE', *, *, #155, .F. ) ;
#1179 = FACE_OUTER_BOUND ( 'NONE', #5321, .T. ) ;
#1180 = VECTOR ( 'NONE', #2034, 1000.000000000000000 ) ;
#1181 = CARTESIAN_POINT ( 'NONE',  ( -1.764863307568897755, 1.018944305707781606, -2.917708333333336235 ) ) ;
#1182 = EDGE_CURVE ( 'NONE', #3676, #5477, #1013, .T. ) ;
#1183 = CARTESIAN_POINT ( 'NONE',  ( -0.8922005383792713795, -1.545336663013218592, 1.829166666666673047 ) ) ;
#1184 = EDGE_CURVE ( 'NONE', #4432, #1566, #5022, .T. ) ;
#1185 = CARTESIAN_POINT ( 'NONE',  ( 0.8348877459394838940, 1.766221022482871383, 3.122213891649280093 ) ) ;
#1186 = AXIS2_PLACEMENT_3D ( 'NONE', #109, #3037, #4726 ) ;
#1187 = CARTESIAN_POINT ( 'NONE',  ( -2.353151076758530191, -1.464545554734315311E-14, -4.259375000000003020 ) ) ;
#1188 = CARTESIAN_POINT ( 'NONE',  ( 0.8922005383792717126, 1.545336663013187284, -0.6208333333333260207 ) ) ;
#1189 = CARTESIAN_POINT ( 'NONE',  ( 0.000000000000000000, 1.791612637214382797, 0.6078125000000015321 ) ) ;
#1190 = ORIENTED_EDGE ( 'NONE', *, *, #3082, .F. ) ;
#1191 = CARTESIAN_POINT ( 'NONE',  ( 0.8922005383792718236, 1.545336663013187284, 1.391666666666672381 ) ) ;
#1192 = CARTESIAN_POINT ( 'NONE',  ( 1.176575538379266428, 2.037888611415576534, 3.907291666666663499 ) ) ;
#1193 = APPROVAL_PERSON_ORGANIZATION ( #657, #4999, #3961 ) ;
#1194 = CARTESIAN_POINT ( 'NONE',  ( -2.495693764988950272E-16, -2.037888611415607620, -3.428124999999997868 ) ) ;
#1195 = ADVANCED_FACE ( 'NONE', ( #4124 ), #2912, .T. ) ;
#1196 = CARTESIAN_POINT ( 'NONE',  ( -2.010395872630268421, -0.2448196554928115110, 5.519999999999999574 ) ) ;
#1197 = CARTESIAN_POINT ( 'NONE',  ( 2.047395140491269139, -0.3306731578647323366, 6.252470311563133265 ) ) ;
#1198 = ORIENTED_EDGE ( 'NONE', *, *, #3082, .T. ) ;
#1199 = DIRECTION ( 'NONE',  ( 0.000000000000000000, -0.9967800569107643227, 0.08018427617041408439 ) ) ;
#1200 = CARTESIAN_POINT ( 'NONE',  ( 0.000000000000000000, 2.000000000000002220, -5.812499999999996447 ) ) ;
#1201 = CARTESIAN_POINT ( 'NONE',  ( -1.784401076758541871, -1.515444937323876870E-14, -0.3874999999999928502 ) ) ;
#1202 = VECTOR ( 'NONE', #2821, 999.9999999999998863 ) ;
#1203 = ORIENTED_EDGE ( 'NONE', *, *, #2326, .T. ) ;
#1204 = CARTESIAN_POINT ( 'NONE',  ( 1.981229768641074473, 0.2536874259130706966, 5.519999999999999574 ) ) ;
#1205 = CARTESIAN_POINT ( 'NONE',  ( 0.000000000000000000, -4.711997834488155533E-16, 6.599999999999999645 ) ) ;
#1206 = CARTESIAN_POINT ( 'NONE',  ( -1.978834712860428668, -0.2536874259130720843, 5.519999999999999574 ) ) ;
#1207 = DIRECTION ( 'NONE',  ( -0.9945218953682732899, 2.560208959210475695E-17, -0.1045284632676536929 ) ) ;
#1208 = VERTEX_POINT ( 'NONE', #1918 ) ;
#1209 = CARTESIAN_POINT ( 'NONE',  ( -1.998076294093926064, 0.2504225921733352345, 5.519999999999999574 ) ) ;
#1210 = CARTESIAN_POINT ( 'NONE',  ( -2.495693764988950272E-16, -2.037888611415608064, -0.5843750000000037526 ) ) ;
#1211 = CARTESIAN_POINT ( 'NONE',  ( 0.8922005383792704913, -1.545336663013219480, 1.945833333333339299 ) ) ;
#1212 = CARTESIAN_POINT ( 'NONE',  ( 0.4907829299633850728, -1.761425815156204555, 2.777784708574424943 ) ) ;
#1213 = CARTESIAN_POINT ( 'NONE',  ( 2.353151076758530191, -1.551649197020047979E-14, -1.853124999999999245 ) ) ;
#1214 = CARTESIAN_POINT ( 'NONE',  ( -1.338300807568906459, -0.7726683315066161795, -3.129166666666659324 ) ) ;
#1215 = CARTESIAN_POINT ( 'NONE',  ( 1.338300807568907125, 0.7726683315065855373, -1.466666666666659902 ) ) ;
#1216 = CLOSED_SHELL ( 'NONE', ( #5342, #4604, #259, #1075, #118, #3215, #3351, #1043, #1522, #1675, #3412, #749, #2279, #940, #5383, #2696, #1351, #1195, #2865, #1283, #4975, #5104, #3314, #1994, #84, #3854, #498, #3719, #1458, #777, #968, #2766, #2845, #5489, #2566, #1889, #196, #2952, #5077, #1112, #1605, #1111, #4904, #1530, #3279, #400, #3078, #3505, #4304, #2056, #517, #1059, #2023, #2083, #4765, #3786, #4878, #330, #3504, #336, #1761, #3475, #1737, #5357, #5055, #2946, #363, #2928, #4796, #782, #2979, #525, #4064, #4231, #2116, #1868, #5452, #2423, #3886, #1834, #1913, #1492, #869, #4240, #2181, #2915, #4508, #4734, #1499, #1634, #2603, #4056, #704, #1579, #3677, #5011, #624, #3761 ) ) ;
#1217 = EDGE_LOOP ( 'NONE', ( #4759, #1594, #2393, #2602 ) ) ;
#1218 = CARTESIAN_POINT ( 'NONE',  ( -1.338300807568906459, -0.7726683315066167346, 0.9833333333333388326 ) ) ;
#1219 = CARTESIAN_POINT ( 'NONE',  ( 1.362259747427715384, -0.2536874259130745823, 5.519999999999999574 ) ) ;
#1220 = CARTESIAN_POINT ( 'NONE',  ( 1.176575538379264652, -2.037888611415607620, -6.169791666666664121 ) ) ;
#1221 = CARTESIAN_POINT ( 'NONE',  ( -0.2275697301585652144, -2.059598706976067728, 5.762654176040929777 ) ) ;
#1222 = ORIENTED_EDGE ( 'NONE', *, *, #1009, .T. ) ;
#1223 = EDGE_CURVE ( 'NONE', #2706, #1566, #4577, .T. ) ;
#1224 = CARTESIAN_POINT ( 'NONE',  ( 0.000000000000000000, 2.050799999999993073, 3.400000000000000355 ) ) ;
#1225 = LINE ( 'NONE', #806, #1271 ) ;
#1226 = VERTEX_POINT ( 'NONE', #3872 ) ;
#1227 = CARTESIAN_POINT ( 'NONE',  ( 0.000000000000000000, 1.545336663013187950, 0.7937500000000067280 ) ) ;
#1228 = CARTESIAN_POINT ( 'NONE',  ( -1.598949074034341500, 0.3879762413154035916, 2.247621330715274812 ) ) ;
#1229 = FACE_OUTER_BOUND ( 'NONE', #1005, .T. ) ;
#1230 = DIRECTION ( 'NONE',  ( -0.000000000000000000, -1.224646799147353207E-16, 1.000000000000000000 ) ) ;
#1231 = B_SPLINE_CURVE_WITH_KNOTS ( 'NONE', 3,
 ( #1665, #822, #2095, #350 ),
 .UNSPECIFIED., .F., .F.,
 ( 4, 4 ),
 ( 0.000000000000000000, 0.0003018712239909428154 ),
 .UNSPECIFIED. ) ;
#1232 = VERTEX_POINT ( 'NONE', #796 ) ;
#1233 = CARTESIAN_POINT ( 'NONE',  ( 0.000000000000000000, 2.000000000000001776, -3.012499999999997513 ) ) ;
#1234 = CARTESIAN_POINT ( 'NONE',  ( -2.495693764988950272E-16, -2.037888611415607620, -3.384375000000003908 ) ) ;
#1235 = CARTESIAN_POINT ( 'NONE',  ( -1.784401076758541871, -1.566880102888066074E-14, 3.812500000000006661 ) ) ;
#1236 = CARTESIAN_POINT ( 'NONE',  ( 0.000000000000000000, 1.972154559199746693, 3.183923427258265715 ) ) ;
#1237 = LINE ( 'NONE', #845, #3944 ) ;
#1238 = CARTESIAN_POINT ( 'NONE',  ( 0.8922005383792704913, -1.545336663013218814, -2.254166666666659768 ) ) ;
#1239 = CARTESIAN_POINT ( 'NONE',  ( 1.338300807568907125, 0.7726683315065854263, -0.7666666666666602792 ) ) ;
#1240 = EDGE_LOOP ( 'NONE', ( #162, #3212, #1560, #2002 ) ) ;
#1241 = CARTESIAN_POINT ( 'NONE',  ( 1.338300807568906015, -0.7726683315066178448, 1.916666666666672292 ) ) ;
#1242 = CARTESIAN_POINT ( 'NONE',  ( 0.000000000000000000, 2.000000000000001332, -0.2124999999999974964 ) ) ;
#1243 = CARTESIAN_POINT ( 'NONE',  ( -1.764863307568897755, 1.018944305707781606, -3.661458333333331261 ) ) ;
#1244 = CARTESIAN_POINT ( 'NONE',  ( 1.784401076758541649, -1.485212108166304287E-14, -6.424999999999993605 ) ) ;
#1245 = CARTESIAN_POINT ( 'NONE',  ( -0.3306731578647052472, 2.047395140491274024, 6.252470311563134153 ) ) ;
#1246 = ORIENTED_EDGE ( 'NONE', *, *, #4826, .T. ) ;
#1247 = CARTESIAN_POINT ( 'NONE',  ( 0.000000000000000000, -2.000000000000001332, 6.599999999999999645 ) ) ;
#1248 = EDGE_CURVE ( 'NONE', #1622, #966, #1231, .T. ) ;
#1249 = CYLINDRICAL_SURFACE ( 'NONE', #2800, 2.000000000000000888 ) ;
#1250 = ORIENTED_EDGE ( 'NONE', *, *, #5461, .F. ) ;
#1251 = CARTESIAN_POINT ( 'NONE',  ( 1.784401076758541649, -1.588082439294682064E-14, 1.975000000000006084 ) ) ;
#1252 = LINE ( 'NONE', #2978, #2809 ) ;
#1253 =( BOUNDED_CURVE ( )  B_SPLINE_CURVE ( 2, ( #1956, #5412, #775, #4075, #2046, #1588, #4939 ),
 .UNSPECIFIED., .F., .F. ) 
 B_SPLINE_CURVE_WITH_KNOTS ( ( 3, 2, 2, 3 ),
 ( 0.4999999999999997780, 0.5277777777777775681, 0.5555555555555553582, 0.5833333333333330373 ),
 .UNSPECIFIED. ) 
 CURVE ( )  GEOMETRIC_REPRESENTATION_ITEM ( )  RATIONAL_B_SPLINE_CURVE ( ( 1.000000000000001110, 0.8660254037844374864, 1.000000000000000000, 0.8660254037844385966, 1.000000000000000000, 0.8660254037844397068, 0.9999999999999988898 ) ) 
 REPRESENTATION_ITEM ( '' )  );
#1254 = CARTESIAN_POINT ( 'NONE',  ( 2.030507742538257610, -0.2527098193568967366, 5.510698694931664754 ) ) ;
#1255 = EDGE_CURVE ( 'NONE', #5530, #3416, #754, .T. ) ;
#1256 = DIRECTION ( 'NONE',  ( -1.000000000000000000, 1.048731557305889355E-14, -0.000000000000000000 ) ) ;
#1257 = EDGE_LOOP ( 'NONE', ( #5080, #2993, #3356, #2285 ) ) ;
#1258 = DIRECTION ( 'NONE',  ( -0.02078751127481353114, 0.1045058763748858005, 0.9943069954385901354 ) ) ;
#1259 = CARTESIAN_POINT ( 'NONE',  ( 1.764863307568897088, -1.018944305707812248, -3.267708333333336768 ) ) ;
#1260 = CARTESIAN_POINT ( 'NONE',  ( 0.8922005383792717126, 1.545336663013187062, 2.091666666666672114 ) ) ;
#1261 = CARTESIAN_POINT ( 'NONE',  ( -1.732050807568891404, 0.9999999999999940048, -5.783333333333335879 ) ) ;
#1262 = CARTESIAN_POINT ( 'NONE',  ( 0.000000000000000000, 2.037888611415577866, -0.9781249999999989120 ) ) ;
#1263 = CARTESIAN_POINT ( 'NONE',  ( 0.000000000000000000, 1.545336663013187950, -0.5624999999999926725 ) ) ;
#1264 = VECTOR ( 'NONE', #4113, 1000.000000000000000 ) ;
#1265 = CARTESIAN_POINT ( 'NONE',  ( 0.8922005383792703803, -1.545336663013219258, 0.4583333333333396431 ) ) ;
#1266 = ORIENTED_EDGE ( 'NONE', *, *, #3827, .T. ) ;
#1267 = CARTESIAN_POINT ( 'NONE',  ( 0.000000000000000000, -1.673716297655019978E-16, 4.119054849979190358 ) ) ;
#1268 = CARTESIAN_POINT ( 'NONE',  ( -1.764863307568897977, -1.018944305707811582, 3.498958333333329396 ) ) ;
#1269 = APPROVAL ( #4018, 'UNSPECIFIED' ) ;
#1270 = CARTESIAN_POINT ( 'NONE',  ( -1.784401076758541871, -1.472582299353719884E-14, -3.887499999999991740 ) ) ;
#1271 = VECTOR ( 'NONE', #2523, 1000.000000000000000 ) ;
#1272 = CARTESIAN_POINT ( 'NONE',  ( 2.121718661993897470, 2.070106209874711453E-15, 6.235777398414732886 ) ) ;
#1273 = CARTESIAN_POINT ( 'NONE',  ( 2.309401076758522464, -1.594511834990205596E-14, 1.712500000000001465 ) ) ;
#1274 = ORIENTED_EDGE ( 'NONE', *, *, #4938, .T. ) ;
#1275 = CIRCLE ( 'NONE', #4137, 6.354903611260523277 ) ;
#1276 = CARTESIAN_POINT ( 'NONE',  ( 1.565395411967453576, 0.8152740071238118169, 2.604375576331061204 ) ) ;
#1277 = FACE_OUTER_BOUND ( 'NONE', #41, .T. ) ;
#1278 = CARTESIAN_POINT ( 'NONE',  ( 0.4993186560825109144, 1.936667467503897511, 3.260428147091726458 ) ) ;
#1279 = B_SPLINE_CURVE_WITH_KNOTS ( 'NONE', 3,
 ( #1700, #4277, #832, #2552, #154, #1831, #3080 ),
 .UNSPECIFIED., .F., .F.,
 ( 4, 3, 4 ),
 ( 4.801492635381654621E-16, 0.0003661413032429588501, 0.0007230148281158690774 ),
 .UNSPECIFIED. ) ;
#1280 = ORIENTED_EDGE ( 'NONE', *, *, #2597, .F. ) ;
#1281 = EDGE_CURVE ( 'NONE', #3676, #708, #2068, .T. ) ;
#1282 = CARTESIAN_POINT ( 'NONE',  ( 0.8922005383792703803, -1.545336663013219480, 3.258333333333339077 ) ) ;
#1283 = ADVANCED_FACE ( 'NONE', ( #5125 ), #1299, .T. ) ;
#1284 = DIRECTION ( 'NONE',  ( 1.000000000000000000, 0.000000000000000000, 0.000000000000000000 ) ) ;
#1285 = CARTESIAN_POINT ( 'NONE',  ( -0.8922005383792707134, 1.545336663013188616, -5.404166666666658791 ) ) ;
#1286 = CARTESIAN_POINT ( 'NONE',  ( 1.784401076758541649, -1.554863894867810060E-14, -0.7374999999999924949 ) ) ;
#1287 = AXIS2_PLACEMENT_3D ( 'NONE', #2010, #2850, #3211 ) ;
#1288 = VERTEX_POINT ( 'NONE', #3119 ) ;
#1289 =( BOUNDED_CURVE ( )  B_SPLINE_CURVE ( 2, ( #4374, #1820, #1405, #4268, #950, #3503, #1772 ),
 .UNSPECIFIED., .F., .F. ) 
 B_SPLINE_CURVE_WITH_KNOTS ( ( 3, 2, 2, 3 ),
 ( 0.6666666666666666297, 0.6944444444444443088, 0.7222222222222222099, 0.7500000000000000000 ),
 .UNSPECIFIED. ) 
 CURVE ( )  GEOMETRIC_REPRESENTATION_ITEM ( )  RATIONAL_B_SPLINE_CURVE ( ( 1.000000000000000444, 0.8660254037844380415, 1.000000000000000000, 0.8660254037844385966, 1.000000000000000000, 0.8660254037844385966, 1.000000000000000000 ) ) 
 REPRESENTATION_ITEM ( '' )  );
#1290 = CARTESIAN_POINT ( 'NONE',  ( 0.000000000000000000, 2.000000000000000888, 2.587500000000001688 ) ) ;
#1291 = EDGE_CURVE ( 'NONE', #1232, #3946, #3631, .T. ) ;
#1292 = VERTEX_POINT ( 'NONE', #973 ) ;
#1293 = DIRECTION ( 'NONE',  ( -0.000000000000000000, -1.224646799147353207E-16, 1.000000000000000000 ) ) ;
#1294 = B_SPLINE_CURVE_WITH_KNOTS ( 'NONE', 3,
 ( #4437, #4849, #3986, #4014, #5294, #4819, #3079, #153, #1017, #2741, #2289, #3958, #127, #4770, #5213, #182, #1389, #3515, #4793, #72, #1473, #5265, #2656, #5183, #1441, #4879, #595, #3538 ),
 .UNSPECIFIED., .F., .F.,
 ( 4, 2, 2, 2, 2, 2, 2, 2, 2, 2, 2, 2, 2, 4 ),
 ( 0.005073524392077728186, 0.005443404127528564743, 0.005813283862979402167, 0.006553043333881076148, 0.006922923069331912704, 0.007292802804782750128, 0.007662682540233587553, 0.008032562275684424977, 0.008402442011135262401, 0.008772321746586099825, 0.009142201482036937249, 0.009512081217487772938, 0.01025184068838944952, 0.01099160015929112437 ),
 .UNSPECIFIED. ) ;
#1295 = DIRECTION ( 'NONE',  ( -0.9188184237650779407, -0.3805870524817688838, -0.1045284632676537900 ) ) ;
#1296 = CARTESIAN_POINT ( 'NONE',  ( -1.892491597964171594E-16, -1.545336663013218148, -5.199999999999993072 ) ) ;
#1297 = CARTESIAN_POINT ( 'NONE',  ( 1.176575538379266428, 2.037888611415577422, -1.736458333333332327 ) ) ;
#1298 = CARTESIAN_POINT ( 'NONE',  ( -0.8922005383792708244, 1.545336663013188394, -2.604166666666659413 ) ) ;
#1299 = CYLINDRICAL_SURFACE ( 'NONE', #2731, 2.000000000000000888 ) ;
#1300 = VERTEX_POINT ( 'NONE', #169 ) ;
#1301 = CARTESIAN_POINT ( 'NONE',  ( 0.2013947372879189290, 2.036553692936426962, 5.519999999999999574 ) ) ;
#1302 = SPHERICAL_SURFACE ( 'NONE', #5474, 6.361972271885258046 ) ;
#1303 = CARTESIAN_POINT ( 'NONE',  ( 1.764863307568898643, 1.018944305707780051, -2.494791666666665186 ) ) ;
#1304 = CARTESIAN_POINT ( 'NONE',  ( 0.8922005383792703803, -1.545336663013218370, -5.841666666666658791 ) ) ;
#1305 = CARTESIAN_POINT ( 'NONE',  ( 1.234094626827383800, -0.3826980794443332612, 6.467413237156725891 ) ) ;
#1306 = ORIENTED_EDGE ( 'NONE', *, *, #3104, .T. ) ;
#1307 = CARTESIAN_POINT ( 'NONE',  ( -2.449293598294727122E-16, -2.000000000000031086, -4.762499999999997513 ) ) ;
#1308 = DIRECTION ( 'NONE',  ( 0.3826834323650964431, 0.9238795325112839629, 5.476675868220778142E-14 ) ) ;
#1309 = CARTESIAN_POINT ( 'NONE',  ( -0.8922005383792713795, -1.545336663013217926, -4.470833333333324333 ) ) ;
#1310 = ORIENTED_EDGE ( 'NONE', *, *, #518, .T. ) ;
#1311 = CARTESIAN_POINT ( 'NONE',  ( -0.8922005383792712685, -1.545336663013218370, 1.741666666666672247 ) ) ;
#1312 = APPROVAL_ROLE ( '' ) ;
#1313 = CARTESIAN_POINT ( 'NONE',  ( -1.732050807568891404, 0.9999999999999937828, -5.083333333333335702 ) ) ;
#1314 = CARTESIAN_POINT ( 'NONE',  ( 0.8922005383792718236, 1.545336663013187284, 0.07916666666667399044 ) ) ;
#1315 = ORIENTED_EDGE ( 'NONE', *, *, #1119, .T. ) ;
#1316 = CARTESIAN_POINT ( 'NONE',  ( -0.3045459121027513927, 2.075861296726036365, 6.003886173198476506 ) ) ;
#1317 = CARTESIAN_POINT ( 'NONE',  ( -1.764863307568897977, -1.018944305707811360, -0.001041666666670021391 ) ) ;
#1318 = CARTESIAN_POINT ( 'NONE',  ( 0.8922005383792704913, -1.545336663013219480, 1.858333333333338500 ) ) ;
#1319 = CARTESIAN_POINT ( 'NONE',  ( 1.784401076758541649, -1.510929690948399047E-14, -4.324999999999992184 ) ) ;
#1320 = EDGE_CURVE ( 'NONE', #5248, #4550, #3973, .T. ) ;
#1321 = CARTESIAN_POINT ( 'NONE',  ( 1.784401076758541871, -1.528074746136461589E-14, -2.924999999999993605 ) ) ;
#1322 =( BOUNDED_CURVE ( )  B_SPLINE_CURVE ( 2, ( #4347, #504, #232, #4837, #256, #3975, #3233, #555, #2336, #3617, #4003, #975, #1063, #3555, #2816, #2787, #4865, #144, #4924, #5340, #4482, #3121, #5256 ),
 .UNSPECIFIED., .F., .T. ) 
 B_SPLINE_CURVE_WITH_KNOTS ( ( 3, 2, 2, 2, 2, 2, 2, 2, 2, 2, 2, 3 ),
 ( 0.1666666666666666574, 0.1944444444444444475, 0.2222222222222222099, 0.2500000000000000000, 0.2777777777777777901, 0.3055555555555555802, 0.3333333333333333148, 0.3611111111111111049, 0.3888888888888888951, 0.4166666666666666297, 0.4444444444444444198, 0.4463389481068105180 ),
 .UNSPECIFIED. ) 
 CURVE ( )  GEOMETRIC_REPRESENTATION_ITEM ( )  RATIONAL_B_SPLINE_CURVE ( ( 1.000000000000000000, 0.8660254037844387076, 1.000000000000000000, 0.8660254037844387076, 1.000000000000000000, 0.8660254037844387076, 1.000000000000000000, 0.8660254037844387076, 1.000000000000000000, 0.8660254037844387076, 1.000000000000000000, 0.8660254037844387076, 1.000000000000000000, 0.8660254037844387076, 1.000000000000000000, 0.8660254037844387076, 1.000000000000000000, 0.8660254037844387076, 1.000000000000000000, 0.8660254037844387076, 1.000000000000000000, 0.9908626469250015889, 0.9829716677682771575 ) ) 
 REPRESENTATION_ITEM ( '' )  );
#1323 = PRODUCT ( '92000A220_Passivated 18-8 Stainless Steel Pan Head Phillips Screws', '92000A220_Passivated 18-8 Stainless Steel Pan Head Phillips Screws', '', ( #2660 ) ) ;
#1324 = CARTESIAN_POINT ( 'NONE',  ( 0.8922005383792703803, -1.545336663013218814, -1.641666666666660390 ) ) ;
#1325 = VERTEX_POINT ( 'NONE', #2697 ) ;
#1326 = CARTESIAN_POINT ( 'NONE',  ( -0.7560228275327914860, 1.385267003826800014, 6.579841044881439061 ) ) ;
#1327 = CARTESIAN_POINT ( 'NONE',  ( -2.449293598294727122E-16, -2.000000000000031086, -2.750000000000002220 ) ) ;
#1328 = CARTESIAN_POINT ( 'NONE',  ( 2.353151076758530191, -1.543076669426016708E-14, -2.553124999999997868 ) ) ;
#1329 = EDGE_CURVE ( 'NONE', #874, #5339, #5037, .T. ) ;
#1330 = CARTESIAN_POINT ( 'NONE',  ( 1.732050807568890960, -1.000000000000023981, -3.945833333333329751 ) ) ;
#1331 = DIRECTION ( 'NONE',  ( 0.000000000000000000, -1.000000000000000000, -4.015563601798179106E-16 ) ) ;
#1332 = VERTEX_POINT ( 'NONE', #1848 ) ;
#1333 = CARTESIAN_POINT ( 'NONE',  ( 0.5641325309436255875, -1.611252086572872555, 2.445396243421744664 ) ) ;
#1334 = CARTESIAN_POINT ( 'NONE',  ( -0.1563483373824581801, 0.06476160179830221797, 0.2202409151620010053 ) ) ;
#1335 = ORIENTED_EDGE ( 'NONE', *, *, #4262, .T. ) ;
#1336 = CARTESIAN_POINT ( 'NONE',  ( 0.8922005383792704913, -1.545336663013218592, -5.054166666666658259 ) ) ;
#1337 = CARTESIAN_POINT ( 'NONE',  ( -0.8922005383792712685, -1.545336663013218592, 3.841666666666672114 ) ) ;
#1338 = CARTESIAN_POINT ( 'NONE',  ( 0.000000000000000000, 2.000000000000001776, -1.700000000000002842 ) ) ;
#1339 = CARTESIAN_POINT ( 'NONE',  ( 0.8922005383792703803, -1.545336663013218592, -5.754166666666658436 ) ) ;
#1340 = CARTESIAN_POINT ( 'NONE',  ( -0.6910024708206978783, -0.6151387054226541418, 6.533202845889501731 ) ) ;
#1341 = ORIENTED_EDGE ( 'NONE', *, *, #5210, .F. ) ;
#1342 = CARTESIAN_POINT ( 'NONE',  ( -0.2275697301585149490, 2.059598706976072169, 5.762654176040923559 ) ) ;
#1343 = CARTESIAN_POINT ( 'NONE',  ( 1.154700538379257013, 2.000000000000009770, 1.129166666666669094 ) ) ;
#1344 = CARTESIAN_POINT ( 'NONE',  ( 0.000000000000000000, 1.545336663013187728, 1.450000000000005729 ) ) ;
#1345 = CARTESIAN_POINT ( 'NONE',  ( -0.8922005383792713795, -1.545336663013218148, -3.858333333333325843 ) ) ;
#1346 = CARTESIAN_POINT ( 'NONE',  ( -0.8922005383792708244, 1.545336663013188172, -1.991666666666659813 ) ) ;
#1347 = CARTESIAN_POINT ( 'NONE',  ( -1.237294757821882030, -0.3987862243729444200, 6.620481711399902380 ) ) ;
#1348 = ORIENTED_EDGE ( 'NONE', *, *, #1563, .T. ) ;
#1349 = CARTESIAN_POINT ( 'NONE',  ( 0.000000000000000000, -4.711997834488155533E-16, 6.599999999999999645 ) ) ;
#1350 = CARTESIAN_POINT ( 'NONE',  ( -1.154700538379253461, -2.000000000000044853, -2.808333333333334902 ) ) ;
#1351 = ADVANCED_FACE ( 'NONE', ( #502 ), #4345, .T. ) ;
#1352 = EDGE_CURVE ( 'NONE', #2154, #4432, #174, .T. ) ;
#1353 = CARTESIAN_POINT ( 'NONE',  ( 0.000000000000000000, 1.545336663013188616, -5.462499999999991473 ) ) ;
#1354 =( BOUNDED_CURVE ( )  B_SPLINE_CURVE ( 2, ( #4492, #3185, #1439, #650, #4461, #239, #5263 ),
 .UNSPECIFIED., .F., .F. ) 
 B_SPLINE_CURVE_WITH_KNOTS ( ( 3, 2, 2, 3 ),
 ( 0.4166666666666667407, 0.4444444444444444753, 0.4722222222222222654, 0.5000000000000000000 ),
 .UNSPECIFIED. ) 
 CURVE ( )  GEOMETRIC_REPRESENTATION_ITEM ( )  RATIONAL_B_SPLINE_CURVE ( ( 0.9999999999999994449, 0.8660254037844391517, 1.000000000000000000, 0.8660254037844385966, 1.000000000000000000, 0.8660254037844385966, 1.000000000000000000 ) ) 
 REPRESENTATION_ITEM ( '' )  );
#1355 = VECTOR ( 'NONE', #1146, 1000.000000000000114 ) ;
#1356 = CARTESIAN_POINT ( 'NONE',  ( 1.338300807568905793, -0.7726683315066170676, -2.983333333333325843 ) ) ;
#1357 = CARTESIAN_POINT ( 'NONE',  ( 1.176575538379264652, -2.037888611415608953, 3.630208333333333037 ) ) ;
#1358 = CARTESIAN_POINT ( 'NONE',  ( 0.2536874259130691978, 1.978834712860429113, 5.519999999999999574 ) ) ;
#1359 = ORIENTED_EDGE ( 'NONE', *, *, #3901, .F. ) ;
#1360 = EDGE_CURVE ( 'NONE', #960, #1232, #2274, .T. ) ;
#1361 = AXIS2_PLACEMENT_3D ( 'NONE', #1326, #2673, #5228 ) ;
#1362 = CARTESIAN_POINT ( 'NONE',  ( 0.000000000000000000, -4.163799117101000559E-16, 3.399999999999999911 ) ) ;
#1363 = CARTESIAN_POINT ( 'NONE',  ( 2.666532345875213500E-15, -8.475856478330461563E-16, 5.519999999999999574 ) ) ;
#1364 = AXIS2_PLACEMENT_3D ( 'NONE', #4312, #2666, #1373 ) ;
#1365 = CARTESIAN_POINT ( 'NONE',  ( -0.8922005383792708244, 1.545336663013188616, -6.104166666666658969 ) ) ;
#1366 = CARTESIAN_POINT ( 'NONE',  ( -1.338300807568906459, -0.7726683315066165125, 0.2833333333333389881 ) ) ;
#1367 = DIRECTION ( 'NONE',  ( 0.000000000000000000, -1.000000000000000000, -1.224646799147353207E-16 ) ) ;
#1368 = AXIS2_PLACEMENT_3D ( 'NONE', #3467, #27, #1284 ) ;
#1369 = CARTESIAN_POINT ( 'NONE',  ( 0.000000000000000000, 1.545336663013188394, -3.362499999999991829 ) ) ;
#1370 = CARTESIAN_POINT ( 'NONE',  ( 1.784401076758541649, -1.537718839679747203E-14, -2.137499999999992628 ) ) ;
#1371 = ORIENTED_EDGE ( 'NONE', *, *, #1081, .F. ) ;
#1372 = CARTESIAN_POINT ( 'NONE',  ( -2.449293598294727122E-16, -2.000000000000031530, 1.537500000000001421 ) ) ;
#1373 = DIRECTION ( 'NONE',  ( 1.224646799147352961E-16, 1.000000000000000000, 0.000000000000000000 ) ) ;
#1374 = CARTESIAN_POINT ( 'NONE',  ( -1.338300807568906459, 0.7726683315065862034, 3.666666666666672292 ) ) ;
#1375 = CARTESIAN_POINT ( 'NONE',  ( 1.338300807568906015, -0.7726683315066168456, -5.783333333333326109 ) ) ;
#1376 = CARTESIAN_POINT ( 'NONE',  ( -0.8922005383792713795, -1.545336663013218370, 0.4291666666666740237 ) ) ;
#1377 = CARTESIAN_POINT ( 'NONE',  ( -0.2940686089498785738, 2.099546433507370136, 6.236374569529130163 ) ) ;
#1378 = ORIENTED_EDGE ( 'NONE', *, *, #4568, .F. ) ;
#1379 = CARTESIAN_POINT ( 'NONE',  ( 0.000000000000000000, 2.000000000000001332, -1.612499999999997602 ) ) ;
#1380 = CARTESIAN_POINT ( 'NONE',  ( -0.8922005383792707134, 1.545336663013188172, -3.391666666666659946 ) ) ;
#1381 = CARTESIAN_POINT ( 'NONE',  ( -1.784401076758541871, -1.438292188977593853E-14, -6.687499999999992006 ) ) ;
#1382 = CARTESIAN_POINT ( 'NONE',  ( -2.353151076758530191, -1.438827971952220867E-14, -6.359375000000001776 ) ) ;
#1383 = CARTESIAN_POINT ( 'NONE',  ( 1.784401076758541871, -1.589154005243936091E-14, 2.062500000000006661 ) ) ;
#1384 = CARTESIAN_POINT ( 'NONE',  ( 0.3047449643597283653, 2.024596751003750139, 6.005780028916996471 ) ) ;
#1385 = ORIENTED_EDGE ( 'NONE', *, *, #5151, .T. ) ;
#1386 = MANIFOLD_SOLID_BREP ( 'Boss-Extrude1', #1216 ) ;
#1387 =( BOUNDED_SURFACE ( )  B_SPLINE_SURFACE ( 3, 2, ( 
 ( #915, #2133, #4258 ),
 ( #2956, #2637, #5509 ),
 ( #3833, #887, #3468 ),
 ( #5164, #1254, #863 ) ),
 .UNSPECIFIED., .F., .F., .F. ) 
 B_SPLINE_SURFACE_WITH_KNOTS ( ( 4, 4 ),
 ( 3, 3 ),
 ( 0.001369727106715225903, 0.002118290325405059772 ),
 ( 0.000000000000000000, 1.000000000000000000 ),
 .UNSPECIFIED. ) 
 GEOMETRIC_REPRESENTATION_ITEM ( )  RATIONAL_B_SPLINE_SURFACE ( (
 ( 1.000000000000000000, 0.7555429849831094558, 1.000000000000000000),
 ( 1.000000000000000000, 0.7519723189654573536, 1.000000000000000000),
 ( 1.000000000000000000, 0.7482425841851655379, 1.000000000000000000),
 ( 1.000000000000000000, 0.7443298147724276559, 1.000000000000000000) ) ) 
 REPRESENTATION_ITEM ( '' )  SURFACE ( )  );
#1388 = AXIS2_PLACEMENT_3D ( 'NONE', #2825, #3213, #2708 ) ;
#1389 = CARTESIAN_POINT ( 'NONE',  ( -1.876476906294007652, -0.3344257310645422088, -6.260429818280584868 ) ) ;
#1390 = CARTESIAN_POINT ( 'NONE',  ( 0.3047450566756608747, -2.024596832512024935, 6.005780907244468558 ) ) ;
#1391 = EDGE_CURVE ( 'NONE', #4916, #1717, #774, .T. ) ;
#1392 = CARTESIAN_POINT ( 'NONE',  ( 0.000000000000000000, 1.545336663013188838, -6.249999999999992895 ) ) ;
#1393 = DIRECTION ( 'NONE',  ( 1.776356839400250465E-15, -1.000000000000000000, -2.168404344971007882E-16 ) ) ;
#1394 = FACE_OUTER_BOUND ( 'NONE', #2437, .T. ) ;
#1395 = CARTESIAN_POINT ( 'NONE',  ( -1.338300807568906459, 0.7726683315065867586, -1.145833333333325932 ) ) ;
#1396 = B_SPLINE_CURVE_WITH_KNOTS ( 'NONE', 3,
 ( #2193, #2163, #472, #421, #892, #3891, #497, #2613, #2215, #2563, #4368, #1765, #4779, #3063, #81, #3472, #3452, #5195 ),
 .UNSPECIFIED., .F., .F.,
 ( 4, 2, 2, 2, 2, 2, 2, 2, 4 ),
 ( 0.01244274246325306060, 0.01284709648182906852, 0.01325145050040507644, 0.01365580451898108436, 0.01406015853755709227, 0.01446451255613310019, 0.01486886657470910811, 0.01527322059328511603, 0.01567757461186112394 ),
 .UNSPECIFIED. ) ;
#1397 = VERTEX_POINT ( 'NONE', #2220 ) ;
#1398 = CARTESIAN_POINT ( 'NONE',  ( 0.2779266541832513537, 0.6709742978741800590, 5.519999999999999574 ) ) ;
#1399 = CARTESIAN_POINT ( 'NONE',  ( 1.732050807568890960, -1.000000000000024425, 0.9541666666666679397 ) ) ;
#1400 = DIRECTION ( 'NONE',  ( 0.1045058763748856062, -0.02078751127481547403, -0.9943069954385902465 ) ) ;
#1401 = CARTESIAN_POINT ( 'NONE',  ( -0.2535398336099510819, 1.983629357198802401, 5.519999999999999574 ) ) ;
#1402 = CARTESIAN_POINT ( 'NONE',  ( 1.338300807568907125, 0.7726683315065854263, -0.7666666666666602792 ) ) ;
#1403 = CARTESIAN_POINT ( 'NONE',  ( -1.154700538379266117, 1.999999999999992228, 0.5458333333333355020 ) ) ;
#1404 = VERTEX_POINT ( 'NONE', #142 ) ;
#1405 = CARTESIAN_POINT ( 'NONE',  ( 1.732050807568892292, 0.9999999999999915623, -2.429166666666664476 ) ) ;
#1406 = CARTESIAN_POINT ( 'NONE',  ( -1.784401076758541649, -1.480083260998497128E-14, -3.274999999999993694 ) ) ;
#1407 = CARTESIAN_POINT ( 'NONE',  ( -0.8922005383792713795, -1.545336663013218370, 0.4291666666666728025 ) ) ;
#1408 = CARTESIAN_POINT ( 'NONE',  ( -0.8922005383792707134, 1.545336663013188394, -4.791666666666659857 ) ) ;
#1409 = CARTESIAN_POINT ( 'NONE',  ( 1.176575538379264652, -2.037888611415608953, 4.330208333333333215 ) ) ;
#1410 = CARTESIAN_POINT ( 'NONE',  ( -0.4945611972164519754, 0.7038255543714134754, 5.519999999999999574 ) ) ;
#1411 = EDGE_LOOP ( 'NONE', ( #5166, #2647, #3957, #3319 ) ) ;
#1412 = CARTESIAN_POINT ( 'NONE',  ( 2.070665643403694300, 0.2404725625119465693, 5.882448275415796957 ) ) ;
#1413 = ORIENTED_EDGE ( 'NONE', *, *, #2280, .F. ) ;
#1414 = CARTESIAN_POINT ( 'NONE',  ( -0.3306177738950005218, -2.048952037832951323, 6.251943368290258540 ) ) ;
#1415 = CARTESIAN_POINT ( 'NONE',  ( 0.3177086615420514626, -2.036042789131435438, 6.129121368583843044 ) ) ;
#1416 = CARTESIAN_POINT ( 'NONE',  ( 1.338300807568906015, -0.7726683315066171787, -3.595833333333325221 ) ) ;
#1417 = DIRECTION ( 'NONE',  ( -0.9945218953682734009, 0.000000000000000000, 0.1045284632676537068 ) ) ;
#1418 = EDGE_CURVE ( 'NONE', #3035, #2275, #3175, .T. ) ;
#1419 = EDGE_CURVE ( 'NONE', #1849, #670, #3245, .T. ) ;
#1420 = CARTESIAN_POINT ( 'NONE',  ( -2.066697242541985613, -0.3265054118153265517, 6.246092966771985111 ) ) ;
#1421 = CARTESIAN_POINT ( 'NONE',  ( 0.000000000000000000, 1.301042606982605321E-15, 0.2380277281147412660 ) ) ;
#1422 = CARTESIAN_POINT ( 'NONE',  ( -1.764863307568897977, -1.018944305707811360, 0.6552083333333340587 ) ) ;
#1423 = ORIENTED_EDGE ( 'NONE', *, *, #4403, .T. ) ;
#1424 = DIRECTION ( 'NONE',  ( -1.000000000000000000, 0.000000000000000000, 0.000000000000000000 ) ) ;
#1425 = CARTESIAN_POINT ( 'NONE',  ( 1.732050807568890960, -1.000000000000023981, -2.633333333333335080 ) ) ;
#1426 = EDGE_CURVE ( 'NONE', #5399, #3759, #4246, .T. ) ;
#1427 = CARTESIAN_POINT ( 'NONE',  ( 0.4945611972164575820, 0.7038255543714093676, 5.519999999999999574 ) ) ;
#1428 = CARTESIAN_POINT ( 'NONE',  ( 1.784401076758541649, -1.519502218542430318E-14, -3.624999999999992895 ) ) ;
#1429 = CARTESIAN_POINT ( 'NONE',  ( 1.338300807568906015, -0.7726683315066172897, -2.983333333333326731 ) ) ;
#1430 = CARTESIAN_POINT ( 'NONE',  ( -1.978834712860428668, -0.2536874259130720843, 5.519999999999999574 ) ) ;
#1431 = ORIENTED_EDGE ( 'NONE', *, *, #697, .T. ) ;
#1432 = CARTESIAN_POINT ( 'NONE',  ( -0.5553640670495362253, -1.710950060197431899, 2.697786859626018163 ) ) ;
#1433 = CARTESIAN_POINT ( 'NONE',  ( 0.000000000000000000, 1.545336663013187728, -0.6499999999999934719 ) ) ;
#1434 = CARTESIAN_POINT ( 'NONE',  ( 1.338300807568907125, 0.7726683315065852042, 0.7208333333333396542 ) ) ;
#1435 = CARTESIAN_POINT ( 'NONE',  ( 0.8922005383792716016, 1.545336663013187950, -4.908333333333326109 ) ) ;
#1436 = CARTESIAN_POINT ( 'NONE',  ( 1.338300807568906015, -0.7726683315066177338, 1.304166666666672914 ) ) ;
#1437 = CARTESIAN_POINT ( 'NONE',  ( 0.2448196554928036006, -2.010395872630270198, 5.519999999999999574 ) ) ;
#1438 = ORIENTED_EDGE ( 'NONE', *, *, #20, .F. ) ;
#1439 = CARTESIAN_POINT ( 'NONE',  ( -1.732050807568891626, -1.000000000000023315, 2.120833333333334458 ) ) ;
#1440 = CARTESIAN_POINT ( 'NONE',  ( 0.000000000000000000, -4.711997834488155533E-16, 6.599999999999999645 ) ) ;
#1441 = CARTESIAN_POINT ( 'NONE',  ( -0.9469308038729696841, -1.739169410510719826, -6.197575634137111322 ) ) ;
#1442 = CARTESIAN_POINT ( 'NONE',  ( 0.3203496856486674482, -2.078666698170413163, 6.242297865235609144 ) ) ;
#1443 = CARTESIAN_POINT ( 'NONE',  ( 0.000000000000000000, 1.545336663013188394, -4.062499999999991118 ) ) ;
#1444 = CARTESIAN_POINT ( 'NONE',  ( 2.066697242541986057, 0.3265054118153248863, 6.246092966771985111 ) ) ;
#1445 = VECTOR ( 'NONE', #3308, 1000.000000000000000 ) ;
#1446 = CARTESIAN_POINT ( 'NONE',  ( 1.784401076758541649, -1.503428729303621172E-14, -4.937499999999992006 ) ) ;
#1447 = CIRCLE ( 'NONE', #465, 2.046487425913058988 ) ;
#1448 = CARTESIAN_POINT ( 'NONE',  ( 1.154700538379262120, 2.000000000000000444, -1.058333333333336679 ) ) ;
#1449 = CARTESIAN_POINT ( 'NONE',  ( 1.764863307568898643, 1.018944305707779607, 0.3052083333333339699 ) ) ;
#1450 = EDGE_LOOP ( 'NONE', ( #5302, #4708, #4460, #4896 ) ) ;
#1451 = ORIENTED_EDGE ( 'NONE', *, *, #718, .T. ) ;
#1452 = LINE ( 'NONE', #2691, #1453 ) ;
#1453 = VECTOR ( 'NONE', #5275, 1000.000000000000000 ) ;
#1454 = CARTESIAN_POINT ( 'NONE',  ( 1.485993269903373189E-13, -1.692336492930013980, 2.415129608626719548 ) ) ;
#1455 = CARTESIAN_POINT ( 'NONE',  ( 0.000000000000000000, -2.000000000000001332, 6.599999999999999645 ) ) ;
#1456 = CARTESIAN_POINT ( 'NONE',  ( 0.000000000000000000, -2.168404344971008868E-16, 4.639527424989594806 ) ) ;
#1457 = CARTESIAN_POINT ( 'NONE',  ( -1.154700538379261676, -2.000000000000030642, -2.108333333333336945 ) ) ;
#1458 = ADVANCED_FACE ( 'NONE', ( #669 ), #3641, .T. ) ;
#1459 = CARTESIAN_POINT ( 'NONE',  ( 1.413501350919066042E-16, 1.154211444396213260, 4.639527424989594806 ) ) ;
#1460 = ORIENTED_EDGE ( 'NONE', *, *, #2597, .T. ) ;
#1461 = CARTESIAN_POINT ( 'NONE',  ( -1.551928256763896785, -0.8285712615832936390, 2.588976117297744128 ) ) ;
#1462 = CARTESIAN_POINT ( 'NONE',  ( 1.784401076758541649, -1.536647273730493176E-14, -2.224999999999993427 ) ) ;
#1463 = CARTESIAN_POINT ( 'NONE',  ( -0.3826980794443283207, -1.234094626827385799, 6.467413237156726780 ) ) ;
#1464 = CARTESIAN_POINT ( 'NONE',  ( -1.338300807568906237, 0.7726683315065869806, -3.333333333333326376 ) ) ;
#1465 = CARTESIAN_POINT ( 'NONE',  ( 0.3502066986637428214, -1.381458624468316687, 6.438319537806444615 ) ) ;
#1466 = CARTESIAN_POINT ( 'NONE',  ( 0.2202216300322880627, -2.031411139141732658, 5.519999999999999574 ) ) ;
#1467 = AXIS2_PLACEMENT_3D ( 'NONE', #3050, #4738, #3385 ) ;
#1468 = ORIENTED_EDGE ( 'NONE', *, *, #2319, .F. ) ;
#1469 = CARTESIAN_POINT ( 'NONE',  ( 0.7038255543714082574, -0.4945611972164611903, 5.519999999999999574 ) ) ;
#1470 = CARTESIAN_POINT ( 'NONE',  ( -1.176575538379264874, 2.037888611415577866, 0.5239583333333296400 ) ) ;
#1471 =( BOUNDED_SURFACE ( )  B_SPLINE_SURFACE ( 1, 2, ( 
 ( #2444, #2026, #3031, #862, #1366, #834, #5187, #2132, #5507, #2583, #488, #75, #3155, #808, #913, #3466, #1730, #2977, #2185, #4333, #3005, #2526, #5163, #2556, #3489, #1679, #2635, #3806, #26, #1311, #1704, #4226, #4306, #1251, #2209, #467, #4281, #3391, #3910, #3056, #3884, #1782, #389, #5138, #5086, #53, #4747, #2108, #1757, #441, #2157, #4664, #3417, #4256, #5112, #1282, #4695, #415, #3831, #4720, #3858, #5531, #3445, #886, #2607, #1337, #2768, #2376, #1525, #4964, #3680, #3241, #4099 ),
 ( #3596, #3714, #295, #4127, #5323, #4847, #1981, #710, #1042, #1071, #2432, #2315, #5379, #1470, #2853, #1953, #4934, #1016, #2013, #5292, #3651, #4462, #5409, #5349, #212, #3186, #2794, #1586, #1888, #4493, #621, #651, #2739, #3214, #4073, #2826, #4906, #4521, #4434, #1133, #240, #1555, #1497, #265, #4011, #1103, #592, #681, #3274, #2403, #4876, #180, #2344, #4042, #4547, #1922, #3625, #4684, #5025, #5049, #852, #742, #2123, #5438, #1268, #379, #1668, #4995, #2573, #3741, #2098, #1192, #2145 ) ),
 .UNSPECIFIED., .F., .F., .T. ) 
 B_SPLINE_SURFACE_WITH_KNOTS ( ( 2, 2 ),
 ( 3, 2, 2, 2, 2, 2, 2, 2, 2, 2, 2, 2, 2, 2, 2, 2, 2, 2, 2, 2, 2, 2, 2, 2, 2, 2, 2, 2, 2, 2, 2, 2, 2, 2, 2, 2, 3 ),
 ( 0.000000000000000000, 1.000000000000000000 ),
 ( 0.000000000000000000, 0.02777777777777777624, 0.05555555555555555247, 0.08333333333333332871, 0.1111111111111111049, 0.1388888888888888951, 0.1666666666666666574, 0.1944444444444444475, 0.2222222222222222099, 0.2500000000000000000, 0.2777777777777777901, 0.3055555555555555802, 0.3333333333333333148, 0.3611111111111111049, 0.3888888888888888951, 0.4166666666666666852, 0.4444444444444444198, 0.4722222222222222099, 0.5000000000000000000, 0.5277777777777777901, 0.5555555555555555802, 0.5833333333333333703, 0.6111111111111111605, 0.6388888888888888395, 0.6666666666666666297, 0.6944444444444444198, 0.7222222222222222099, 0.7500000000000000000, 0.7777777777777777901, 0.8055555555555555802, 0.8333333333333333703, 0.8611111111111111605, 0.8888888888888888395, 0.9166666666666666297, 0.9444444444444444198, 0.9722222222222222099, 1.000000000000000000 ),
 .UNSPECIFIED. ) 
 GEOMETRIC_REPRESENTATION_ITEM ( )  RATIONAL_B_SPLINE_SURFACE ( (
 ( 1.000000000000000000, 0.8660254037844387076, 1.000000000000000000, 0.8660254037844387076, 1.000000000000000000, 0.8660254037844387076, 1.000000000000000000, 0.8660254037844387076, 1.000000000000000000, 0.8660254037844387076, 1.000000000000000000, 0.8660254037844387076, 1.000000000000000000, 0.8660254037844387076, 1.000000000000000000, 0.8660254037844387076, 1.000000000000000000, 0.8660254037844387076, 1.000000000000000000, 0.8660254037844387076, 1.000000000000000000, 0.8660254037844387076, 1.000000000000000000, 0.8660254037844387076, 1.000000000000000000, 0.8660254037844387076, 1.000000000000000000, 0.8660254037844387076, 1.000000000000000000, 0.8660254037844387076, 1.000000000000000000, 0.8660254037844387076, 1.000000000000000000, 0.8660254037844387076, 1.000000000000000000, 0.8660254037844387076, 1.000000000000000000, 0.8660254037844387076, 1.000000000000000000, 0.8660254037844387076, 1.000000000000000000, 0.8660254037844387076, 1.000000000000000000, 0.8660254037844387076, 1.000000000000000000, 0.8660254037844387076, 1.000000000000000000, 0.8660254037844387076, 1.000000000000000000, 0.8660254037844387076, 1.000000000000000000, 0.8660254037844387076, 1.000000000000000000, 0.8660254037844387076, 1.000000000000000000, 0.8660254037844387076, 1.000000000000000000, 0.8660254037844387076, 1.000000000000000000, 0.8660254037844387076, 1.000000000000000000, 0.8660254037844387076, 1.000000000000000000, 0.8660254037844387076, 1.000000000000000000, 0.8660254037844387076, 1.000000000000000000, 0.8660254037844387076, 1.000000000000000000, 0.8660254037844387076, 1.000000000000000000, 0.8660254037844387076, 1.000000000000000000),
 ( 1.000000000000000000, 0.8660254037844387076, 1.000000000000000000, 0.8660254037844387076, 1.000000000000000000, 0.8660254037844387076, 1.000000000000000000, 0.8660254037844387076, 1.000000000000000000, 0.8660254037844387076, 1.000000000000000000, 0.8660254037844387076, 1.000000000000000000, 0.8660254037844387076, 1.000000000000000000, 0.8660254037844387076, 1.000000000000000000, 0.8660254037844387076, 1.000000000000000000, 0.8660254037844387076, 1.000000000000000000, 0.8660254037844387076, 1.000000000000000000, 0.8660254037844387076, 1.000000000000000000, 0.8660254037844387076, 1.000000000000000000, 0.8660254037844387076, 1.000000000000000000, 0.8660254037844387076, 1.000000000000000000, 0.8660254037844387076, 1.000000000000000000, 0.8660254037844387076, 1.000000000000000000, 0.8660254037844387076, 1.000000000000000000, 0.8660254037844387076, 1.000000000000000000, 0.8660254037844387076, 1.000000000000000000, 0.8660254037844387076, 1.000000000000000000, 0.8660254037844387076, 1.000000000000000000, 0.8660254037844387076, 1.000000000000000000, 0.8660254037844387076, 1.000000000000000000, 0.8660254037844387076, 1.000000000000000000, 0.8660254037844387076, 1.000000000000000000, 0.8660254037844387076, 1.000000000000000000, 0.8660254037844387076, 1.000000000000000000, 0.8660254037844387076, 1.000000000000000000, 0.8660254037844387076, 1.000000000000000000, 0.8660254037844387076, 1.000000000000000000, 0.8660254037844387076, 1.000000000000000000, 0.8660254037844387076, 1.000000000000000000, 0.8660254037844387076, 1.000000000000000000, 0.8660254037844387076, 1.000000000000000000, 0.8660254037844387076, 1.000000000000000000) ) ) 
 REPRESENTATION_ITEM ( '' )  SURFACE ( )  );
#1472 = CARTESIAN_POINT ( 'NONE',  ( -1.892491597964171594E-16, -1.545336663013219258, 3.287500000000006306 ) ) ;
#1473 = CARTESIAN_POINT ( 'NONE',  ( -1.634073794758495124, -1.031646488271575679, -6.233963381012843641 ) ) ;
#1474 = CARTESIAN_POINT ( 'NONE',  ( -2.086522686051694553, 0.3131358026968508179, 6.239949106964841619 ) ) ;
#1475 = CARTESIAN_POINT ( 'NONE',  ( -1.892491597964171594E-16, -1.545336663013218370, -3.012499999999991740 ) ) ;
#1476 = CARTESIAN_POINT ( 'NONE',  ( -1.154700538379263453, 1.999999999999997113, -0.2416666666666693331 ) ) ;
#1477 = FACE_OUTER_BOUND ( 'NONE', #4739, .T. ) ;
#1478 = PLANE ( 'NONE',  #1626 ) ;
#1479 = CARTESIAN_POINT ( 'NONE',  ( 0.000000000000000000, 1.545336663013188394, -3.362499999999992717 ) ) ;
#1480 = ORIENTED_EDGE ( 'NONE', *, *, #590, .F. ) ;
#1481 = CARTESIAN_POINT ( 'NONE',  ( -1.154700538379263230, 1.999999999999996225, 2.645833333333335702 ) ) ;
#1482 = DIRECTION ( 'NONE',  ( 0.02078751127481353461, -0.1045058763748857866, -0.9943069954385901354 ) ) ;
#1483 = CARTESIAN_POINT ( 'NONE',  ( 1.998076294093927174, -0.2504225921733228000, 5.519999999999999574 ) ) ;
#1484 = CARTESIAN_POINT ( 'NONE',  ( 0.000000000000000000, 1.791612637214383463, -2.520312499999995293 ) ) ;
#1485 = CARTESIAN_POINT ( 'NONE',  ( 0.1176447789967848268, -1.904752477927353915, 2.998737730938124901 ) ) ;
#1486 = CARTESIAN_POINT ( 'NONE',  ( -1.176575538379265984, -2.037888611415607620, 2.113541666666666430 ) ) ;
#1487 = ORIENTED_EDGE ( 'NONE', *, *, #839, .F. ) ;
#1488 = CARTESIAN_POINT ( 'NONE',  ( -1.370911819397315989, -1.117152139860087656, 2.614355538320290329 ) ) ;
#1489 = CARTESIAN_POINT ( 'NONE',  ( 1.784401076758541649, -1.553792328918556349E-14, -0.8249999999999932943 ) ) ;
#1490 = B_SPLINE_CURVE_WITH_KNOTS ( 'NONE', 3,
 ( #3851, #2105, #2129, #830 ),
 .UNSPECIFIED., .F., .F.,
 ( 4, 4 ),
 ( 2.235140038340936256E-19, 0.0001536824029211853316 ),
 .UNSPECIFIED. ) ;
#1491 = CARTESIAN_POINT ( 'NONE',  ( 1.154700538379259456, 2.000000000000005773, -3.858333333333335613 ) ) ;
#1492 = ADVANCED_FACE ( 'NONE', ( #2756 ), #752, .F. ) ;
#1493 = CARTESIAN_POINT ( 'NONE',  ( 1.764863307568898643, 1.018944305707780051, -3.151041666666669183 ) ) ;
#1494 = CARTESIAN_POINT ( 'NONE',  ( 0.3304964993397686013, 2.050508967701202501, 6.251419360979168616 ) ) ;
#1495 = VERTEX_POINT ( 'NONE', #1032 ) ;
#1496 = CARTESIAN_POINT ( 'NONE',  ( 2.081652823194254598, 0.2531638122453631068, 6.000215771722340108 ) ) ;
#1497 = CARTESIAN_POINT ( 'NONE',  ( -2.495693764988950272E-16, -2.037888611415608509, 2.215624999999995737 ) ) ;
#1498 = FACE_OUTER_BOUND ( 'NONE', #4407, .T. ) ;
#1499 = ADVANCED_FACE ( 'NONE', ( #314 ), #1968, .T. ) ;
#1500 = CARTESIAN_POINT ( 'NONE',  ( -1.732050807568891404, 0.9999999999999935607, -2.895833333333331261 ) ) ;
#1501 = CARTESIAN_POINT ( 'NONE',  ( 0.8922005383792704913, -1.545336663013218592, -5.141666666666658614 ) ) ;
#1502 = LINE ( 'NONE', #2428, #393 ) ;
#1503 =( BOUNDED_CURVE ( )  B_SPLINE_CURVE ( 3, ( #4234, #395, #1629, #1151 ),
 .UNSPECIFIED., .F., .F. ) 
 B_SPLINE_CURVE_WITH_KNOTS ( ( 4, 4 ),
 ( 2.946332657651817843, 3.336852649527768389 ),
 .UNSPECIFIED. ) 
 CURVE ( )  GEOMETRIC_REPRESENTATION_ITEM ( )  RATIONAL_B_SPLINE_CURVE ( ( 1.000000000000000000, 0.9873315052531760339, 0.9873315052531760339, 1.000000000000000000 ) ) 
 REPRESENTATION_ITEM ( '' )  );
#1504 = DIRECTION ( 'NONE',  ( -0.07992773943613239174, -0.07992773943613271093, 0.9935910189495774647 ) ) ;
#1505 = CARTESIAN_POINT ( 'NONE',  ( -1.784401076758541649, -1.524017464917908457E-14, 0.3125000000000071609 ) ) ;
#1506 = CARTESIAN_POINT ( 'NONE',  ( 1.338300807568906015, -0.7726683315066174007, -1.495833333333326021 ) ) ;
#1507 = ORIENTED_EDGE ( 'NONE', *, *, #4903, .F. ) ;
#1508 = DIRECTION ( 'NONE',  ( 0.000000000000000000, -0.1045284632676537068, -0.9945218953682734009 ) ) ;
#1509 = CARTESIAN_POINT ( 'NONE',  ( -0.2160323555349928371, 1.580211093937452516, 2.137586115350003979 ) ) ;
#1510 = CARTESIAN_POINT ( 'NONE',  ( 2.035934974192963764, -0.2061515946880774497, 5.519999999999999574 ) ) ;
#1511 = CARTESIAN_POINT ( 'NONE',  ( -0.7889479297504672362, -0.5796835725955190588, 6.578166142129787453 ) ) ;
#1512 = CARTESIAN_POINT ( 'NONE',  ( 0.2369099609811728679, 2.020202320488378778, 5.519999999999999574 ) ) ;
#1513 = CARTESIAN_POINT ( 'NONE',  ( 0.000000000000000000, -4.711997834488155533E-16, 6.599999999999999645 ) ) ;
#1514 = EDGE_LOOP ( 'NONE', ( #95, #3693, #535 ) ) ;
#1515 = CARTESIAN_POINT ( 'NONE',  ( 0.000000000000000000, -4.163799117101000559E-16, 3.399999999999999911 ) ) ;
#1516 = CARTESIAN_POINT ( 'NONE',  ( 0.000000000000000000, 1.545336663013188172, -2.749999999999993339 ) ) ;
#1517 = CARTESIAN_POINT ( 'NONE',  ( -1.784401076758541871, -1.524017464917908772E-14, 0.3125000000000063283 ) ) ;
#1518 = DIRECTION ( 'NONE',  ( 0.000000000000000000, 0.000000000000000000, 1.000000000000000000 ) ) ;
#1519 = CARTESIAN_POINT ( 'NONE',  ( 0.2536874259130716402, 1.154110061030247926E-15, 5.519999999999999574 ) ) ;
#1520 = CARTESIAN_POINT ( 'NONE',  ( 0.8922005383792703803, -1.545336663013218814, -2.341666666666660124 ) ) ;
#1521 = ORIENTED_EDGE ( 'NONE', *, *, #5216, .F. ) ;
#1522 = ADVANCED_FACE ( 'NONE', ( #152 ), #1044, .T. ) ;
#1523 = EDGE_CURVE ( 'NONE', #966, #4619, #1577, .T. ) ;
#1524 = CARTESIAN_POINT ( 'NONE',  ( -0.2319300360381150727, -2.024623018586766410, 5.519999999999999574 ) ) ;
#1525 = CARTESIAN_POINT ( 'NONE',  ( 1.338300807568905793, -0.7726683315066179558, 4.016666666666672825 ) ) ;
#1526 = DIRECTION ( 'NONE',  ( -0.3826834323650952774, -0.9238795325112845180, 0.000000000000000000 ) ) ;
#1527 = CARTESIAN_POINT ( 'NONE',  ( -1.998792828178984182, -0.2505494481683940289, 5.519999999999999574 ) ) ;
#1528 = CARTESIAN_POINT ( 'NONE',  ( -1.338300807568906459, -0.7726683315066160684, -3.916666666666659413 ) ) ;
#1529 = PLANE ( 'NONE',  #2369 ) ;
#1530 = ADVANCED_FACE ( 'NONE', ( #1498 ), #413, .T. ) ;
#1531 = ORIENTED_EDGE ( 'NONE', *, *, #5210, .T. ) ;
#1532 = CARTESIAN_POINT ( 'NONE',  ( -2.082636196188709210, 0.2541964601464181128, 6.009744002194818968 ) ) ;
#1533 = CARTESIAN_POINT ( 'NONE',  ( 2.064942806641232753, -0.3275868806890557261, 6.246641223995141878 ) ) ;
#1534 = EDGE_LOOP ( 'NONE', ( #829, #2430, #4724, #1698 ) ) ;
#1535 = CARTESIAN_POINT ( 'NONE',  ( 1.784401076758541871, -1.563436422461841332E-14, -0.03749999999999283073 ) ) ;
#1536 = AXIS2_PLACEMENT_3D ( 'NONE', #3371, #5063, #2957 ) ;
#1537 = VERTEX_POINT ( 'NONE', #4817 ) ;
#1538 = CARTESIAN_POINT ( 'NONE',  ( 2.159999999999992149, 2.070106209874711453E-15, 6.599999999999999645 ) ) ;
#1539 = LINE ( 'NONE', #136, #996 ) ;
#1540 = CIRCLE ( 'NONE', #2256, 6.354903611260525054 ) ;
#1541 = CARTESIAN_POINT ( 'NONE',  ( -1.124923685334196843, -1.512766794152083483, 2.934216587172257196 ) ) ;
#1542 = CARTESIAN_POINT ( 'NONE',  ( 2.449293598294707893E-16, 2.000000000000000444, 6.599999999999999645 ) ) ;
#1543 = CARTESIAN_POINT ( 'NONE',  ( 1.338300807568907125, 0.7726683315065853153, -0.06666666666666018481 ) ) ;
#1544 = VECTOR ( 'NONE', #1026, 1000.000000000000000 ) ;
#1545 = CARTESIAN_POINT ( 'NONE',  ( 0.000000000000000000, 2.037888611415577866, 1.121875000000000178 ) ) ;
#1546 = ORIENTED_EDGE ( 'NONE', *, *, #2353, .F. ) ;
#1547 = DIRECTION ( 'NONE',  ( 0.000000000000000000, -1.000000000000000000, -1.404933360542774287E-16 ) ) ;
#1548 = CARTESIAN_POINT ( 'NONE',  ( 0.8922005383792703803, -1.545336663013218592, -1.641666666666660390 ) ) ;
#1549 = CARTESIAN_POINT ( 'NONE',  ( -0.8922005383792708244, 1.545336663013187728, 1.595833333333339876 ) ) ;
#1550 = CARTESIAN_POINT ( 'NONE',  ( 1.764863307568898643, 1.018944305707780273, -5.251041666666668384 ) ) ;
#1551 = FACE_OUTER_BOUND ( 'NONE', #3930, .T. ) ;
#1552 = CARTESIAN_POINT ( 'NONE',  ( 0.06476160179829902608, 0.1563483373824595679, 0.2202409151620010885 ) ) ;
#1553 = EDGE_LOOP ( 'NONE', ( #1359, #1666, #4671, #5290 ) ) ;
#1554 = DIRECTION ( 'NONE',  ( -0.000000000000000000, -1.224646799147353207E-16, 1.000000000000000000 ) ) ;
#1555 = CARTESIAN_POINT ( 'NONE',  ( -1.176575538379265984, -2.037888611415608064, 2.157291666666662611 ) ) ;
#1556 = EDGE_CURVE ( 'NONE', #3004, #1154, #3899, .T. ) ;
#1557 = CARTESIAN_POINT ( 'NONE',  ( -2.309401076758522464, -1.482226392897005498E-14, -2.837499999999999467 ) ) ;
#1558 = VECTOR ( 'NONE', #3737, 999.9999999999998863 ) ;
#1559 = CARTESIAN_POINT ( 'NONE',  ( -1.784401076758541871, -1.471510733404465857E-14, -3.974999999999992539 ) ) ;
#1560 = ORIENTED_EDGE ( 'NONE', *, *, #4165, .T. ) ;
#1561 = ORIENTED_EDGE ( 'NONE', *, *, #3654, .T. ) ;
#1562 = CARTESIAN_POINT ( 'NONE',  ( -1.154700538379263008, -2.000000000000029310, -1.408333333333337878 ) ) ;
#1563 = EDGE_CURVE ( 'NONE', #1886, #3026, #1153, .T. ) ;
#1564 = CARTESIAN_POINT ( 'NONE',  ( 1.159371210627356152, 1.054951528134051353, 2.048248551065244616 ) ) ;
#1565 = CARTESIAN_POINT ( 'NONE',  ( 0.3306534477264105321, 2.098156001346950905, 6.252282782123772975 ) ) ;
#1566 = VERTEX_POINT ( 'NONE', #4522 ) ;
#1567 = CARTESIAN_POINT ( 'NONE',  ( 1.986006295168969427, 0.2532457960641133488, 5.519999999999999574 ) ) ;
#1568 = CARTESIAN_POINT ( 'NONE',  ( -2.449293598294727122E-16, -2.000000000000031530, 0.7499999999999963363 ) ) ;
#1569 = CARTESIAN_POINT ( 'NONE',  ( -0.2013947372879659747, -2.036553692936422522, 5.519999999999999574 ) ) ;
#1570 =( BOUNDED_CURVE ( )  B_SPLINE_CURVE ( 2, ( #2210, #5532, #1313, #4283, #4722, #55, #2609 ),
 .UNSPECIFIED., .F., .F. ) 
 B_SPLINE_CURVE_WITH_KNOTS ( ( 3, 2, 2, 3 ),
 ( 0.3333333333333333703, 0.3611111111111111605, 0.3888888888888889506, 0.4166666666666667407 ),
 .UNSPECIFIED. ) 
 CURVE ( )  GEOMETRIC_REPRESENTATION_ITEM ( )  RATIONAL_B_SPLINE_CURVE ( ( 0.9999999999999997780, 0.8660254037844389297, 1.000000000000000000, 0.8660254037844387076, 1.000000000000000000, 0.8660254037844384856, 1.000000000000000222 ) ) 
 REPRESENTATION_ITEM ( '' )  );
#1571 = CARTESIAN_POINT ( 'NONE',  ( 2.047395140491270471, 0.3306731578647258418, 6.252470311563132377 ) ) ;
#1572 = CARTESIAN_POINT ( 'NONE',  ( 1.383235015965918580, -1.351014053964499029, 3.067882640416638829 ) ) ;
#1573 = CARTESIAN_POINT ( 'NONE',  ( 1.764863307568897088, -1.018944305707812692, 0.8885416666666665630 ) ) ;
#1574 = VERTEX_POINT ( 'NONE', #4848 ) ;
#1575 = CARTESIAN_POINT ( 'NONE',  ( 0.000000000000000000, 2.000000000000000888, 3.199999999999996181 ) ) ;
#1576 = CARTESIAN_POINT ( 'NONE',  ( 1.176575538379266428, 2.037888611415577422, -3.092708333333336501 ) ) ;
#1577 = CIRCLE ( 'NONE', #5229, 6.359696215217525150 ) ;
#1578 = CARTESIAN_POINT ( 'NONE',  ( 1.338300807568907125, 0.7726683315065850932, 2.120833333333340232 ) ) ;
#1579 = ADVANCED_FACE ( 'NONE', ( #683 ), #5202, .T. ) ;
#1580 = CARTESIAN_POINT ( 'NONE',  ( 1.732050807568892514, 0.9999999999999922284, -6.016666666666668384 ) ) ;
#1581 = CARTESIAN_POINT ( 'NONE',  ( -2.353151076758530191, -1.447400499546252138E-14, -5.659375000000001599 ) ) ;
#1582 = DIRECTION ( 'NONE',  ( 1.000000000000000000, 0.000000000000000000, -0.000000000000000000 ) ) ;
#1583 = CARTESIAN_POINT ( 'NONE',  ( 0.000000000000000000, 2.000000000000001332, -0.9124999999999976463 ) ) ;
#1584 = VERTEX_POINT ( 'NONE', #1463 ) ;
#1585 = DIRECTION ( 'NONE',  ( -0.000000000000000000, -1.224646799147353207E-16, 1.000000000000000000 ) ) ;
#1586 = CARTESIAN_POINT ( 'NONE',  ( -2.353151076758530191, -1.533125775486567057E-14, 1.340624999999996181 ) ) ;
#1587 = CARTESIAN_POINT ( 'NONE',  ( -1.176575538379265984, -2.037888611415607176, -3.486458333333332327 ) ) ;
#1588 = CARTESIAN_POINT ( 'NONE',  ( 1.154700538379266117, -2.000000000000022649, -5.404166666666664121 ) ) ;
#1589 = CARTESIAN_POINT ( 'NONE',  ( -1.261356100933071600, -0.2636244833933336085, 5.519999999999999574 ) ) ;
#1590 = ORIENTED_EDGE ( 'NONE', *, *, #3172, .T. ) ;
#1591 = CARTESIAN_POINT ( 'NONE',  ( -2.105291015465784898, 0.2808027965246623348, 6.256865758730181248 ) ) ;
#1592 = CARTESIAN_POINT ( 'NONE',  ( 1.732050807568892292, 0.9999999999999920064, -5.929166666666663588 ) ) ;
#1593 = CARTESIAN_POINT ( 'NONE',  ( -0.8922005383792713795, -1.545336663013218370, -0.2708333333333260429 ) ) ;
#1594 = ORIENTED_EDGE ( 'NONE', *, *, #776, .T. ) ;
#1595 = EDGE_CURVE ( 'NONE', #2940, #1703, #816, .T. ) ;
#1596 = LINE ( 'NONE', #692, #1807 ) ;
#1597 = EDGE_CURVE ( 'NONE', #4432, #2254, #1931, .T. ) ;
#1598 = PLANE ( 'NONE',  #2996 ) ;
#1599 = DIRECTION ( 'NONE',  ( 0.000000000000000000, 1.000000000000000000, 2.114691188776102802E-16 ) ) ;
#1600 = CARTESIAN_POINT ( 'NONE',  ( -2.449293598294727122E-16, -2.000000000000031530, -1.262499999999998401 ) ) ;
#1601 = CARTESIAN_POINT ( 'NONE',  ( 1.875323167051359707, 0.6025650177956947129, 3.167737517326182584 ) ) ;
#1602 = CARTESIAN_POINT ( 'NONE',  ( -1.176575538379265984, -2.037888611415607620, 0.7135416666666662966 ) ) ;
#1603 = ORIENTED_EDGE ( 'NONE', *, *, #2803, .F. ) ;
#1604 = CARTESIAN_POINT ( 'NONE',  ( -2.449293598294727122E-16, -2.000000000000031974, 2.849999999999995648 ) ) ;
#1605 = ADVANCED_FACE ( 'NONE', ( #4035 ), #1937, .T. ) ;
#1606 = CARTESIAN_POINT ( 'NONE',  ( -1.176575538379265984, -2.037888611415607620, -0.6427083333333371007 ) ) ;
#1607 = CARTESIAN_POINT ( 'NONE',  ( 0.000000000000000000, 1.545336663013187506, 4.337500000000006573 ) ) ;
#1608 = CARTESIAN_POINT ( 'NONE',  ( 1.291954081730517512, 1.136470661637949631, -6.445076352667177488 ) ) ;
#1609 = CARTESIAN_POINT ( 'NONE',  ( -2.353151076758530191, -1.455973027140283409E-14, -4.959375000000002309 ) ) ;
#1610 = CARTESIAN_POINT ( 'NONE',  ( 0.8922005383792717126, 1.545336663013187728, -2.020833333333325932 ) ) ;
#1611 = DIRECTION ( 'NONE',  ( 0.9238795325112857393, -0.3826834323650920022, 0.000000000000000000 ) ) ;
#1612 = ORIENTED_EDGE ( 'NONE', *, *, #491, .F. ) ;
#1613 = DIRECTION ( 'NONE',  ( 0.000000000000000000, -1.000000000000000000, -2.194741239849200330E-16 ) ) ;
#1614 = CARTESIAN_POINT ( 'NONE',  ( 2.075861292078626352, 0.3045459066617932642, 6.003886121431468048 ) ) ;
#1615 = CARTESIAN_POINT ( 'NONE',  ( -1.176575538379264874, 2.037888611415578310, -4.419791666666665009 ) ) ;
#1616 = CARTESIAN_POINT ( 'NONE',  ( 0.3213660356514355665, 0.7758462417557661084, 6.599999999999999645 ) ) ;
#1617 = CYLINDRICAL_SURFACE ( 'NONE', #5041, 2.000000000000000888 ) ;
#1618 = VERTEX_POINT ( 'NONE', #1915 ) ;
#1619 = CARTESIAN_POINT ( 'NONE',  ( -2.449293598294727122E-16, -2.000000000000031530, 0.04999999999999626965 ) ) ;
#1620 = DIRECTION ( 'NONE',  ( -0.9188184237650778297, -0.3805870524817687728, 0.1045284632676536790 ) ) ;
#1621 = CARTESIAN_POINT ( 'NONE',  ( -1.892491597964171594E-16, -1.545336663013218814, 0.4875000000000074829 ) ) ;
#1622 = VERTEX_POINT ( 'NONE', #644 ) ;
#1623 = CARTESIAN_POINT ( 'NONE',  ( 0.2013947372879141273, -2.036553692936428295, 5.519999999999999574 ) ) ;
#1624 = CARTESIAN_POINT ( 'NONE',  ( 0.000000000000000000, -1.673716297655019978E-16, 4.119054849979190358 ) ) ;
#1625 = CARTESIAN_POINT ( 'NONE',  ( -0.9307869246941347097, 1.563563578618109018, 2.753855269374866577 ) ) ;
#1626 = AXIS2_PLACEMENT_3D ( 'NONE', #1930, #5270, #3574 ) ;
#1627 = FACE_OUTER_BOUND ( 'NONE', #1534, .T. ) ;
#1628 = ORIENTED_EDGE ( 'NONE', *, *, #4534, .F. ) ;
#1629 = CARTESIAN_POINT ( 'NONE',  ( 1.261356100933070934, 0.2636244833933324982, 5.519999999999999574 ) ) ;
#1630 = AXIS2_PLACEMENT_3D ( 'NONE', #4929, #1098, #2820 ) ;
#1631 = CARTESIAN_POINT ( 'NONE',  ( 1.764863307568897088, -1.018944305707812470, -1.167708333333336901 ) ) ;
#1632 = CARTESIAN_POINT ( 'NONE',  ( 0.000000000000000000, 1.545336663013187506, 2.937500000000006661 ) ) ;
#1633 = CARTESIAN_POINT ( 'NONE',  ( 1.704842357820760990, -0.7763056509844049602, 2.901037490844440292 ) ) ;
#1634 = ADVANCED_FACE ( 'NONE', ( #2370 ), #787, .T. ) ;
#1635 = AXIS2_PLACEMENT_3D ( 'NONE', #995, #1842, #3548 ) ;
#1636 = CARTESIAN_POINT ( 'NONE',  ( 0.000000000000000000, -2.000000000000001332, 6.599999999999999645 ) ) ;
#1637 = CARTESIAN_POINT ( 'NONE',  ( 0.000000000000000000, 1.545336663013188172, -1.962499999999992806 ) ) ;
#1638 = CARTESIAN_POINT ( 'NONE',  ( -1.784401076758541649, -1.514373371374623159E-14, -0.4749999999999936495 ) ) ;
#1639 = ORIENTED_EDGE ( 'NONE', *, *, #2527, .F. ) ;
#1640 = DIRECTION ( 'NONE',  ( 0.000000000000000000, -1.000000000000000000, -2.168404344971007882E-16 ) ) ;
#1641 = CARTESIAN_POINT ( 'NONE',  ( 2.046487425913060765, 2.070106209874711453E-15, 5.519999999999999574 ) ) ;
#1642 =( GEOMETRIC_REPRESENTATION_CONTEXT ( 3 ) GLOBAL_UNCERTAINTY_ASSIGNED_CONTEXT ( ( #116 ) ) GLOBAL_UNIT_ASSIGNED_CONTEXT ( ( #489, #3859, #835 ) ) REPRESENTATION_CONTEXT ( 'NONE', 'WORKASPACE' ) );
#1643 = CARTESIAN_POINT ( 'NONE',  ( 1.176575538379264652, -2.037888611415608064, -4.769791666666664653 ) ) ;
#1644 = CARTESIAN_POINT ( 'NONE',  ( -1.362259747427712719, 0.2536874259130827980, 5.519999999999999574 ) ) ;
#1645 = CARTESIAN_POINT ( 'NONE',  ( -0.3051615948941106549, -2.025060412306110003, 6.009744003663866074 ) ) ;
#1646 = ORIENTED_EDGE ( 'NONE', *, *, #2469, .F. ) ;
#1647 = AXIS2_PLACEMENT_3D ( 'NONE', #1132, #2122, #4683 ) ;
#1648 = CARTESIAN_POINT ( 'NONE',  ( 1.734928863314096681, -0.1866312589702286140, 2.549415849930467104 ) ) ;
#1649 = CARTESIAN_POINT ( 'NONE',  ( 2.058511892743640548, -0.3295337574696510230, 6.248741029553762871 ) ) ;
#1650 = AXIS2_PLACEMENT_3D ( 'NONE', #466, #2581, #1176 ) ;
#1651 = EDGE_LOOP ( 'NONE', ( #2480, #3718, #770, #2561 ) ) ;
#1652 = CARTESIAN_POINT ( 'NONE',  ( 1.992423316400010469, 0.2524519826797620992, 5.519999999999999574 ) ) ;
#1653 = CYLINDRICAL_SURFACE ( 'NONE', #645, 2.000000000000000888 ) ;
#1654 =( BOUNDED_CURVE ( )  B_SPLINE_CURVE ( 2, ( #1242, #4606, #3845, #2968, #4161, #772, #4653 ),
 .UNSPECIFIED., .F., .F. ) 
 B_SPLINE_CURVE_WITH_KNOTS ( ( 3, 2, 2, 3 ),
 ( 0.1666666666666665741, 0.1944444444444443920, 0.2222222222222222099, 0.2500000000000000000 ),
 .UNSPECIFIED. ) 
 CURVE ( )  GEOMETRIC_REPRESENTATION_ITEM ( )  RATIONAL_B_SPLINE_CURVE ( ( 1.000000000000000222, 0.8660254037844383745, 1.000000000000000000, 0.8660254037844385966, 1.000000000000000000, 0.8660254037844385966, 1.000000000000000000 ) ) 
 REPRESENTATION_ITEM ( '' )  );
#1655 = CARTESIAN_POINT ( 'NONE',  ( -1.613591865810249493, -0.9725521917792590010, 2.899169492698868478 ) ) ;
#1656 = FACE_OUTER_BOUND ( 'NONE', #3127, .T. ) ;
#1657 = ORIENTED_EDGE ( 'NONE', *, *, #293, .T. ) ;
#1658 = FACE_OUTER_BOUND ( 'NONE', #1514, .T. ) ;
#1659 = CARTESIAN_POINT ( 'NONE',  ( 0.000000000000000000, 2.037888611415578310, -2.334375000000003197 ) ) ;
#1660 = VECTOR ( 'NONE', #5378, 1000.000000000000114 ) ;
#1661 = CARTESIAN_POINT ( 'NONE',  ( -1.892491597964171594E-16, -1.545336663013219036, 2.587500000000006128 ) ) ;
#1662 = CARTESIAN_POINT ( 'NONE',  ( 1.558710597210098969, 0.6787384014839377144, -6.465739735763649243 ) ) ;
#1663 = CARTESIAN_POINT ( 'NONE',  ( 1.176575538379264652, -2.037888611415608509, -1.269791666666666652 ) ) ;
#1664 = CARTESIAN_POINT ( 'NONE',  ( -1.892491597964171594E-16, -1.545336663013218370, -3.012499999999992628 ) ) ;
#1665 = CARTESIAN_POINT ( 'NONE',  ( 0.7846828240533256782, -0.5754184668983788331, 6.525146117474438512 ) ) ;
#1666 = ORIENTED_EDGE ( 'NONE', *, *, #4733, .T. ) ;
#1667 = CARTESIAN_POINT ( 'NONE',  ( 4.310048266319594207E-16, 3.086842986109005871, 3.400000000000000355 ) ) ;
#1668 = CARTESIAN_POINT ( 'NONE',  ( -2.495693764988950272E-16, -2.037888611415608509, 3.615624999999996092 ) ) ;
#1669 = EDGE_CURVE ( 'NONE', #1584, #410, #677, .T. ) ;
#1670 = CARTESIAN_POINT ( 'NONE',  ( 1.764863307568897088, -1.018944305707812026, -4.011458333333330906 ) ) ;
#1671 = CONICAL_SURFACE ( 'NONE', #1753, 2.159999999999992149, 0.1047197551196600018 ) ;
#1672 = CARTESIAN_POINT ( 'NONE',  ( 1.338300807568906903, 0.7726683315065859814, -6.366666666666659147 ) ) ;
#1673 = CARTESIAN_POINT ( 'NONE',  ( -1.978834712860426226, 0.2536874259130892373, 5.519999999999999574 ) ) ;
#1674 = ORIENTED_EDGE ( 'NONE', *, *, #2661, .F. ) ;
#1675 = ADVANCED_FACE ( 'NONE', ( #61 ), #2589, .T. ) ;
#1676 = CARTESIAN_POINT ( 'NONE',  ( 0.4563274060207188065, 1.745174044690392723, 2.681899257735897546 ) ) ;
#1677 = DIRECTION ( 'NONE',  ( -0.000000000000000000, 2.449293598294706414E-16, -1.000000000000000000 ) ) ;
#1678 = ORIENTED_EDGE ( 'NONE', *, *, #3173, .T. ) ;
#1679 = CARTESIAN_POINT ( 'NONE',  ( -0.8922005383792707134, 1.545336663013187284, 1.508333333333339299 ) ) ;
#1680 = CARTESIAN_POINT ( 'NONE',  ( -0.4273359458213429884, -1.643392537763884498, 2.392809598674876526 ) ) ;
#1681 = CARTESIAN_POINT ( 'NONE',  ( -1.338300807568906459, 0.7726683315065873137, -5.345833333333326109 ) ) ;
#1682 = CARTESIAN_POINT ( 'NONE',  ( -1.338300807568906459, 0.7726683315065867586, -1.145833333333325932 ) ) ;
#1683 = ORIENTED_EDGE ( 'NONE', *, *, #4395, .F. ) ;
#1684 =( BOUNDED_CURVE ( )  B_SPLINE_CURVE ( 3, ( #4760, #428, #4709, #2648 ),
 .UNSPECIFIED., .F., .F. ) 
 B_SPLINE_CURVE_WITH_KNOTS ( ( 4, 4 ),
 ( 2.946332657651816067, 3.336852649527769721 ),
 .UNSPECIFIED. ) 
 CURVE ( )  GEOMETRIC_REPRESENTATION_ITEM ( )  RATIONAL_B_SPLINE_CURVE ( ( 1.000000000000000000, 0.9873315052531757008, 0.9873315052531757008, 1.000000000000000000 ) ) 
 REPRESENTATION_ITEM ( '' )  );
#1685 = CARTESIAN_POINT ( 'NONE',  ( 1.338300807568905793, -0.7726683315066175117, 0.5166666666666734908 ) ) ;
#1686 = CARTESIAN_POINT ( 'NONE',  ( 1.784401076758541871, -1.605227494482745237E-14, 3.375000000000005329 ) ) ;
#1687 = CARTESIAN_POINT ( 'NONE',  ( 1.892855717426870976, -0.06131090175853190494, 2.957591621319874520 ) ) ;
#1688 = CARTESIAN_POINT ( 'NONE',  ( -2.036553692936426518, -0.2013947372879217601, 5.519999999999999574 ) ) ;
#1689 = CARTESIAN_POINT ( 'NONE',  ( -1.892491597964171594E-16, -1.545336663013218814, -0.2124999999999926392 ) ) ;
#1690 = CARTESIAN_POINT ( 'NONE',  ( 0.7889479297504672362, 0.5796835725955175045, 6.578166142129787453 ) ) ;
#1691 = ORIENTED_EDGE ( 'NONE', *, *, #2248, .T. ) ;
#1692 = CARTESIAN_POINT ( 'NONE',  ( -1.154700538379261676, -2.000000000000031086, 0.6916666666666629881 ) ) ;
#1693 = DIRECTION ( 'NONE',  ( 0.3826834323651017722, 0.9238795325112818535, 0.000000000000000000 ) ) ;
#1694 = CARTESIAN_POINT ( 'NONE',  ( 1.338300807568907125, 0.7726683315065859814, -4.879166666666658436 ) ) ;
#1695 = CARTESIAN_POINT ( 'NONE',  ( -2.449293598294727122E-16, -2.000000000000031530, 1.449999999999995515 ) ) ;
#1696 = EDGE_CURVE ( 'NONE', #1397, #3642, #3527, .T. ) ;
#1697 = CARTESIAN_POINT ( 'NONE',  ( -0.3306534476626637464, -2.098156001292514006, 6.252282781517262578 ) ) ;
#1698 = ORIENTED_EDGE ( 'NONE', *, *, #293, .F. ) ;
#1699 = FACE_OUTER_BOUND ( 'NONE', #1742, .T. ) ;
#1700 = CARTESIAN_POINT ( 'NONE',  ( 2.036553692936420745, -0.2013947372879736075, 5.519999999999999574 ) ) ;
#1701 = EDGE_CURVE ( 'NONE', #3326, #410, #4027, .T. ) ;
#1702 = CARTESIAN_POINT ( 'NONE',  ( 0.7278194128329340540, 1.873617406797952523, 3.249421325834100038 ) ) ;
#1703 = VERTEX_POINT ( 'NONE', #998 ) ;
#1704 = CARTESIAN_POINT ( 'NONE',  ( -1.892491597964171348E-16, -1.545336663013218814, 1.800000000000005596 ) ) ;
#1705 = CARTESIAN_POINT ( 'NONE',  ( 1.732050807568892514, 0.9999999999999920064, -5.316666666666669094 ) ) ;
#1706 = CARTESIAN_POINT ( 'NONE',  ( -1.784401076758541649, -1.506872409729845284E-14, -1.087499999999992584 ) ) ;
#1707 = VERTEX_POINT ( 'NONE', #1427 ) ;
#1708 = CARTESIAN_POINT ( 'NONE',  ( -1.732050807568891626, -1.000000000000023315, 1.420833333333334725 ) ) ;
#1709 = CARTESIAN_POINT ( 'NONE',  ( -2.353151076758530191, -1.515980720298503568E-14, -0.05937500000000343198 ) ) ;
#1710 = CARTESIAN_POINT ( 'NONE',  ( 0.8922005383792717126, 1.545336663013187062, 4.191666666666672647 ) ) ;
#1711 = CARTESIAN_POINT ( 'NONE',  ( -1.338300807568906459, -0.7726683315066158464, -6.016666666666659502 ) ) ;
#1712 = CARTESIAN_POINT ( 'NONE',  ( -1.176575538379264874, 2.037888611415578310, -1.619791666666665408 ) ) ;
#1713 = CARTESIAN_POINT ( 'NONE',  ( -1.338300807568906459, -0.7726683315066162905, -2.429166666666659147 ) ) ;
#1714 =( BOUNDED_CURVE ( )  B_SPLINE_CURVE ( 2, ( #851, #3820, #4269, #2572, #5520, #1692, #5097 ),
 .UNSPECIFIED., .F., .F. ) 
 B_SPLINE_CURVE_WITH_KNOTS ( ( 3, 2, 2, 3 ),
 ( 0.8333333333333334814, 0.8611111111111112715, 0.8888888888888888395, 0.9166666666666666297 ),
 .UNSPECIFIED. ) 
 CURVE ( )  GEOMETRIC_REPRESENTATION_ITEM ( )  RATIONAL_B_SPLINE_CURVE ( ( 0.9999999999999994449, 0.8660254037844392627, 1.000000000000000000, 0.8660254037844387076, 1.000000000000000000, 0.8660254037844387076, 1.000000000000000000 ) ) 
 REPRESENTATION_ITEM ( '' )  );
#1715 = VECTOR ( 'NONE', #4450, 1000.000000000000227 ) ;
#1716 = CARTESIAN_POINT ( 'NONE',  ( 1.784401076758541649, -1.570937384106619206E-14, 0.5750000000000065059 ) ) ;
#1717 = VERTEX_POINT ( 'NONE', #3941 ) ;
#1718 = CARTESIAN_POINT ( 'NONE',  ( -2.449293598294727122E-16, -2.000000000000031530, 0.1375000000000017597 ) ) ;
#1719 = DIRECTION ( 'NONE',  ( -2.574311305898826478E-17, -1.000000000000000000, 0.000000000000000000 ) ) ;
#1720 = CARTESIAN_POINT ( 'NONE',  ( 1.784401076758541871, -1.520573784491684030E-14, -3.537499999999992095 ) ) ;
#1721 = CARTESIAN_POINT ( 'NONE',  ( -1.784401076758541649, -1.454365678216402999E-14, -5.374999999999992895 ) ) ;
#1722 = CARTESIAN_POINT ( 'NONE',  ( -2.449293598294727122E-16, -2.000000000000031086, -3.362499999999996714 ) ) ;
#1723 = ORIENTED_EDGE ( 'NONE', *, *, #4500, .F. ) ;
#1724 = VECTOR ( 'NONE', #693, 999.9999999999998863 ) ;
#1725 = CYLINDRICAL_SURFACE ( 'NONE', #4130, 2.000000000000000888 ) ;
#1726 = CARTESIAN_POINT ( 'NONE',  ( -2.309401076758522464, -1.507943975679099626E-14, -0.7374999999999984901 ) ) ;
#1727 = ORIENTED_EDGE ( 'NONE', *, *, #1862, .F. ) ;
#1728 = CARTESIAN_POINT ( 'NONE',  ( -1.338300807568906459, -0.7726683315066157354, -6.629166666666658436 ) ) ;
#1729 = ORIENTED_EDGE ( 'NONE', *, *, #59, .T. ) ;
#1730 = CARTESIAN_POINT ( 'NONE',  ( -1.338300807568906459, -0.7726683315066166235, 0.9833333333333388326 ) ) ;
#1731 = EDGE_CURVE ( 'NONE', #1951, #1495, #5223, .T. ) ;
#1732 = CARTESIAN_POINT ( 'NONE',  ( 1.732050807568892514, 0.9999999999999913403, 0.2833333333333299398 ) ) ;
#1733 = CARTESIAN_POINT ( 'NONE',  ( 1.338300807568907125, 0.7726683315065853153, 0.02083333333334057985 ) ) ;
#1734 = VERTEX_POINT ( 'NONE', #3116 ) ;
#1735 = CARTESIAN_POINT ( 'NONE',  ( -0.2536874259130692533, -1.978834712860428668, 5.519999999999999574 ) ) ;
#1736 = CARTESIAN_POINT ( 'NONE',  ( 1.764863307568897088, -1.018944305707812692, 0.2322916666666632046 ) ) ;
#1737 = ADVANCED_FACE ( 'NONE', ( #5335 ), #2302, .T. ) ;
#1738 = CARTESIAN_POINT ( 'NONE',  ( -1.338300807568906459, -0.7726683315066168456, 1.683333333333338899 ) ) ;
#1739 = CARTESIAN_POINT ( 'NONE',  ( 1.338300807568907125, 0.7726683315065860924, -5.666666666666658969 ) ) ;
#1740 = CARTESIAN_POINT ( 'NONE',  ( 1.784401076758541871, -1.536647273730493176E-14, -2.224999999999993427 ) ) ;
#1741 = DIRECTION ( 'NONE',  ( -0.000000000000000000, -1.224646799147353207E-16, 1.000000000000000000 ) ) ;
#1742 = EDGE_LOOP ( 'NONE', ( #3802, #2698, #2096, #3994 ) ) ;
#1743 = CARTESIAN_POINT ( 'NONE',  ( -1.154700538379262342, 1.999999999999999334, -0.1541666666666639263 ) ) ;
#1744 = CARTESIAN_POINT ( 'NONE',  ( 0.000000000000000000, 1.301042606982605321E-15, 0.2380277281147412660 ) ) ;
#1745 = EDGE_CURVE ( 'NONE', #3077, #1208, #4560, .T. ) ;
#1746 = CARTESIAN_POINT ( 'NONE',  ( -0.8922005383792708244, 1.545336663013188616, -4.704166666666659502 ) ) ;
#1747 = B_SPLINE_CURVE_WITH_KNOTS ( 'NONE', 3,
 ( #5214, #3160, #4356, #538, #4850, #4045, #1474, #512, #625, #2347, #215, #2231, #1806, #3516, #4523, #2405 ),
 .UNSPECIFIED., .F., .F.,
 ( 4, 3, 3, 3, 3, 4 ),
 ( 8.581650253827424816E-18, 1.963628368923585628E-05, 3.924458351664749593E-05, 5.927439630917138145E-05, 7.982330348741606331E-05, 8.469264850642939228E-05 ),
 .UNSPECIFIED. ) ;
#1748 = CARTESIAN_POINT ( 'NONE',  ( 0.000000000000000000, -2.000000000000001332, 6.599999999999999645 ) ) ;
#1749 = AXIS2_PLACEMENT_3D ( 'NONE', #939, #4469, #3544 ) ;
#1750 = CARTESIAN_POINT ( 'NONE',  ( -2.036042748710469308, 0.3177086153809434710, 6.129120929389994643 ) ) ;
#1751 = ORIENTED_EDGE ( 'NONE', *, *, #307, .F. ) ;
#1752 = CC_DESIGN_PERSON_AND_ORGANIZATION_ASSIGNMENT ( #989, #4078, ( #354 ) ) ;
#1753 = AXIS2_PLACEMENT_3D ( 'NONE', #166, #2331, #1875 ) ;
#1754 = LINE ( 'NONE', #1224, #2081 ) ;
#1755 = CARTESIAN_POINT ( 'NONE',  ( 1.732050807568890960, -1.000000000000024647, 1.566666666666662433 ) ) ;
#1756 = CARTESIAN_POINT ( 'NONE',  ( 1.946787772733498567, 0.2564022103069101277, 3.150804769208028766 ) ) ;
#1757 = CARTESIAN_POINT ( 'NONE',  ( 0.000000000000000000, 1.545336663013187284, 2.850000000000005862 ) ) ;
#1758 = DIRECTION ( 'NONE',  ( -0.02078751127481353461, 0.1045058763748858144, 0.9943069954385902465 ) ) ;
#1759 = CARTESIAN_POINT ( 'NONE',  ( -1.892491597964171594E-16, -1.545336663013218148, -5.812499999999992006 ) ) ;
#1760 = CARTESIAN_POINT ( 'NONE',  ( 1.338300807568906015, -0.7726683315066176228, -0.09583333333332581805 ) ) ;
#1761 = ADVANCED_FACE ( 'NONE', ( #4890 ), #1671, .F. ) ;
#1762 = EDGE_CURVE ( 'NONE', #3416, #4505, #2226, .T. ) ;
#1763 = ORIENTED_EDGE ( 'NONE', *, *, #1352, .T. ) ;
#1764 = DIRECTION ( 'NONE',  ( -1.313938990888704015E-16, -0.9945218953682734009, 0.1045284632676537068 ) ) ;
#1765 = CARTESIAN_POINT ( 'NONE',  ( 1.543267031275314949, 0.3711969883486059274, 2.110833390136561238 ) ) ;
#1766 = CARTESIAN_POINT ( 'NONE',  ( -1.338300807568906459, -0.7726683315066167346, 0.9833333333333388326 ) ) ;
#1767 = DIRECTION ( 'NONE',  ( 0.07992773943613180887, -0.07992773943613307175, -0.9935910189495774647 ) ) ;
#1768 = CARTESIAN_POINT ( 'NONE',  ( -1.338300807568906459, -0.7726683315066166235, 0.3708333333333406201 ) ) ;
#1769 = EDGE_CURVE ( 'NONE', #2940, #3879, #110, .T. ) ;
#1770 = DIRECTION ( 'NONE',  ( 0.000000000000000000, -1.000000000000000000, 0.000000000000000000 ) ) ;
#1771 = ORIENTED_EDGE ( 'NONE', *, *, #847, .F. ) ;
#1772 = CARTESIAN_POINT ( 'NONE',  ( -2.449293598294727122E-16, -2.000000000000031086, -2.662499999999998312 ) ) ;
#1773 = CARTESIAN_POINT ( 'NONE',  ( -2.449293598294727122E-16, -2.000000000000031530, 2.149999999999995470 ) ) ;
#1774 = CARTESIAN_POINT ( 'NONE',  ( -1.784401076758541871, -1.455437244165656711E-14, -5.287499999999991651 ) ) ;
#1775 = CARTESIAN_POINT ( 'NONE',  ( 1.764863307568897088, -1.018944305707811804, -6.767708333333335879 ) ) ;
#1776 = CARTESIAN_POINT ( 'NONE',  ( 1.764863307568897088, -1.018944305707813136, 4.388541666666666785 ) ) ;
#1777 = DIRECTION ( 'NONE',  ( 1.000000000000000000, 0.000000000000000000, 0.000000000000000000 ) ) ;
#1778 = EDGE_LOOP ( 'NONE', ( #1856, #282, #193, #4594 ) ) ;
#1779 = CARTESIAN_POINT ( 'NONE',  ( 0.3606839615658998799, -1.533525367674047457, -6.590667731205304136 ) ) ;
#1780 = CARTESIAN_POINT ( 'NONE',  ( -1.362259747427714940, -0.2536874259130721954, 5.519999999999999574 ) ) ;
#1781 = CARTESIAN_POINT ( 'NONE',  ( 1.784401076758541871, -1.494856201709589901E-14, -5.637499999999991296 ) ) ;
#1782 = CARTESIAN_POINT ( 'NONE',  ( -0.8922005383792712685, -1.545336663013218370, 2.441666666666671759 ) ) ;
#1783 = APPROVAL_STATUS ( 'not_yet_approved' ) ;
#1784 = CARTESIAN_POINT ( 'NONE',  ( 1.338300807568907125, 0.7726683315065859814, -4.879166666666658436 ) ) ;
#1785 = CARTESIAN_POINT ( 'NONE',  ( -0.8922005383792707134, 1.545336663013188172, -1.904166666666659014 ) ) ;
#1786 = ORIENTED_EDGE ( 'NONE', *, *, #1669, .T. ) ;
#1787 = CARTESIAN_POINT ( 'NONE',  ( -0.2791914077106800174, 2.001945939414714104, 5.762654177856506799 ) ) ;
#1788 = DIRECTION ( 'NONE',  ( 0.000000000000000000, -0.1045284632676539566, 0.9945218953682734009 ) ) ;
#1789 = CARTESIAN_POINT ( 'NONE',  ( -1.892491597964171594E-16, -1.545336663013219258, 3.900000000000005240 ) ) ;
#1790 = EDGE_CURVE ( 'NONE', #5064, #1814, #3038, .T. ) ;
#1791 = CARTESIAN_POINT ( 'NONE',  ( -0.8922005383792713795, -1.545336663013217704, -5.258333333333326642 ) ) ;
#1792 = CARTESIAN_POINT ( 'NONE',  ( -0.8922005383792708244, 1.545336663013187950, -0.5916666666666601238 ) ) ;
#1793 = DIRECTION ( 'NONE',  ( -0.1045058763748857034, -0.02078751127481479055, 0.9943069954385902465 ) ) ;
#1794 = ORIENTED_EDGE ( 'NONE', *, *, #5238, .T. ) ;
#1795 = CARTESIAN_POINT ( 'NONE',  ( 1.732050807568892292, 0.9999999999999915623, -1.729166666666664520 ) ) ;
#1796 = FACE_OUTER_BOUND ( 'NONE', #2384, .T. ) ;
#1797 = CARTESIAN_POINT ( 'NONE',  ( -1.338300807568906459, 0.7726683315065875357, -6.745833333333324688 ) ) ;
#1798 = EDGE_CURVE ( 'NONE', #2191, #2142, #3611, .T. ) ;
#1799 = VECTOR ( 'NONE', #3881, 1000.000000000000000 ) ;
#1800 = CARTESIAN_POINT ( 'NONE',  ( -1.338300807568906237, 0.7726683315065870916, -4.033333333333326109 ) ) ;
#1801 = CARTESIAN_POINT ( 'NONE',  ( -1.338300807568906459, 0.7726683315065866475, 0.2541666666666731467 ) ) ;
#1802 = CARTESIAN_POINT ( 'NONE',  ( -1.154700538379253238, -2.000000000000045741, -3.420833333333329396 ) ) ;
#1803 = ORIENTED_EDGE ( 'NONE', *, *, #4740, .T. ) ;
#1804 = VECTOR ( 'NONE', #5354, 999.9999999999998863 ) ;
#1805 = DIRECTION ( 'NONE',  ( 0.000000000000000000, 1.000000000000000000, 2.114691188776102802E-16 ) ) ;
#1806 = CARTESIAN_POINT ( 'NONE',  ( -2.052058483480986961, 0.3303100945300840308, 6.250900785985006536 ) ) ;
#1807 = VECTOR ( 'NONE', #2078, 1000.000000000000114 ) ;
#1808 = CARTESIAN_POINT ( 'NONE',  ( -1.784401076758541871, -1.437220623028339826E-14, -6.774999999999993250 ) ) ;
#1809 = PERSON_AND_ORGANIZATION ( #2497, #1810 ) ;
#1810 = ORGANIZATION ( 'UNSPECIFIED', 'UNSPECIFIED', '' ) ;
#1811 = CARTESIAN_POINT ( 'NONE',  ( -1.892491597964171594E-16, -1.545336663013218370, -3.012499999999991740 ) ) ;
#1812 = DIRECTION ( 'NONE',  ( -0.000000000000000000, -1.224646799147352961E-16, 1.000000000000000000 ) ) ;
#1813 = CARTESIAN_POINT ( 'NONE',  ( 1.176575538379264652, -2.037888611415608064, -1.969791666666666607 ) ) ;
#1814 = VERTEX_POINT ( 'NONE', #3970 ) ;
#1815 = CARTESIAN_POINT ( 'NONE',  ( -1.281394194403181030, 0.3621833151897375647, 6.459303098324777892 ) ) ;
#1816 = CARTESIAN_POINT ( 'NONE',  ( 1.985340245443576013, -0.2536874259130768028, 5.519999999999999574 ) ) ;
#1817 = CARTESIAN_POINT ( 'NONE',  ( 0.000000000000000000, 1.545336663013187950, 0.8375000000000071276 ) ) ;
#1818 = DIRECTION ( 'NONE',  ( -0.02078751127481445748, -0.1045058763748859393, 0.9943069954385901354 ) ) ;
#1819 = EDGE_LOOP ( 'NONE', ( #1165, #2229, #3787, #4768 ) ) ;
#1820 = CARTESIAN_POINT ( 'NONE',  ( 1.154700538379259678, 2.000000000000005773, -2.370833333333330906 ) ) ;
#1821 = CARTESIAN_POINT ( 'NONE',  ( 0.000000000000000000, 1.545336663013187950, 0.8375000000000065725 ) ) ;
#1822 =( BOUNDED_CURVE ( )  B_SPLINE_CURVE ( 2, ( #3209, #705, #2371 ),
 .UNSPECIFIED., .F., .F. ) 
 B_SPLINE_CURVE_WITH_KNOTS ( ( 3, 3 ),
 ( 0.6666666666666666297, 0.6810209473180827144 ),
 .UNSPECIFIED. ) 
 CURVE ( )  GEOMETRIC_REPRESENTATION_ITEM ( )  RATIONAL_B_SPLINE_CURVE ( ( 1.000000000000000000, 0.9307680776474207551, 0.9330879152258313436 ) ) 
 REPRESENTATION_ITEM ( '' )  );
#1823 = CARTESIAN_POINT ( 'NONE',  ( -0.8922005383792712685, -1.545336663013217704, -4.558333333333324688 ) ) ;
#1824 = CARTESIAN_POINT ( 'NONE',  ( 0.000000000000000000, 2.037888611415577422, 3.921875000000000000 ) ) ;
#1825 = CARTESIAN_POINT ( 'NONE',  ( -0.2536874259130692533, -1.978834712860428668, 5.519999999999999574 ) ) ;
#1826 = ORIENTED_EDGE ( 'NONE', *, *, #5151, .F. ) ;
#1827 = EDGE_CURVE ( 'NONE', #4923, #4373, #137, .T. ) ;
#1828 = VERTEX_POINT ( 'NONE', #724 ) ;
#1829 = CIRCLE ( 'NONE', #3012, 3.951999999999998181 ) ;
#1830 = CARTESIAN_POINT ( 'NONE',  ( -0.3295337574696421412, -2.058511892743647209, 6.248741029553761095 ) ) ;
#1831 = CARTESIAN_POINT ( 'NONE',  ( 2.092548408769733026, -0.2658503012168395019, 6.117992359039511996 ) ) ;
#1832 = CARTESIAN_POINT ( 'NONE',  ( -0.8922005383792713795, -1.545336663013217704, -6.658333333333326109 ) ) ;
#1833 = CARTESIAN_POINT ( 'NONE',  ( -2.036553692936423854, 0.2013947372879396902, 5.519999999999999574 ) ) ;
#1834 = ADVANCED_FACE ( 'NONE', ( #4174 ), #984, .F. ) ;
#1835 = COORDINATED_UNIVERSAL_TIME_OFFSET ( 6, 0, .BEHIND. ) ;
#1836 = CARTESIAN_POINT ( 'NONE',  ( 0.8922005383792718236, 1.545336663013187950, -2.720833333333325221 ) ) ;
#1837 = CARTESIAN_POINT ( 'NONE',  ( -4.748276605929740160E-16, -3.877262088330835077, 5.281987470879276891 ) ) ;
#1838 = CARTESIAN_POINT ( 'NONE',  ( 1.764863307568897088, -1.018944305707812692, 0.8885416666666672292 ) ) ;
#1839 = VECTOR ( 'NONE', #113, 1000.000000000000114 ) ;
#1840 = ORIENTED_EDGE ( 'NONE', *, *, #4834, .F. ) ;
#1841 = VERTEX_POINT ( 'NONE', #2811 ) ;
#1842 = DIRECTION ( 'NONE',  ( -0.000000000000000000, -1.224646799147353207E-16, 1.000000000000000000 ) ) ;
#1843 = DIRECTION ( 'NONE',  ( 0.000000000000000000, 0.000000000000000000, 1.000000000000000000 ) ) ;
#1844 = DIRECTION ( 'NONE',  ( -0.07992773943613239174, -0.07992773943613272480, 0.9935910189495773537 ) ) ;
#1845 = CARTESIAN_POINT ( 'NONE',  ( 1.381458624468315133, -0.3502066986637509260, 6.438319537806444615 ) ) ;
#1846 = CC_DESIGN_PERSON_AND_ORGANIZATION_ASSIGNMENT ( #1021, #3569, ( #3344 ) ) ;
#1847 = CARTESIAN_POINT ( 'NONE',  ( -0.8922005383792713795, -1.545336663013218148, -3.158333333333326998 ) ) ;
#1848 = CARTESIAN_POINT ( 'NONE',  ( -6.396075677863227198E-14, 1.778108891324566176, -6.384391108675438353 ) ) ;
#1849 = VERTEX_POINT ( 'NONE', #1206 ) ;
#1850 = LINE ( 'NONE', #642, #2893 ) ;
#1851 = CARTESIAN_POINT ( 'NONE',  ( 1.784401076758541649, -1.545219801324524447E-14, -1.524999999999993472 ) ) ;
#1852 = CARTESIAN_POINT ( 'NONE',  ( 1.732050807568892292, 0.9999999999999913403, 0.3708333333333349580 ) ) ;
#1853 = CARTESIAN_POINT ( 'NONE',  ( -0.8922005383792707134, 1.545336663013188172, -3.391666666666659058 ) ) ;
#1854 = CARTESIAN_POINT ( 'NONE',  ( 2.353151076758530191, -1.628801945366331627E-14, 4.446875000000000355 ) ) ;
#1855 = DIRECTION ( 'NONE',  ( 0.000000000000000000, -1.000000000000000000, 0.000000000000000000 ) ) ;
#1856 = ORIENTED_EDGE ( 'NONE', *, *, #4499, .F. ) ;
#1857 = CARTESIAN_POINT ( 'NONE',  ( -0.2482731141209514325, -2.004218045021218586, 5.519999999999999574 ) ) ;
#1858 =( BOUNDED_CURVE ( )  B_SPLINE_CURVE ( 2, ( #4585, #331, #3691, #1726, #3028, #3002, #3829 ),
 .UNSPECIFIED., .F., .F. ) 
 B_SPLINE_CURVE_WITH_KNOTS ( ( 3, 2, 2, 3 ),
 ( 0.2500000000000000000, 0.2777777777777777346, 0.3055555555555555247, 0.3333333333333332593 ),
 .UNSPECIFIED. ) 
 CURVE ( )  GEOMETRIC_REPRESENTATION_ITEM ( )  RATIONAL_B_SPLINE_CURVE ( ( 1.000000000000000000, 0.8660254037844385966, 1.000000000000000000, 0.8660254037844385966, 1.000000000000000000, 0.8660254037844391517, 0.9999999999999994449 ) ) 
 REPRESENTATION_ITEM ( '' )  );
#1859 = CARTESIAN_POINT ( 'NONE',  ( 1.338300807568906015, -0.7726683315066179558, 2.704166666666672825 ) ) ;
#1860 = CARTESIAN_POINT ( 'NONE',  ( -0.3246263058599731521, -2.070829558463235909, 6.244771762079857957 ) ) ;
#1861 = EDGE_CURVE ( 'NONE', #2366, #981, #4023, .T. ) ;
#1862 = EDGE_CURVE ( 'NONE', #5118, #3217, #4950, .T. ) ;
#1863 = CARTESIAN_POINT ( 'NONE',  ( 0.3290101370919246149, -2.060559583673005513, 6.248068124469327245 ) ) ;
#1864 = CARTESIAN_POINT ( 'NONE',  ( -1.784401076758541871, -1.481154826947751155E-14, -3.187499999999992006 ) ) ;
#1865 = CARTESIAN_POINT ( 'NONE',  ( 2.053943384572785469, 0.3304402152407994731, 6.250254010542175109 ) ) ;
#1866 = PERSON_AND_ORGANIZATION ( #2497, #1810 ) ;
#1867 = CARTESIAN_POINT ( 'NONE',  ( -2.088695121407180277, -0.3113602013403294899, 6.239289767354727623 ) ) ;
#1868 = ADVANCED_FACE ( 'NONE', ( #2415 ), #4111, .T. ) ;
#1869 = CARTESIAN_POINT ( 'NONE',  ( -0.2831209356723809467, 1.214287501422805615, 5.519999999999999574 ) ) ;
#1870 = ORIENTED_EDGE ( 'NONE', *, *, #4272, .F. ) ;
#1871 = CARTESIAN_POINT ( 'NONE',  ( -1.784401076758541871, -1.489727354541782742E-14, -2.487499999999992273 ) ) ;
#1872 = ORIENTED_EDGE ( 'NONE', *, *, #2922, .F. ) ;
#1873 = DIRECTION ( 'NONE',  ( -0.9945218953682732899, 1.056125886013260926E-14, -0.1045284632676538178 ) ) ;
#1874 = CARTESIAN_POINT ( 'NONE',  ( 1.154700538379268782, -2.000000000000018208, -2.691666666666669538 ) ) ;
#1875 = DIRECTION ( 'NONE',  ( 0.000000000000000000, -1.000000000000000000, -4.015563601798179106E-16 ) ) ;
#1876 = LINE ( 'NONE', #1484, #375 ) ;
#1877 = CARTESIAN_POINT ( 'NONE',  ( 0.2450297871837198160, 2.010073422571227120, 5.519999999999999574 ) ) ;
#1878 = CARTESIAN_POINT ( 'NONE',  ( -0.3158432856577249037, 2.083693914953165915, 6.240789915302316082 ) ) ;
#1879 = ORIENTED_EDGE ( 'NONE', *, *, #3686, .F. ) ;
#1880 = CARTESIAN_POINT ( 'NONE',  ( 3.955858395444287887E-14, 1.649592814412337072, 2.297692317074977009 ) ) ;
#1881 = CARTESIAN_POINT ( 'NONE',  ( -0.8922005383792707134, 1.545336663013187728, -0.5916666666666601238 ) ) ;
#1882 = CARTESIAN_POINT ( 'NONE',  ( 0.8922005383792717126, 1.545336663013187062, 1.479166666666673180 ) ) ;
#1883 = CARTESIAN_POINT ( 'NONE',  ( -1.764863307568897977, -1.018944305707810472, -7.001041666666668384 ) ) ;
#1884 = CARTESIAN_POINT ( 'NONE',  ( -0.8922005383792708244, 1.545336663013187950, 0.8958333333333399207 ) ) ;
#1885 = CARTESIAN_POINT ( 'NONE',  ( -2.598355968102031642E-16, -2.121718661993899691, 6.235777398414734662 ) ) ;
#1886 = VERTEX_POINT ( 'NONE', #1569 ) ;
#1887 = ORIENTED_EDGE ( 'NONE', *, *, #361, .F. ) ;
#1888 = CARTESIAN_POINT ( 'NONE',  ( -1.764863307568897977, -1.018944305707811360, 1.398958333333329307 ) ) ;
#1889 = ADVANCED_FACE ( 'NONE', ( #3288 ), #2801, .T. ) ;
#1890 = CARTESIAN_POINT ( 'NONE',  ( -0.2013947372879659747, -2.036553692936422522, 5.519999999999999574 ) ) ;
#1891 = DIRECTION ( 'NONE',  ( 0.07992773943613233623, -0.07992773943613276644, 0.9935910189495773537 ) ) ;
#1892 = CARTESIAN_POINT ( 'NONE',  ( 0.2785322625646295402, -2.103356807430401432, 6.235777398414733774 ) ) ;
#1893 = CARTESIAN_POINT ( 'NONE',  ( -0.8922005383792713795, -1.545336663013218148, -3.070833333333325310 ) ) ;
#1894 = FACE_OUTER_BOUND ( 'NONE', #5282, .T. ) ;
#1895 =( BOUNDED_CURVE ( )  B_SPLINE_CURVE ( 2, ( #809, #4949, #2836, #1995, #5061, #2528, #2955 ),
 .UNSPECIFIED., .F., .F. ) 
 B_SPLINE_CURVE_WITH_KNOTS ( ( 3, 2, 2, 3 ),
 ( 0.5833333333333330373, 0.6111111111111109384, 0.6388888888888885065, 0.6666666666666664076 ),
 .UNSPECIFIED. ) 
 CURVE ( )  GEOMETRIC_REPRESENTATION_ITEM ( )  RATIONAL_B_SPLINE_CURVE ( ( 1.000000000000001110, 0.8660254037844374864, 1.000000000000000000, 0.8660254037844385966, 1.000000000000000000, 0.8660254037844401509, 0.9999999999999984457 ) ) 
 REPRESENTATION_ITEM ( '' )  );
#1896 = AXIS2_PLACEMENT_3D ( 'NONE', #5283, #1034, #1094 ) ;
#1897 = B_SPLINE_CURVE_WITH_KNOTS ( 'NONE', 3,
 ( #4921, #4981, #228, #5310, #1090, #1877, #3261, #1512, #3174, #2867, #253, #2390, #4451, #1122, #4862, #3640 ),
 .UNSPECIFIED., .F., .F.,
 ( 4, 3, 3, 3, 3, 4 ),
 ( 0.000000000000000000, 1.951659774944371041E-05, 3.904046944299372033E-05, 5.846509702378227497E-05, 7.786063186805316355E-05, 8.495776698242469454E-05 ),
 .UNSPECIFIED. ) ;
#1898 = CARTESIAN_POINT ( 'NONE',  ( 1.338300807568906015, -0.7726683315066171787, -3.595833333333325221 ) ) ;
#1899 = VECTOR ( 'NONE', #4801, 1000.000000000000227 ) ;
#1900 = CARTESIAN_POINT ( 'NONE',  ( -1.892491597964171594E-16, -1.545336663013218814, 0.4875000000000074829 ) ) ;
#1901 = CARTESIAN_POINT ( 'NONE',  ( 2.353151076758530191, -1.585939307396174010E-14, 0.9468750000000006883 ) ) ;
#1902 = EDGE_LOOP ( 'NONE', ( #813, #1962 ) ) ;
#1903 = CARTESIAN_POINT ( 'NONE',  ( 2.449293598294707893E-16, 2.000000000000000444, 6.599999999999999645 ) ) ;
#1904 = EDGE_CURVE ( 'NONE', #2178, #4997, #4611, .T. ) ;
#1905 = AXIS2_PLACEMENT_3D ( 'NONE', #2414, #4110, #3696 ) ;
#1906 = CARTESIAN_POINT ( 'NONE',  ( -0.8300224625992498328, 1.390764687558623258, 2.175555945028168292 ) ) ;
#1907 = CARTESIAN_POINT ( 'NONE',  ( 2.033986984616319660, -0.2147958201322326677, 5.519999999999999574 ) ) ;
#1908 = CARTESIAN_POINT ( 'NONE',  ( -1.338300807568906459, 0.7726683315065870916, -3.333333333333326376 ) ) ;
#1909 = CARTESIAN_POINT ( 'NONE',  ( 1.784009312053314478, -0.7750029015129771270, 3.099708842352287608 ) ) ;
#1910 = CARTESIAN_POINT ( 'NONE',  ( -2.075861297704041597, -0.3045459132484026332, 6.003886184098272238 ) ) ;
#1911 = ORIENTED_EDGE ( 'NONE', *, *, #2689, .F. ) ;
#1912 = LINE ( 'NONE', #3205, #197 ) ;
#1913 = ADVANCED_FACE ( 'NONE', ( #1229 ), #1387, .F. ) ;
#1914 = CARTESIAN_POINT ( 'NONE',  ( -0.8922005383792712685, -1.545336663013218148, -2.458333333333326376 ) ) ;
#1915 = CARTESIAN_POINT ( 'NONE',  ( 2.878373097311964457E-15, -2.046487425913061653, 5.519999999999999574 ) ) ;
#1916 = CARTESIAN_POINT ( 'NONE',  ( -2.495693764988950272E-16, -2.037888611415607620, -3.384375000000002132 ) ) ;
#1917 = CARTESIAN_POINT ( 'NONE',  ( 0.000000000000000000, 2.000000000000001332, 1.187500000000001776 ) ) ;
#1918 = CARTESIAN_POINT ( 'NONE',  ( 0.000000000000000000, 1.972154559199746693, 3.183923427258265715 ) ) ;
#1919 = AXIS2_PLACEMENT_3D ( 'NONE', #4459, #533, #3929 ) ;
#1920 = VERTEX_POINT ( 'NONE', #3447 ) ;
#1921 = ORIENTED_EDGE ( 'NONE', *, *, #5526, .F. ) ;
#1922 = CARTESIAN_POINT ( 'NONE',  ( 1.176575538379264652, -2.037888611415608953, 2.973958333333329040 ) ) ;
#1923 = CARTESIAN_POINT ( 'NONE',  ( 0.000000000000000000, -3.097898009464354643E-16, 5.281987470879276891 ) ) ;
#1924 = CARTESIAN_POINT ( 'NONE',  ( 0.3304402152407930338, -2.053943384572787245, 6.250254010542175109 ) ) ;
#1925 = CC_DESIGN_DATE_AND_TIME_ASSIGNMENT ( #2746, #2262, ( #354 ) ) ;
#1926 = CARTESIAN_POINT ( 'NONE',  ( 1.784401076758541871, -1.529146312085715932E-14, -2.837499999999991918 ) ) ;
#1927 = CARTESIAN_POINT ( 'NONE',  ( 2.060559583673004180, 0.3290101370919310542, 6.248068124469327245 ) ) ;
#1928 = CALENDAR_DATE ( 2026, 8, 1 ) ;
#1929 = CARTESIAN_POINT ( 'NONE',  ( -2.103356807430399211, -0.2785322625646379224, 6.235777398414737327 ) ) ;
#1930 = CARTESIAN_POINT ( 'NONE',  ( 0.000000000000000000, -3.086842986109005871, 3.399999999999999467 ) ) ;
#1931 =( BOUNDED_CURVE ( )  B_SPLINE_CURVE ( 2, ( #3645, #2338, #1852, #3208, #2701, #557, #2732 ),
 .UNSPECIFIED., .F., .F. ) 
 B_SPLINE_CURVE_WITH_KNOTS ( ( 3, 2, 2, 3 ),
 ( 0.000000000000000000, 0.02777777777777776930, 0.05555555555555553859, 0.08333333333333330095 ),
 .UNSPECIFIED. ) 
 CURVE ( )  GEOMETRIC_REPRESENTATION_ITEM ( )  RATIONAL_B_SPLINE_CURVE ( ( 1.000000000000000000, 0.8660254037844385966, 1.000000000000000000, 0.8660254037844385966, 1.000000000000000000, 0.8660254037844389297, 0.9999999999999996669 ) ) 
 REPRESENTATION_ITEM ( '' )  );
#1932 = CARTESIAN_POINT ( 'NONE',  ( 0.000000000000000000, 1.545336663013188394, -2.662499999999992539 ) ) ;
#1933 = EDGE_LOOP ( 'NONE', ( #3780, #5494, #4974, #2036 ) ) ;
#1934 = DIRECTION ( 'NONE',  ( -0.000000000000000000, -0.000000000000000000, -1.000000000000000000 ) ) ;
#1935 = CARTESIAN_POINT ( 'NONE',  ( 1.732050807568890960, -1.000000000000024203, -0.5333333333333369897 ) ) ;
#1936 = CARTESIAN_POINT ( 'NONE',  ( -1.030938704996685829, 1.713816030541133850, 3.260428147091731788 ) ) ;
#1937 = TOROIDAL_SURFACE ( 'NONE', #5411, 1.154211444396213482, 2.845788555603784964 ) ;
#1938 = LINE ( 'NONE', #551, #4830 ) ;
#1939 = EDGE_CURVE ( 'NONE', #2191, #3239, #2547, .T. ) ;
#1940 = EDGE_CURVE ( 'NONE', #3239, #2554, #1570, .T. ) ;
#1941 = CARTESIAN_POINT ( 'NONE',  ( 1.338300807568906015, -0.7726683315066176228, -0.1833333333333265758 ) ) ;
#1942 = CARTESIAN_POINT ( 'NONE',  ( 1.176575538379266428, 2.037888611415576534, 2.463541666666666519 ) ) ;
#1943 = ORIENTED_EDGE ( 'NONE', *, *, #4087, .T. ) ;
#1944 = CARTESIAN_POINT ( 'NONE',  ( -1.149669888859483846, 1.241658079811924997, 2.404353443414750213 ) ) ;
#1945 = CARTESIAN_POINT ( 'NONE',  ( -0.8922005383792707134, 1.545336663013187728, 0.1083333333333400539 ) ) ;
#1946 = CARTESIAN_POINT ( 'NONE',  ( 1.732050807568892514, 0.9999999999999917843, -3.916666666666669183 ) ) ;
#1947 = EDGE_CURVE ( 'NONE', #4614, #3224, #2147, .T. ) ;
#1948 = FACE_OUTER_BOUND ( 'NONE', #71, .T. ) ;
#1949 = CARTESIAN_POINT ( 'NONE',  ( 0.9369201757553772270, -0.9369201757553828891, 6.537525475611324133 ) ) ;
#1950 = CARTESIAN_POINT ( 'NONE',  ( 0.000000000000000000, -4.711997834488155533E-16, 6.599999999999999645 ) ) ;
#1951 = VERTEX_POINT ( 'NONE', #159 ) ;
#1952 = EDGE_LOOP ( 'NONE', ( #1674, #309, #2972, #3916 ) ) ;
#1953 = CARTESIAN_POINT ( 'NONE',  ( -2.353151076758530191, -1.524553247892535786E-14, 0.6406249999999962252 ) ) ;
#1954 = B_SPLINE_CURVE_WITH_KNOTS ( 'NONE', 3,
 ( #4028, #5278, #610, #3201, #5307, #3551, #252, #4891, #4394, #4478, #3528, #1058, #5224, #1401, #3117, #2725 ),
 .UNSPECIFIED., .F., .F.,
 ( 4, 3, 3, 3, 3, 4 ),
 ( 5.421010862427522170E-20, 1.951660190554443304E-05, 3.904047611926373079E-05, 5.846512373737682754E-05, 7.786064820822451279E-05, 8.495776670908572589E-05 ),
 .UNSPECIFIED. ) ;
#1955 = CARTESIAN_POINT ( 'NONE',  ( 1.338300807568906015, -0.7726683315066180668, 4.104166666666673180 ) ) ;
#1956 = CARTESIAN_POINT ( 'NONE',  ( 0.000000000000000000, 2.000000000000001776, -5.112499999999996270 ) ) ;
#1957 = APPLICATION_CONTEXT ( 'configuration controlled 3d designs of mechanical parts and assemblies' ) ;
#1958 = CARTESIAN_POINT ( 'NONE',  ( -1.362259747427714940, -0.2536874259130721954, 5.519999999999999574 ) ) ;
#1959 = CARTESIAN_POINT ( 'NONE',  ( -1.732050807568891626, -1.000000000000023315, -0.06666666666667016294 ) ) ;
#1960 = CARTESIAN_POINT ( 'NONE',  ( -2.047799633069832037, 0.3311351379778882387, 6.256865758730181248 ) ) ;
#1961 = CARTESIAN_POINT ( 'NONE',  ( 2.094833983762687257, -0.3031426551174484230, 6.237570133143252704 ) ) ;
#1962 = ORIENTED_EDGE ( 'NONE', *, *, #2352, .F. ) ;
#1963 = CARTESIAN_POINT ( 'NONE',  ( -1.176575538379265984, -2.037888611415607620, 0.7135416666666669627 ) ) ;
#1964 = ORIENTED_EDGE ( 'NONE', *, *, #2241, .F. ) ;
#1965 = CARTESIAN_POINT ( 'NONE',  ( -0.3502066986637449864, -1.381458624468316465, 6.438319537806442838 ) ) ;
#1966 = CARTESIAN_POINT ( 'NONE',  ( 1.732050807568892514, 0.9999999999999917843, -2.516666666666669716 ) ) ;
#1967 = CARTESIAN_POINT ( 'NONE',  ( -0.4776846907775361140, -1.837459064890357485, 2.971076704059343321 ) ) ;
#1968 =( BOUNDED_SURFACE ( )  B_SPLINE_SURFACE ( 1, 2, ( 
 ( #254, #2001, #4895, #3615, #3700, #1602, #1149, #3668, #1573, #5368, #281, #4030, #1545, #3262, #4116, #4480, #3729, #5311, #4452, #2032, #612, #2334, #4953, #728, #2868, #1061, #1123, #2452, #202, #1486, #3291, #3203, #640, #4535, #2365, #1942, #699, #2418, #4982, #4593, #761, #3315, #2902, #1177, #3758, #2060, #5453, #5013, #4177, #2479, #341, #122, #1011, #148, #5260, #1357, #93, #2251, #532, #69, #1824, #903, #3979, #3953, #3904, #176, #979, #1409, #1776, #1854, #3484, #2677, #2652 ),
 ( #5180, #3125, #1801, #561, #3151, #2735, #4842, #930, #3534, #5233, #4430, #3559, #3592, #1884, #5207, #2704, #4813, #4405, #4378, #2283, #1436, #586, #3928, #2311, #4790, #4007, #5288, #3049, #2203, #4737, #2626, #3075, #3509, #1383, #4764, #3099, #4323, #482, #2227, #954, #4352, #508, #2769, #1983, #1859, #3242, #4907, #2740, #3985, #241, #4463, #5293, #214, #3563, #1472, #2710, #4074, #4100, #5264, #3626, #565, #4013, #622, #3681, #2377, #983, #266, #2404, #1955, #4436, #3652, #5351, #181 ) ),
 .UNSPECIFIED., .F., .F., .F. ) 
 B_SPLINE_SURFACE_WITH_KNOTS ( ( 2, 2 ),
 ( 3, 2, 2, 2, 2, 2, 2, 2, 2, 2, 2, 2, 2, 2, 2, 2, 2, 2, 2, 2, 2, 2, 2, 2, 2, 2, 2, 2, 2, 2, 2, 2, 2, 2, 2, 2, 3 ),
 ( 0.000000000000000000, 1.000000000000000000 ),
 ( 0.000000000000000000, 0.02777777777777777624, 0.05555555555555555247, 0.08333333333333332871, 0.1111111111111111049, 0.1388888888888888951, 0.1666666666666666574, 0.1944444444444444475, 0.2222222222222222099, 0.2500000000000000000, 0.2777777777777777901, 0.3055555555555555802, 0.3333333333333333148, 0.3611111111111111049, 0.3888888888888888951, 0.4166666666666666852, 0.4444444444444444198, 0.4722222222222222099, 0.5000000000000000000, 0.5277777777777777901, 0.5555555555555555802, 0.5833333333333333703, 0.6111111111111111605, 0.6388888888888888395, 0.6666666666666666297, 0.6944444444444444198, 0.7222222222222222099, 0.7500000000000000000, 0.7777777777777777901, 0.8055555555555555802, 0.8333333333333333703, 0.8611111111111111605, 0.8888888888888888395, 0.9166666666666666297, 0.9444444444444444198, 0.9722222222222222099, 1.000000000000000000 ),
 .UNSPECIFIED. ) 
 GEOMETRIC_REPRESENTATION_ITEM ( )  RATIONAL_B_SPLINE_SURFACE ( (
 ( 1.000000000000000000, 0.8660254037844387076, 1.000000000000000000, 0.8660254037844387076, 1.000000000000000000, 0.8660254037844387076, 1.000000000000000000, 0.8660254037844387076, 1.000000000000000000, 0.8660254037844387076, 1.000000000000000000, 0.8660254037844387076, 1.000000000000000000, 0.8660254037844387076, 1.000000000000000000, 0.8660254037844387076, 1.000000000000000000, 0.8660254037844387076, 1.000000000000000000, 0.8660254037844387076, 1.000000000000000000, 0.8660254037844387076, 1.000000000000000000, 0.8660254037844387076, 1.000000000000000000, 0.8660254037844387076, 1.000000000000000000, 0.8660254037844387076, 1.000000000000000000, 0.8660254037844387076, 1.000000000000000000, 0.8660254037844387076, 1.000000000000000000, 0.8660254037844387076, 1.000000000000000000, 0.8660254037844387076, 1.000000000000000000, 0.8660254037844387076, 1.000000000000000000, 0.8660254037844387076, 1.000000000000000000, 0.8660254037844387076, 1.000000000000000000, 0.8660254037844387076, 1.000000000000000000, 0.8660254037844387076, 1.000000000000000000, 0.8660254037844387076, 1.000000000000000000, 0.8660254037844387076, 1.000000000000000000, 0.8660254037844387076, 1.000000000000000000, 0.8660254037844387076, 1.000000000000000000, 0.8660254037844387076, 1.000000000000000000, 0.8660254037844387076, 1.000000000000000000, 0.8660254037844387076, 1.000000000000000000, 0.8660254037844387076, 1.000000000000000000, 0.8660254037844387076, 1.000000000000000000, 0.8660254037844387076, 1.000000000000000000, 0.8660254037844387076, 1.000000000000000000, 0.8660254037844387076, 1.000000000000000000, 0.8660254037844387076, 1.000000000000000000),
 ( 1.000000000000000000, 0.8660254037844387076, 1.000000000000000000, 0.8660254037844387076, 1.000000000000000000, 0.8660254037844387076, 1.000000000000000000, 0.8660254037844387076, 1.000000000000000000, 0.8660254037844387076, 1.000000000000000000, 0.8660254037844387076, 1.000000000000000000, 0.8660254037844387076, 1.000000000000000000, 0.8660254037844387076, 1.000000000000000000, 0.8660254037844387076, 1.000000000000000000, 0.8660254037844387076, 1.000000000000000000, 0.8660254037844387076, 1.000000000000000000, 0.8660254037844387076, 1.000000000000000000, 0.8660254037844387076, 1.000000000000000000, 0.8660254037844387076, 1.000000000000000000, 0.8660254037844387076, 1.000000000000000000, 0.8660254037844387076, 1.000000000000000000, 0.8660254037844387076, 1.000000000000000000, 0.8660254037844387076, 1.000000000000000000, 0.8660254037844387076, 1.000000000000000000, 0.8660254037844387076, 1.000000000000000000, 0.8660254037844387076, 1.000000000000000000, 0.8660254037844387076, 1.000000000000000000, 0.8660254037844387076, 1.000000000000000000, 0.8660254037844387076, 1.000000000000000000, 0.8660254037844387076, 1.000000000000000000, 0.8660254037844387076, 1.000000000000000000, 0.8660254037844387076, 1.000000000000000000, 0.8660254037844387076, 1.000000000000000000, 0.8660254037844387076, 1.000000000000000000, 0.8660254037844387076, 1.000000000000000000, 0.8660254037844387076, 1.000000000000000000, 0.8660254037844387076, 1.000000000000000000, 0.8660254037844387076, 1.000000000000000000, 0.8660254037844387076, 1.000000000000000000, 0.8660254037844387076, 1.000000000000000000, 0.8660254037844387076, 1.000000000000000000) ) ) 
 REPRESENTATION_ITEM ( '' )  SURFACE ( )  );
#1969 = CYLINDRICAL_SURFACE ( 'NONE', #2442, 2.000000000000000888 ) ;
#1970 = CARTESIAN_POINT ( 'NONE',  ( -1.732050807568891626, -1.000000000000023093, -2.166666666666670071 ) ) ;
#1971 = CARTESIAN_POINT ( 'NONE',  ( -2.047799633058167590, -0.3311351379645420256, 6.256865758603368022 ) ) ;
#1972 = VERTEX_POINT ( 'NONE', #3519 ) ;
#1973 = CARTESIAN_POINT ( 'NONE',  ( -1.730454006081189267, -0.1756616154356941961, 2.534218166444161202 ) ) ;
#1974 = CARTESIAN_POINT ( 'NONE',  ( 1.338300807568906903, 0.7726683315065855373, -2.866666666666660035 ) ) ;
#1975 = CARTESIAN_POINT ( 'NONE',  ( -0.8922005383792708244, 1.545336663013187950, 0.1083333333333390963 ) ) ;
#1976 = CARTESIAN_POINT ( 'NONE',  ( -2.103356807430392994, 0.2785322625646771133, 6.235777398414737327 ) ) ;
#1977 = CARTESIAN_POINT ( 'NONE',  ( 0.3131358026968317776, 2.086522686051697217, 6.239949106964842507 ) ) ;
#1978 = FACE_OUTER_BOUND ( 'NONE', #2531, .T. ) ;
#1979 = ORIENTED_EDGE ( 'NONE', *, *, #3451, .T. ) ;
#1980 = CARTESIAN_POINT ( 'NONE',  ( 0.5343434567956816261, -0.6077826837534013871, 5.520000000000000462 ) ) ;
#1981 = CARTESIAN_POINT ( 'NONE',  ( -2.495693764988950272E-16, -2.037888611415608064, 0.1156249999999958838 ) ) ;
#1982 = EDGE_CURVE ( 'NONE', #3946, #3280, #3604, .T. ) ;
#1983 = CARTESIAN_POINT ( 'NONE',  ( 0.8922005383792704913, -1.545336663013219480, 2.645833333333339699 ) ) ;
#1984 = B_SPLINE_CURVE_WITH_KNOTS ( 'NONE', 3,
 ( #157, #1865, #1927, #1444, #3163, #4852, #3191, #2321, #4048, #1020, #185, #2744, #3602, #5297, #4882, #3629 ),
 .UNSPECIFIED., .F., .F.,
 ( 4, 3, 3, 3, 3, 4 ),
 ( 0.000000000000000000, 2.075118737069678304E-05, 4.150691503887056727E-05, 6.216187880023526298E-05, 8.234179707201607279E-05, 8.472829037962361851E-05 ),
 .UNSPECIFIED. ) ;
#1985 = CARTESIAN_POINT ( 'NONE',  ( -1.154700538379266117, 1.999999999999993117, -2.954166666666663499 ) ) ;
#1986 = CARTESIAN_POINT ( 'NONE',  ( -1.311313062439114940, -0.2536874259130720843, 5.519999999999999574 ) ) ;
#1987 = ORIENTED_EDGE ( 'NONE', *, *, #4985, .F. ) ;
#1988 = CARTESIAN_POINT ( 'NONE',  ( 0.000000000000000000, -2.000000000000001332, 6.599999999999999645 ) ) ;
#1989 = CARTESIAN_POINT ( 'NONE',  ( 1.348965873114860825, 0.7849625506800572694, 2.029534086334555454 ) ) ;
#1990 = CARTESIAN_POINT ( 'NONE',  ( 0.3311351380415881174, 2.047799633125622076, 6.256865759336442068 ) ) ;
#1991 = CIRCLE ( 'NONE', #3776, 2.050799999999993517 ) ;
#1992 = ORIENTED_EDGE ( 'NONE', *, *, #2248, .F. ) ;
#1993 = CARTESIAN_POINT ( 'NONE',  ( 2.024863872424951694, 0.2316298193921887127, 5.519999999999999574 ) ) ;
#1994 = ADVANCED_FACE ( 'NONE', ( #1477 ), #5217, .T. ) ;
#1995 = CARTESIAN_POINT ( 'NONE',  ( -2.309401076758522464, -1.447936282520879783E-14, -5.637499999999998401 ) ) ;
#1996 = AXIS2_PLACEMENT_3D ( 'NONE', #3804, #1677, #2975 ) ;
#1997 = CARTESIAN_POINT ( 'NONE',  ( -1.219353973237672584, -1.434705851948788080, 2.928004225246069847 ) ) ;
#1998 = LINE ( 'NONE', #2899, #5103 ) ;
#1999 = CARTESIAN_POINT ( 'NONE',  ( 0.9130525303791374725, -1.704669757006532782, 3.038711328313578708 ) ) ;
#2000 = VECTOR ( 'NONE', #2834, 1000.000000000000000 ) ;
#2001 = CARTESIAN_POINT ( 'NONE',  ( -1.176575538379264874, 2.037888611415577866, 0.4802083333333336812 ) ) ;
#2002 = ORIENTED_EDGE ( 'NONE', *, *, #5171, .F. ) ;
#2003 = CARTESIAN_POINT ( 'NONE',  ( -2.028047264935067151, 0.2264348769809188533, 5.519999999999999574 ) ) ;
#2004 = CARTESIAN_POINT ( 'NONE',  ( -1.764863307568897755, 1.018944305707781606, -2.217708333333336501 ) ) ;
#2005 = CARTESIAN_POINT ( 'NONE',  ( 0.000000000000000000, 1.545336663013187950, 0.7500000000000057732 ) ) ;
#2006 = LOCAL_TIME ( 4, 1, 0.000000000000000000, #1049 ) ;
#2007 = FACE_OUTER_BOUND ( 'NONE', #932, .T. ) ;
#2008 = CARTESIAN_POINT ( 'NONE',  ( 1.176575538379266428, 2.037888611415577422, -3.092708333333335613 ) ) ;
#2009 = DIRECTION ( 'NONE',  ( -0.000000000000000000, -1.224646799147353207E-16, 1.000000000000000000 ) ) ;
#2010 = CARTESIAN_POINT ( 'NONE',  ( 0.000000000000000000, -4.163799117101000559E-16, 3.399999999999999911 ) ) ;
#2011 = ORIENTED_EDGE ( 'NONE', *, *, #91, .F. ) ;
#2012 = CARTESIAN_POINT ( 'NONE',  ( 0.000000000000000000, -4.163799117101000559E-16, 3.399999999999999911 ) ) ;
#2013 = CARTESIAN_POINT ( 'NONE',  ( -2.495693764988950272E-16, -2.037888611415608064, 0.8156249999999958256 ) ) ;
#2014 = CARTESIAN_POINT ( 'NONE',  ( 0.000000000000000000, 2.037888611415578755, -5.178124999999997868 ) ) ;
#2015 = DIRECTION ( 'NONE',  ( -0.3805870524817677181, -0.9188184237650782737, 0.1045284632676536790 ) ) ;
#2016 = VECTOR ( 'NONE', #4992, 1000.000000000000000 ) ;
#2017 = EDGE_CURVE ( 'NONE', #3077, #2688, #2610, .T. ) ;
#2018 = EDGE_CURVE ( 'NONE', #670, #5399, #291, .T. ) ;
#2019 = CARTESIAN_POINT ( 'NONE',  ( -0.8922005383792713795, -1.545336663013218148, -3.158333333333326109 ) ) ;
#2020 = ORIENTED_EDGE ( 'NONE', *, *, #558, .T. ) ;
#2021 = CARTESIAN_POINT ( 'NONE',  ( 0.000000000000000000, 2.070106209874711453E-15, 6.599999999999999645 ) ) ;
#2022 = CARTESIAN_POINT ( 'NONE',  ( 2.103356807430397435, -0.2785322625646426409, 6.235777398414732886 ) ) ;
#2023 = ADVANCED_FACE ( 'NONE', ( #687 ), #304, .T. ) ;
#2024 = CARTESIAN_POINT ( 'NONE',  ( 1.784401076758541871, -1.554863894867810060E-14, -0.7374999999999924949 ) ) ;
#2025 = ORIENTED_EDGE ( 'NONE', *, *, #3580, .F. ) ;
#2026 = CARTESIAN_POINT ( 'NONE',  ( -0.8922005383792707134, 1.545336663013187728, 0.1083333333333392073 ) ) ;
#2027 = DIRECTION ( 'NONE',  ( 0.3805870524817677181, 0.9188184237650782737, 0.1045284632676539149 ) ) ;
#2028 = CARTESIAN_POINT ( 'NONE',  ( 0.2009207454698277440, -2.036136424133421219, 5.515605852048856228 ) ) ;
#2029 = CARTESIAN_POINT ( 'NONE',  ( -1.154700538379261010, 2.000000000000001776, -1.554166666666664476 ) ) ;
#2030 = AXIS2_PLACEMENT_3D ( 'NONE', #4160, #1554, #2941 ) ;
#2031 = CARTESIAN_POINT ( 'NONE',  ( -1.338300807568906459, 0.7726683315065873137, -5.345833333333326109 ) ) ;
#2032 = CARTESIAN_POINT ( 'NONE',  ( 1.176575538379264652, -2.037888611415608509, 1.530208333333333171 ) ) ;
#2033 = EDGE_LOOP ( 'NONE', ( #3102, #3120, #4681, #2150 ) ) ;
#2034 = DIRECTION ( 'NONE',  ( -0.000000000000000000, -1.224646799147353207E-16, 1.000000000000000000 ) ) ;
#2035 = CARTESIAN_POINT ( 'NONE',  ( -1.176575538379264874, 2.037888611415577866, -0.8760416666666693830 ) ) ;
#2036 = ORIENTED_EDGE ( 'NONE', *, *, #3133, .F. ) ;
#2037 = CARTESIAN_POINT ( 'NONE',  ( -1.892491597964171594E-16, -1.545336663013219258, 3.987500000000006484 ) ) ;
#2038 = CC_DESIGN_DATE_AND_TIME_ASSIGNMENT ( #2380, #4883, ( #1097 ) ) ;
#2039 = CARTESIAN_POINT ( 'NONE',  ( 1.834383382977500476, -0.4267527005630483705, 2.928842599652860645 ) ) ;
#2040 = CARTESIAN_POINT ( 'NONE',  ( 1.764863307568897088, -1.018944305707812026, -5.367708333333335524 ) ) ;
#2041 = CARTESIAN_POINT ( 'NONE',  ( -2.449293598294727122E-16, -2.000000000000031530, 0.7499999999999963363 ) ) ;
#2042 = CARTESIAN_POINT ( 'NONE',  ( 0.000000000000000000, -4.711997834488155533E-16, 6.599999999999999645 ) ) ;
#2043 = ORIENTED_EDGE ( 'NONE', *, *, #2214, .T. ) ;
#2044 = CARTESIAN_POINT ( 'NONE',  ( 1.388254980710438291, -0.6788324613521845574, 2.011250895266631922 ) ) ;
#2045 = CARTESIAN_POINT ( 'NONE',  ( 1.176575538379264652, -2.037888611415607620, -5.469791666666664831 ) ) ;
#2046 = CARTESIAN_POINT ( 'NONE',  ( 1.732050807568890960, -1.000000000000023981, -5.345833333333329662 ) ) ;
#2047 = CARTESIAN_POINT ( 'NONE',  ( 1.154700538379263230, -2.000000000000027089, -3.391666666666669272 ) ) ;
#2048 = ORIENTED_EDGE ( 'NONE', *, *, #804, .T. ) ;
#2049 = LINE ( 'NONE', #2831, #5186 ) ;
#2050 = CARTESIAN_POINT ( 'NONE',  ( 2.076570482417930741, -0.3217390710198125281, 6.242948610872475435 ) ) ;
#2051 = CARTESIAN_POINT ( 'NONE',  ( 0.8922005383792717126, 1.545336663013187284, -0.6208333333333260207 ) ) ;
#2052 = ORIENTED_EDGE ( 'NONE', *, *, #1939, .F. ) ;
#2053 = LINE ( 'NONE', #1117, #547 ) ;
#2054 = CARTESIAN_POINT ( 'NONE',  ( -1.154700538379263230, 1.999999999999997335, -2.254166666666663321 ) ) ;
#2055 =( BOUNDED_CURVE ( )  B_SPLINE_CURVE ( 2, ( #1773, #4787, #3480, #5176, #3072, #3925, #4761 ),
 .UNSPECIFIED., .F., .F. ) 
 B_SPLINE_CURVE_WITH_KNOTS ( ( 3, 2, 2, 3 ),
 ( 0.4166666666666665741, 0.4444444444444443643, 0.4722222222222221544, 0.5000000000000000000 ),
 .UNSPECIFIED. ) 
 CURVE ( )  GEOMETRIC_REPRESENTATION_ITEM ( )  RATIONAL_B_SPLINE_CURVE ( ( 1.000000000000000444, 0.8660254037844381525, 1.000000000000000000, 0.8660254037844387076, 1.000000000000000000, 0.8660254037844387076, 1.000000000000000000 ) ) 
 REPRESENTATION_ITEM ( '' )  );
#2056 = ADVANCED_FACE ( 'NONE', ( #1166 ), #456, .F. ) ;
#2057 = CARTESIAN_POINT ( 'NONE',  ( 0.2791914058451315794, -2.001945937724134872, 5.762654160106864154 ) ) ;
#2058 = CARTESIAN_POINT ( 'NONE',  ( 2.036042748710472416, 0.3177086153809242641, 6.129120929389993755 ) ) ;
#2059 = CARTESIAN_POINT ( 'NONE',  ( -1.338300807568906459, -0.7726683315066158464, -5.929166666666659147 ) ) ;
#2060 = CARTESIAN_POINT ( 'NONE',  ( 2.353151076758530191, -1.611656890178268454E-14, 3.046875000000000000 ) ) ;
#2061 = ORIENTED_EDGE ( 'NONE', *, *, #4020, .F. ) ;
#2062 = CARTESIAN_POINT ( 'NONE',  ( -2.004218045021215922, 0.2482731141209714443, 5.519999999999999574 ) ) ;
#2063 = CARTESIAN_POINT ( 'NONE',  ( -1.764863307568897977, -1.018944305707811138, -1.401041666666670293 ) ) ;
#2064 = CARTESIAN_POINT ( 'NONE',  ( -1.338300807568906459, -0.7726683315066168456, 1.770833333333339699 ) ) ;
#2065 = CARTESIAN_POINT ( 'NONE',  ( 1.469272848460706049, 0.8714688466046328630, -6.457521553035456385 ) ) ;
#2066 = CARTESIAN_POINT ( 'NONE',  ( -1.764863307568897977, -1.018944305707811138, -0.7447916666666661856 ) ) ;
#2067 = CARTESIAN_POINT ( 'NONE',  ( 1.338300807568906015, -0.7726683315066176228, -0.09583333333332581805 ) ) ;
#2068 = LINE ( 'NONE', #1690, #2918 ) ;
#2069 = ORIENTED_EDGE ( 'NONE', *, *, #599, .F. ) ;
#2070 = DIRECTION ( 'NONE',  ( -0.000000000000000000, -1.224646799147352961E-16, 1.000000000000000000 ) ) ;
#2071 = CARTESIAN_POINT ( 'NONE',  ( -0.3513924484429480910, 1.330523465946950257, 6.449601193357406004 ) ) ;
#2072 = CARTESIAN_POINT ( 'NONE',  ( -1.176575538379264874, 2.037888611415578310, -3.719791666666664387 ) ) ;
#2073 = CARTESIAN_POINT ( 'NONE',  ( 2.013052336805459142, -0.2917822747240177983, 5.882448275415797845 ) ) ;
#2074 = ORIENTED_EDGE ( 'NONE', *, *, #5422, .T. ) ;
#2075 = CARTESIAN_POINT ( 'NONE',  ( 1.511129389001692136, 0.9154529160767302942, 2.609625524283043951 ) ) ;
#2076 = DIRECTION ( 'NONE',  ( 8.526512829121202230E-14, -1.000000000000000000, -4.088014841577983274E-16 ) ) ;
#2077 = ORIENTED_EDGE ( 'NONE', *, *, #4733, .F. ) ;
#2078 = DIRECTION ( 'NONE',  ( -0.07992773943613233623, 0.07992773943613275256, -0.9935910189495773537 ) ) ;
#2079 = CARTESIAN_POINT ( 'NONE',  ( -2.449293598294727122E-16, -2.000000000000031086, -2.050000000000003819 ) ) ;
#2080 = CARTESIAN_POINT ( 'NONE',  ( -1.851056242791942141, 0.07830758226614041584, 2.844888598561907234 ) ) ;
#2081 = VECTOR ( 'NONE', #5082, 1000.000000000000114 ) ;
#2082 = CARTESIAN_POINT ( 'NONE',  ( 0.2981763064969575883, 1.293366620612942526E-15, 0.2693673207834480499 ) ) ;
#2083 = ADVANCED_FACE ( 'NONE', ( #4079 ), #750, .T. ) ;
#2084 = B_SPLINE_CURVE_WITH_KNOTS ( 'NONE', 3,
 ( #1301, #2222, #115, #850, #2172, #2199, #4786 ),
 .UNSPECIFIED., .F., .F.,
 ( 4, 3, 4 ),
 ( 0.000000000000000000, 0.0003661413032434425127, 0.0007230148281162502829 ),
 .UNSPECIFIED. ) ;
#2085 = ORIENTED_EDGE ( 'NONE', *, *, #2361, .F. ) ;
#2086 = CARTESIAN_POINT ( 'NONE',  ( -1.154700538379261676, -2.000000000000030642, -4.208333333333336590 ) ) ;
#2087 = VECTOR ( 'NONE', #4527, 1000.000000000000000 ) ;
#2088 = CARTESIAN_POINT ( 'NONE',  ( 1.764863307568897088, -1.018944305707812470, -2.567708333333337034 ) ) ;
#2089 = CARTESIAN_POINT ( 'NONE',  ( -1.892491597964171594E-16, -1.545336663013219036, 1.887500000000006395 ) ) ;
#2090 = CARTESIAN_POINT ( 'NONE',  ( -6.396075677863227198E-14, 1.778108891324566176, -6.384391108675438353 ) ) ;
#2091 = AXIS2_PLACEMENT_3D ( 'NONE', #4026, #1843, #3549 ) ;
#2092 = CARTESIAN_POINT ( 'NONE',  ( 1.176575538379264652, -2.037888611415608509, -0.5697916666666663632 ) ) ;
#2093 = CARTESIAN_POINT ( 'NONE',  ( -1.338300807568906459, 0.7726683315065868696, -1.845833333333326109 ) ) ;
#2094 = EDGE_CURVE ( 'NONE', #360, #803, #2719, .T. ) ;
#2095 = CARTESIAN_POINT ( 'NONE',  ( 0.6151387054226505890, -0.6910024708207008759, 6.533202845889501731 ) ) ;
#2096 = ORIENTED_EDGE ( 'NONE', *, *, #1597, .T. ) ;
#2097 = CARTESIAN_POINT ( 'NONE',  ( -1.784401076758541649, -1.531518426562686332E-14, 0.9250000000000057065 ) ) ;
#2098 = CARTESIAN_POINT ( 'NONE',  ( 1.764863307568898643, 1.018944305707779385, 3.848958333333329040 ) ) ;
#2099 = APPROVAL_PERSON_ORGANIZATION ( #3911, #3663, #1312 ) ;
#2100 = CARTESIAN_POINT ( 'NONE',  ( 1.176575538379264652, -2.037888611415608064, -4.069791666666664476 ) ) ;
#2101 = CARTESIAN_POINT ( 'NONE',  ( -0.3306731578647240100, -2.047395140491270471, 6.252470311563131489 ) ) ;
#2102 = CARTESIAN_POINT ( 'NONE',  ( 1.154700538379262342, 2.000000000000000444, 1.829166666666668606 ) ) ;
#2103 = VERTEX_POINT ( 'NONE', #5416 ) ;
#2104 = CIRCLE ( 'NONE', #2818, 6.354903611260523277 ) ;
#2105 = CARTESIAN_POINT ( 'NONE',  ( 1.281394194403183695, 0.3621833151897266845, 6.459303098324777004 ) ) ;
#2106 = DIRECTION ( 'NONE',  ( -0.000000000000000000, -1.224646799147353207E-16, 1.000000000000000000 ) ) ;
#2107 = VERTEX_POINT ( 'NONE', #717 ) ;
#2108 = CARTESIAN_POINT ( 'NONE',  ( 0.8922005383792716016, 1.545336663013186840, 2.791666666666672292 ) ) ;
#2109 = CARTESIAN_POINT ( 'NONE',  ( -1.892491597964171594E-16, -1.545336663013217926, -6.512499999999992184 ) ) ;
#2110 = CARTESIAN_POINT ( 'NONE',  ( -0.8922005383792707134, 1.545336663013188172, -1.204166666666659502 ) ) ;
#2111 = ORIENTED_EDGE ( 'NONE', *, *, #4164, .F. ) ;
#2112 = CARTESIAN_POINT ( 'NONE',  ( -2.015150466805225360, 0.2409597770859066568, 5.519999999999999574 ) ) ;
#2113 = CARTESIAN_POINT ( 'NONE',  ( -2.353151076758530191, -1.473118082328346582E-14, -3.559375000000003730 ) ) ;
#2114 = EDGE_CURVE ( 'NONE', #5038, #87, #3298, .T. ) ;
#2115 = CARTESIAN_POINT ( 'NONE',  ( 1.784401076758541871, -1.596654966888713651E-14, 2.675000000000006484 ) ) ;
#2116 = ADVANCED_FACE ( 'NONE', ( #4526 ), #5443, .T. ) ;
#2117 = CARTESIAN_POINT ( 'NONE',  ( 1.792937821361962669, 0.6713263993689470022, 3.014284613722552741 ) ) ;
#2118 = CARTESIAN_POINT ( 'NONE',  ( -1.176575538379265984, -2.037888611415607176, -2.786458333333333037 ) ) ;
#2119 = CARTESIAN_POINT ( 'NONE',  ( -0.8922005383792713795, -1.545336663013218148, -1.670833333333326065 ) ) ;
#2120 = DIRECTION ( 'NONE',  ( -0.000000000000000000, -1.224646799147353207E-16, 1.000000000000000000 ) ) ;
#2121 = ORIENTED_EDGE ( 'NONE', *, *, #696, .T. ) ;
#2122 = DIRECTION ( 'NONE',  ( -1.000000000000000000, 0.000000000000000000, -0.000000000000000000 ) ) ;
#2123 = CARTESIAN_POINT ( 'NONE',  ( -1.764863307568897755, 1.018944305707781162, 3.382291666666662699 ) ) ;
#2124 = CARTESIAN_POINT ( 'NONE',  ( -1.764863307568897977, -1.018944305707810694, -4.944791666666665364 ) ) ;
#2125 = EDGE_CURVE ( 'NONE', #965, #686, #2470, .T. ) ;
#2126 = CARTESIAN_POINT ( 'NONE',  ( 0.7846828240533262333, 0.5754184668983765016, 6.525146117474439400 ) ) ;
#2127 = CARTESIAN_POINT ( 'NONE',  ( -1.978834712860426226, 0.2536874259130892373, 5.519999999999999574 ) ) ;
#2128 = EDGE_LOOP ( 'NONE', ( #4587, #2786, #783, #231 ) ) ;
#2129 = CARTESIAN_POINT ( 'NONE',  ( 1.330523465946947370, 0.3513924484429614137, 6.449601193357406004 ) ) ;
#2130 = CYLINDRICAL_SURFACE ( 'NONE', #2618, 2.000000000000000888 ) ;
#2131 = ORIENTED_EDGE ( 'NONE', *, *, #4568, .T. ) ;
#2132 = CARTESIAN_POINT ( 'NONE',  ( 0.8922005383792703803, -1.545336663013218814, 0.4583333333333389215 ) ) ;
#2133 = CARTESIAN_POINT ( 'NONE',  ( 2.098156001292512673, -0.3306534476626719066, 6.252282781517264354 ) ) ;
#2134 = CARTESIAN_POINT ( 'NONE',  ( -1.784401076758541649, -1.498299882135814013E-14, -1.787499999999992761 ) ) ;
#2135 = ORIENTED_EDGE ( 'NONE', *, *, #3047, .F. ) ;
#2136 = CARTESIAN_POINT ( 'NONE',  ( -2.449293598294727122E-16, -2.000000000000031530, 0.8375000000000011324 ) ) ;
#2137 = CARTESIAN_POINT ( 'NONE',  ( 0.8922005383792704913, -1.545336663013219480, 2.558333333333338011 ) ) ;
#2138 = CARTESIAN_POINT ( 'NONE',  ( -2.217680664207158656E-16, -1.810873686806034888, 2.740807872166600045 ) ) ;
#2139 = CARTESIAN_POINT ( 'NONE',  ( -1.176575538379265984, -2.037888611415607176, -2.086458333333333304 ) ) ;
#2140 = CARTESIAN_POINT ( 'NONE',  ( 0.000000000000000000, 1.545336663013188172, -1.262499999999992850 ) ) ;
#2141 = CARTESIAN_POINT ( 'NONE',  ( 0.8922005383792718236, 1.545336663013187284, -0.008333333333326777698 ) ) ;
#2142 = VERTEX_POINT ( 'NONE', #1079 ) ;
#2143 = CARTESIAN_POINT ( 'NONE',  ( 2.666532345875213500E-15, -8.475856478330461563E-16, 5.519999999999999574 ) ) ;
#2144 = EDGE_CURVE ( 'NONE', #2178, #2254, #4167, .T. ) ;
#2145 = CARTESIAN_POINT ( 'NONE',  ( 0.000000000000000000, 2.037888611415577422, 3.965624999999996181 ) ) ;
#2146 = CARTESIAN_POINT ( 'NONE',  ( -1.892491597964171594E-16, -1.545336663013218370, -3.712499999999991918 ) ) ;
#2147 =( BOUNDED_CURVE ( )  B_SPLINE_CURVE ( 2, ( #468, #3912, #2109, #2159, #811, #2558, #4697, #77, #2187, #4229, #3370, #391, #3887, #2980, #1759, #1339, #417, #5115, #3860, #3808, #3058, #1285, #1681, #3393, #5087, #4668, #30, #5140, #3033, #1446, #1784, #4884, #5189, #990, #2747, #4050, #515, #962, #2234, #2263, #189, #4443, #4775, #4797, #541, #3936, #3108, #5300, #602, #4019, #101, #628, #1898, #1022, #3491, #4414, #1369, #2323, #2717, #131, #1050, #3134, #1811, #4386, #2776, #3963, #2685, #1836, #3085 ),
 .UNSPECIFIED., .F., .F. ) 
 B_SPLINE_CURVE_WITH_KNOTS ( ( 3, 2, 2, 2, 2, 2, 2, 2, 2, 2, 2, 2, 2, 2, 2, 2, 2, 2, 2, 2, 2, 2, 2, 2, 2, 2, 2, 2, 2, 2, 2, 2, 2, 2, 3 ),
 ( 0.06286065825886850977, 0.08333333333333332871, 0.1111111111111111049, 0.1388888888888888951, 0.1666666666666666574, 0.1944444444444444198, 0.2222222222222222099, 0.2500000000000000000, 0.2777777777777777901, 0.3055555555555555802, 0.3333333333333333148, 0.3611111111111111049, 0.3888888888888888951, 0.4166666666666666852, 0.4444444444444444198, 0.4722222222222222099, 0.5000000000000000000, 0.5277777777777777901, 0.5555555555555555802, 0.5833333333333333703, 0.6111111111111111605, 0.6388888888888888395, 0.6666666666666666297, 0.6944444444444444198, 0.7222222222222222099, 0.7500000000000000000, 0.7777777777777777901, 0.8055555555555555802, 0.8333333333333333703, 0.8611111111111111605, 0.8888888888888888395, 0.9166666666666666297, 0.9444444444444444198, 0.9722222222222222099, 1.000000000000000000 ),
 .UNSPECIFIED. ) 
 CURVE ( )  GEOMETRIC_REPRESENTATION_ITEM ( )  RATIONAL_B_SPLINE_CURVE ( ( 0.9480652107226228420, 0.9012585384440627845, 1.000000000000000000, 0.8660254037844387076, 1.000000000000000000, 0.8660254037844387076, 1.000000000000000000, 0.8660254037844387076, 1.000000000000000000, 0.8660254037844387076, 1.000000000000000000, 0.8660254037844387076, 1.000000000000000000, 0.8660254037844387076, 1.000000000000000000, 0.8660254037844387076, 1.000000000000000000, 0.8660254037844387076, 1.000000000000000000, 0.8660254037844387076, 1.000000000000000000, 0.8660254037844387076, 1.000000000000000000, 0.8660254037844387076, 1.000000000000000000, 0.8660254037844387076, 1.000000000000000000, 0.8660254037844387076, 1.000000000000000000, 0.8660254037844387076, 1.000000000000000000, 0.8660254037844387076, 1.000000000000000000, 0.8660254037844387076, 1.000000000000000000, 0.8660254037844387076, 1.000000000000000000, 0.8660254037844387076, 1.000000000000000000, 0.8660254037844387076, 1.000000000000000000, 0.8660254037844387076, 1.000000000000000000, 0.8660254037844387076, 1.000000000000000000, 0.8660254037844387076, 1.000000000000000000, 0.8660254037844387076, 1.000000000000000000, 0.8660254037844387076, 1.000000000000000000, 0.8660254037844387076, 1.000000000000000000, 0.8660254037844387076, 1.000000000000000000, 0.8660254037844387076, 1.000000000000000000, 0.8660254037844387076, 1.000000000000000000, 0.8660254037844387076, 1.000000000000000000, 0.8660254037844387076, 1.000000000000000000, 0.8660254037844387076, 1.000000000000000000, 0.8660254037844387076, 1.000000000000000000, 0.8660254037844387076, 1.000000000000000000 ) ) 
 REPRESENTATION_ITEM ( '' )  );
#2148 = CARTESIAN_POINT ( 'NONE',  ( 1.784401076758541649, -1.493784635760335874E-14, -5.724999999999991651 ) ) ;
#2149 = CARTESIAN_POINT ( 'NONE',  ( 1.732050807568890960, -1.000000000000024425, 1.654166666666667673 ) ) ;
#2150 = ORIENTED_EDGE ( 'NONE', *, *, #1360, .F. ) ;
#2151 = EDGE_CURVE ( 'NONE', #3984, #5477, #2049, .T. ) ;
#2152 = DIRECTION ( 'NONE',  ( 1.224646799147356165E-16, 1.000000000000000000, 0.000000000000000000 ) ) ;
#2153 = CARTESIAN_POINT ( 'NONE',  ( 0.000000000000000000, 1.545336663013188394, -2.662499999999992539 ) ) ;
#2154 = VERTEX_POINT ( 'NONE', #2802 ) ;
#2155 = CARTESIAN_POINT ( 'NONE',  ( 1.338300807568906015, -0.7726683315066168456, -5.695833333333325754 ) ) ;
#2156 = ORIENTED_EDGE ( 'NONE', *, *, #2425, .F. ) ;
#2157 = CARTESIAN_POINT ( 'NONE',  ( -1.338300807568906237, 0.7726683315065862034, 2.966666666666672558 ) ) ;
#2158 = CARTESIAN_POINT ( 'NONE',  ( 1.154700538379260788, 2.000000000000003109, -1.758333333333336190 ) ) ;
#2159 = CARTESIAN_POINT ( 'NONE',  ( 0.8922005383792703803, -1.545336663013218370, -6.454166666666658614 ) ) ;
#2160 = CARTESIAN_POINT ( 'NONE',  ( -1.338300807568906459, -0.7726683315066164015, -1.729166666666659191 ) ) ;
#2161 = ORIENTED_EDGE ( 'NONE', *, *, #4641, .T. ) ;
#2162 = CARTESIAN_POINT ( 'NONE',  ( -1.384240384857941430, 0.3641915525281765320, 6.571376534311556661 ) ) ;
#2163 = CARTESIAN_POINT ( 'NONE',  ( 0.1359854123108146517, 1.645754789343039981, 2.287147429861791537 ) ) ;
#2164 = CONICAL_SURFACE ( 'NONE', #4305, 2.159999999999992149, 0.1047197551196600018 ) ;
#2165 = CARTESIAN_POINT ( 'NONE',  ( -1.892491597964171594E-16, -1.545336663013219036, 2.500000000000005329 ) ) ;
#2166 = CARTESIAN_POINT ( 'NONE',  ( -1.892491597964171594E-16, -1.545336663013218148, -4.499999999999992895 ) ) ;
#2167 = CARTESIAN_POINT ( 'NONE',  ( 0.2785322625646295402, -2.103356807430401432, 6.235777398414733774 ) ) ;
#2168 = CARTESIAN_POINT ( 'NONE',  ( -1.892491597964171594E-16, -1.545336663013218592, -2.312499999999992450 ) ) ;
#2169 = AXIS2_PLACEMENT_3D ( 'NONE', #4880, #5295, #5266 ) ;
#2170 = CARTESIAN_POINT ( 'NONE',  ( -1.338300807568906459, 0.7726683315065866475, 0.1666666666666730412 ) ) ;
#2171 = ORIENTED_EDGE ( 'NONE', *, *, #3482, .F. ) ;
#2172 = CARTESIAN_POINT ( 'NONE',  ( 0.2531638122453657713, 2.081652823194258595, 6.000215771722379188 ) ) ;
#2173 = CARTESIAN_POINT ( 'NONE',  ( 1.530848976167824338, 0.2904957591589313326, 2.011250895266598171 ) ) ;
#2174 = CARTESIAN_POINT ( 'NONE',  ( 1.784401076758541871, -1.503428729303621172E-14, -4.937499999999992006 ) ) ;
#2175 = VECTOR ( 'NONE', #1258, 1000.000000000000114 ) ;
#2176 = DIRECTION ( 'NONE',  ( -0.000000000000000000, -1.224646799147353207E-16, 1.000000000000000000 ) ) ;
#2177 = CARTESIAN_POINT ( 'NONE',  ( -2.449293598294727122E-16, -2.000000000000031530, 1.537500000000001421 ) ) ;
#2178 = VERTEX_POINT ( 'NONE', #1619 ) ;
#2179 = AXIS2_PLACEMENT_3D ( 'NONE', #2608, #5188, #1367 ) ;
#2180 = CARTESIAN_POINT ( 'NONE',  ( -2.036136424108541565, 0.2009207454415988525, 5.515605851786924418 ) ) ;
#2181 = ADVANCED_FACE ( 'NONE', ( #659 ), #1173, .F. ) ;
#2182 = EDGE_CURVE ( 'NONE', #2688, #3830, #1754, .T. ) ;
#2183 = DIRECTION ( 'NONE',  ( -0.000000000000000000, -0.000000000000000000, -1.000000000000000000 ) ) ;
#2184 = CARTESIAN_POINT ( 'NONE',  ( -1.892491597964171594E-16, -1.545336663013217926, -6.512499999999992184 ) ) ;
#2185 = CARTESIAN_POINT ( 'NONE',  ( -1.892491597964171348E-16, -1.545336663013218814, 1.100000000000005418 ) ) ;
#2186 = DIRECTION ( 'NONE',  ( 1.000000000000000000, 0.000000000000000000, 0.000000000000000000 ) ) ;
#2187 = CARTESIAN_POINT ( 'NONE',  ( 0.000000000000000000, 1.545336663013188838, -6.162499999999991651 ) ) ;
#2188 = EDGE_CURVE ( 'NONE', #87, #4318, #857, .T. ) ;
#2189 = CARTESIAN_POINT ( 'NONE',  ( 0.000000000000000000, 1.545336663013188172, -1.962499999999992806 ) ) ;
#2190 = VECTOR ( 'NONE', #4218, 1000.000000000000000 ) ;
#2191 = VERTEX_POINT ( 'NONE', #48 ) ;
#2192 = CARTESIAN_POINT ( 'NONE',  ( -2.449293598294727122E-16, -2.000000000000031086, -3.362499999999996714 ) ) ;
#2193 = CARTESIAN_POINT ( 'NONE',  ( 3.955858395444287887E-14, 1.649592814412337072, 2.297692317074977009 ) ) ;
#2194 = CARTESIAN_POINT ( 'NONE',  ( -0.8922005383792708244, 1.545336663013187728, 2.208333333333338810 ) ) ;
#2195 = CARTESIAN_POINT ( 'NONE',  ( 0.8922005383792718236, 1.545336663013188172, -4.908333333333326109 ) ) ;
#2196 = CARTESIAN_POINT ( 'NONE',  ( 1.338300807568906015, -0.7726683315066175117, -0.8833333333333266424 ) ) ;
#2197 = CARTESIAN_POINT ( 'NONE',  ( -1.990338370574774807, -0.2663847916036191643, 5.640807364788405387 ) ) ;
#2198 = ORIENTED_EDGE ( 'NONE', *, *, #3541, .T. ) ;
#2199 = CARTESIAN_POINT ( 'NONE',  ( 0.2658503012168397794, 2.092548408769741464, 6.117992359039590156 ) ) ;
#2200 = CARTESIAN_POINT ( 'NONE',  ( 1.732050807568890960, -1.000000000000023981, -4.645833333333330373 ) ) ;
#2201 = CARTESIAN_POINT ( 'NONE',  ( 1.784401076758541871, -1.494856201709589901E-14, -5.637499999999991296 ) ) ;
#2202 = CARTESIAN_POINT ( 'NONE',  ( 1.338300807568905793, -0.7726683315066168456, -5.083333333333325932 ) ) ;
#2203 = CARTESIAN_POINT ( 'NONE',  ( -1.338300807568906459, -0.7726683315066168456, 1.770833333333339699 ) ) ;
#2204 = CARTESIAN_POINT ( 'NONE',  ( -0.2808027965246409630, -2.105291015465788895, 6.256865758730180360 ) ) ;
#2205 = ORIENTED_EDGE ( 'NONE', *, *, #1982, .T. ) ;
#2206 = CARTESIAN_POINT ( 'NONE',  ( -0.3131358026968299457, -2.086522686051698550, 6.239949106964840730 ) ) ;
#2207 = CARTESIAN_POINT ( 'NONE',  ( 2.309401076758522020, -1.593440269040951254E-14, 1.624999999999995559 ) ) ;
#2208 = CARTESIAN_POINT ( 'NONE',  ( -0.8922005383792708244, 1.545336663013188616, -6.804166666666659147 ) ) ;
#2209 = CARTESIAN_POINT ( 'NONE',  ( 1.338300807568906903, 0.7726683315065849822, 2.033333333333339432 ) ) ;
#2210 = CARTESIAN_POINT ( 'NONE',  ( 0.000000000000000000, 2.000000000000002220, -5.200000000000001954 ) ) ;
#2211 = CYLINDRICAL_SURFACE ( 'NONE', #3420, 2.000000000000000888 ) ;
#2212 = ORIENTED_EDGE ( 'NONE', *, *, #839, .T. ) ;
#2213 = CARTESIAN_POINT ( 'NONE',  ( -1.154700538379260788, 2.000000000000000888, 2.558333333333330017 ) ) ;
#2214 = EDGE_CURVE ( 'NONE', #5118, #2366, #2973, .T. ) ;
#2215 = CARTESIAN_POINT ( 'NONE',  ( 1.271016383527016735, 0.9850869213379992440, 2.167803897924607703 ) ) ;
#2216 = B_SPLINE_CURVE_WITH_KNOTS ( 'NONE', 3,
 ( #1845, #4832, #3999, #167 ),
 .UNSPECIFIED., .F., .F.,
 ( 4, 4 ),
 ( 0.000000000000000000, 0.0001536824029211858737 ),
 .UNSPECIFIED. ) ;
#2217 = CARTESIAN_POINT ( 'NONE',  ( -1.892491597964171594E-16, -1.545336663013219258, 3.200000000000005507 ) ) ;
#2218 = CARTESIAN_POINT ( 'NONE',  ( -1.338300807568906459, -0.7726683315066159574, -5.316666666666658436 ) ) ;
#2219 = CARTESIAN_POINT ( 'NONE',  ( 0.000000000000000000, 1.545336663013188172, -1.349999999999993650 ) ) ;
#2220 = CARTESIAN_POINT ( 'NONE',  ( 0.000000000000000000, 2.000000000000001776, -2.400000000000003020 ) ) ;
#2221 = ORIENTED_EDGE ( 'NONE', *, *, #804, .F. ) ;
#2222 = CARTESIAN_POINT ( 'NONE',  ( 0.2144258774088396990, 2.048024209131636297, 5.640806090606707457 ) ) ;
#2223 = CARTESIAN_POINT ( 'NONE',  ( 0.3621833151897249081, 1.281394194403184361, 6.459303098324777892 ) ) ;
#2224 = CARTESIAN_POINT ( 'NONE',  ( 1.338300807568906015, -0.7726683315066170676, -4.295833333333325399 ) ) ;
#2225 = CARTESIAN_POINT ( 'NONE',  ( -1.892491597964171348E-16, -1.545336663013218148, -3.099999999999992539 ) ) ;
#2226 = B_SPLINE_CURVE_WITH_KNOTS ( 'NONE', 3,
 ( #3638, #4449, #2753, #4804, #5306, #970, #577, #549, #4420, #4369 ),
 .UNSPECIFIED., .F., .F.,
 ( 4, 2, 2, 2, 4 ),
 ( 2.685258647376673648E-16, 0.0003731532341878640168, 0.0007463064683754595851, 0.001119459702563054991, 0.001492612936750650505 ),
 .UNSPECIFIED. ) ;
#2227 = CARTESIAN_POINT ( 'NONE',  ( -1.338300807568906459, 0.7726683315065863145, 2.354166666666673180 ) ) ;
#2228 = FACE_OUTER_BOUND ( 'NONE', #2257, .T. ) ;
#2229 = ORIENTED_EDGE ( 'NONE', *, *, #664, .T. ) ;
#2230 = CARTESIAN_POINT ( 'NONE',  ( -1.892491597964171594E-16, -1.545336663013217926, -6.599999999999993427 ) ) ;
#2231 = CARTESIAN_POINT ( 'NONE',  ( -2.058511892743643212, 0.3295337574696629579, 6.248741029553761983 ) ) ;
#2232 = CARTESIAN_POINT ( 'NONE',  ( 1.784401076758541871, -1.502357163354367145E-14, -5.024999999999993250 ) ) ;
#2233 = CARTESIAN_POINT ( 'NONE',  ( 0.000000000000000000, 1.301042606982605321E-15, 6.235777398414732886 ) ) ;
#2234 = CARTESIAN_POINT ( 'NONE',  ( -1.892491597964171594E-16, -1.545336663013218148, -4.412499999999991651 ) ) ;
#2235 = CARTESIAN_POINT ( 'NONE',  ( 1.732050807568892514, 0.9999999999999917843, -1.116666666666669805 ) ) ;
#2236 = ORIENTED_EDGE ( 'NONE', *, *, #1701, .T. ) ;
#2237 = CARTESIAN_POINT ( 'NONE',  ( -2.449293598294727122E-16, -2.000000000000031974, 2.849999999999995648 ) ) ;
#2238 = CARTESIAN_POINT ( 'NONE',  ( 1.764863307568898643, 1.018944305707779607, 0.3489583333333295956 ) ) ;
#2239 = DIRECTION ( 'NONE',  ( -0.000000000000000000, -1.224646799147353207E-16, 1.000000000000000000 ) ) ;
#2240 = LINE ( 'NONE', #3014, #4658 ) ;
#2241 = EDGE_CURVE ( 'NONE', #1717, #1154, #2249, .T. ) ;
#2242 = CARTESIAN_POINT ( 'NONE',  ( -1.784401076758541871, -1.480083260998497128E-14, -3.274999999999993694 ) ) ;
#2243 = CARTESIAN_POINT ( 'NONE',  ( -0.3059000888266238949, 2.093041481343778099, 6.238056148199253137 ) ) ;
#2244 = VERTEX_POINT ( 'NONE', #3364 ) ;
#2245 = CARTESIAN_POINT ( 'NONE',  ( -2.449293598294727122E-16, -2.000000000000031086, -1.962499999999998135 ) ) ;
#2246 = DIRECTION ( 'NONE',  ( -1.000000000000000000, 0.000000000000000000, 0.000000000000000000 ) ) ;
#2247 = CARTESIAN_POINT ( 'NONE',  ( 1.338300807568907125, 0.7726683315065860924, -6.279166666666658791 ) ) ;
#2248 = EDGE_CURVE ( 'NONE', #2107, #2620, #3147, .T. ) ;
#2249 = CIRCLE ( 'NONE', #3682, 0.1999999999999992339 ) ;
#2250 = CARTESIAN_POINT ( 'NONE',  ( -1.338300807568906459, -0.7726683315066159574, -3.916666666666659413 ) ) ;
#2251 = CARTESIAN_POINT ( 'NONE',  ( 2.353151076758530191, -1.620229417772299725E-14, 3.746874999999999734 ) ) ;
#2252 = CARTESIAN_POINT ( 'NONE',  ( -0.2404725625119257804, 2.070665643403696965, 5.882448275415797845 ) ) ;
#2253 = ORIENTED_EDGE ( 'NONE', *, *, #2797, .T. ) ;
#2254 = VERTEX_POINT ( 'NONE', #4222 ) ;
#2255 =( BOUNDED_CURVE ( )  B_SPLINE_CURVE ( 2, ( #1233, #1125, #5428, #2844, #420, #4778, #2192 ),
 .UNSPECIFIED., .F., .F. ) 
 B_SPLINE_CURVE_WITH_KNOTS ( ( 3, 2, 2, 3 ),
 ( 0.000000000000000000, 0.02777777777777767562, 0.05555555555555535124, 0.08333333333333302340 ),
 .UNSPECIFIED. ) 
 CURVE ( )  GEOMETRIC_REPRESENTATION_ITEM ( )  RATIONAL_B_SPLINE_CURVE ( ( 1.000000000000000000, 0.8660254037844385966, 1.000000000000000000, 0.8660254037844385966, 1.000000000000000000, 0.8660254037844402619, 0.9999999999999983347 ) ) 
 REPRESENTATION_ITEM ( '' )  );
#2256 = AXIS2_PLACEMENT_3D ( 'NONE', #3898, #4682, #3019 ) ;
#2257 = EDGE_LOOP ( 'NONE', ( #3924, #2253, #5102, #1371 ) ) ;
#2258 = CARTESIAN_POINT ( 'NONE',  ( 0.04983750894372453860, -1.550980458487626334, -6.599999999999993427 ) ) ;
#2259 = CARTESIAN_POINT ( 'NONE',  ( 0.3113602013403219404, -2.088695121407182054, 6.239289767354726735 ) ) ;
#2260 = CIRCLE ( 'NONE', #1364, 0.8800000000000001155 ) ;
#2261 = CARTESIAN_POINT ( 'NONE',  ( 0.8922005383792717126, 1.545336663013187950, -2.720833333333325221 ) ) ;
#2262 = DATE_TIME_ROLE ( 'creation_date' ) ;
#2263 = CARTESIAN_POINT ( 'NONE',  ( 0.8922005383792703803, -1.545336663013218592, -4.354166666666658969 ) ) ;
#2264 = CARTESIAN_POINT ( 'NONE',  ( -2.449293598294727122E-16, -2.000000000000031086, -4.150000000000003020 ) ) ;
#2265 = CARTESIAN_POINT ( 'NONE',  ( 1.176575538379264652, -2.037888611415608509, 0.8302083333333333259 ) ) ;
#2266 = ORIENTED_EDGE ( 'NONE', *, *, #3950, .F. ) ;
#2267 = AXIS2_PLACEMENT_3D ( 'NONE', #3710, #3674, #2791 ) ;
#2268 = ORIENTED_EDGE ( 'NONE', *, *, #3387, .T. ) ;
#2269 = CARTESIAN_POINT ( 'NONE',  ( 1.433907949021956390E-12, -1.792972777169009602, -6.369527222830995150 ) ) ;
#2270 = DIRECTION ( 'NONE',  ( 1.313938990888704015E-16, 0.9945218953682732899, -0.1045284632676536929 ) ) ;
#2271 = CARTESIAN_POINT ( 'NONE',  ( 2.036553692936420745, -0.2013947372879736075, 5.519999999999999574 ) ) ;
#2272 = CARTESIAN_POINT ( 'NONE',  ( -2.449293598294727122E-16, -2.000000000000031086, -4.762499999999997513 ) ) ;
#2273 = CARTESIAN_POINT ( 'NONE',  ( -1.784401076758541871, -1.497228316186559985E-14, -1.874999999999993339 ) ) ;
#2274 = LINE ( 'NONE', #1347, #138 ) ;
#2275 = VERTEX_POINT ( 'NONE', #3828 ) ;
#2276 = CARTESIAN_POINT ( 'NONE',  ( -1.639800843264370256, -0.6195763491262367140, 2.571581428518415979 ) ) ;
#2277 = FACE_OUTER_BOUND ( 'NONE', #4024, .T. ) ;
#2278 = AXIS2_PLACEMENT_3D ( 'NONE', #5500, #5158, #1331 ) ;
#2279 = ADVANCED_FACE ( 'NONE', ( #1699 ), #1725, .T. ) ;
#2280 = EDGE_CURVE ( 'NONE', #5477, #3035, #1490, .T. ) ;
#2281 = CARTESIAN_POINT ( 'NONE',  ( -0.8922005383792708244, 1.545336663013187950, 0.1958333333333398818 ) ) ;
#2282 = CARTESIAN_POINT ( 'NONE',  ( -2.353151076758530191, -1.430255444358189280E-14, -7.059375000000001954 ) ) ;
#2283 = CARTESIAN_POINT ( 'NONE',  ( 0.8922005383792704913, -1.545336663013219480, 1.245833333333339787 ) ) ;
#2284 = CARTESIAN_POINT ( 'NONE',  ( 0.2535398336099650152, -1.983629357198801513, 5.519999999999999574 ) ) ;
#2285 = ORIENTED_EDGE ( 'NONE', *, *, #1418, .T. ) ;
#2286 = CARTESIAN_POINT ( 'NONE',  ( -0.2525715775880378322, -1.991935950791009047, 5.519999999999999574 ) ) ;
#2287 = EDGE_CURVE ( 'NONE', #2506, #4399, #5169, .T. ) ;
#2288 = DIRECTION ( 'NONE',  ( -0.000000000000000000, -1.224646799147353207E-16, 1.000000000000000000 ) ) ;
#2289 = CARTESIAN_POINT ( 'NONE',  ( -1.704573739144652045, 0.7524057433436097675, -6.303367805588493411 ) ) ;
#2290 = FACE_OUTER_BOUND ( 'NONE', #2728, .T. ) ;
#2291 = CARTESIAN_POINT ( 'NONE',  ( 1.338300807568906015, -0.7726683315066168456, -5.783333333333326109 ) ) ;
#2292 = CARTESIAN_POINT ( 'NONE',  ( -1.154700538379261676, -2.000000000000031086, -0.008333333333337149609 ) ) ;
#2293 =( BOUNDED_SURFACE ( )  B_SPLINE_SURFACE ( 1, 2, ( 
 ( #5492, #450, #5460, #4292, #1214, #4601, #1664, #5124, #3378, #4706, #5070, #3767, #3429, #1298, #5094, #5434, #1713, #2568, #2168, #1238, #4210, #374, #2964, #1610, #1637, #768, #2093, #3817, #2938, #2119, #2488, #3323, #3401, #2540, #872, #4265, #2140, #3354, #4239, #2592, #4649, #4625, #402, #5021, #846, #820, #4185, #1188, #1263, #5517, #2911, #3794, #349, #2991, #1689, #5045, #2067, #795, #4679, #425, #3841, #8, #2511, #140, #1768, #1376, #524, #3972, #2695, #4421, #1003, #501, #1817 ),
 ( #4833, #3143, #2726, #2242, #5253, #1847, #63, #85, #1429, #1321, #3871, #4396, #3552, #3476, #4783, #4729, #3943, #579, #947, #4806, #39, #1740, #3895, #5173, #3092, #1346, #895, #2273, #112, #3067, #3041, #972, #3499, #4344, #2670, #2617, #2219, #3455, #3118, #5150, #4316, #4371, #3921, #475, #2196, #4757, #1402, #922, #2645, #1792, #552, #5199, #3529, #5225, #3202, #1060, #1941, #5279, #1543, #2417, #1031, #3583, #4533, #2841, #1147, #4893, #2755, #668, #4000, #3290, #4511, #2784, #168 ) ),
 .UNSPECIFIED., .F., .F., .F. ) 
 B_SPLINE_SURFACE_WITH_KNOTS ( ( 2, 2 ),
 ( 3, 2, 2, 2, 2, 2, 2, 2, 2, 2, 2, 2, 2, 2, 2, 2, 2, 2, 2, 2, 2, 2, 2, 2, 2, 2, 2, 2, 2, 2, 2, 2, 2, 2, 2, 2, 3 ),
 ( 0.000000000000000000, 1.000000000000000000 ),
 ( 0.000000000000000000, 0.02777777777777777624, 0.05555555555555555247, 0.08333333333333332871, 0.1111111111111111049, 0.1388888888888888951, 0.1666666666666666574, 0.1944444444444444475, 0.2222222222222222099, 0.2500000000000000000, 0.2777777777777777901, 0.3055555555555555802, 0.3333333333333333148, 0.3611111111111111049, 0.3888888888888888951, 0.4166666666666666852, 0.4444444444444444198, 0.4722222222222222099, 0.5000000000000000000, 0.5277777777777777901, 0.5555555555555555802, 0.5833333333333333703, 0.6111111111111111605, 0.6388888888888888395, 0.6666666666666666297, 0.6944444444444444198, 0.7222222222222222099, 0.7500000000000000000, 0.7777777777777777901, 0.8055555555555555802, 0.8333333333333333703, 0.8611111111111111605, 0.8888888888888888395, 0.9166666666666666297, 0.9444444444444444198, 0.9722222222222222099, 1.000000000000000000 ),
 .UNSPECIFIED. ) 
 GEOMETRIC_REPRESENTATION_ITEM ( )  RATIONAL_B_SPLINE_SURFACE ( (
 ( 1.000000000000000000, 0.8660254037844387076, 1.000000000000000000, 0.8660254037844387076, 1.000000000000000000, 0.8660254037844387076, 1.000000000000000000, 0.8660254037844387076, 1.000000000000000000, 0.8660254037844387076, 1.000000000000000000, 0.8660254037844387076, 1.000000000000000000, 0.8660254037844387076, 1.000000000000000000, 0.8660254037844387076, 1.000000000000000000, 0.8660254037844387076, 1.000000000000000000, 0.8660254037844387076, 1.000000000000000000, 0.8660254037844387076, 1.000000000000000000, 0.8660254037844387076, 1.000000000000000000, 0.8660254037844387076, 1.000000000000000000, 0.8660254037844387076, 1.000000000000000000, 0.8660254037844387076, 1.000000000000000000, 0.8660254037844387076, 1.000000000000000000, 0.8660254037844387076, 1.000000000000000000, 0.8660254037844387076, 1.000000000000000000, 0.8660254037844387076, 1.000000000000000000, 0.8660254037844387076, 1.000000000000000000, 0.8660254037844387076, 1.000000000000000000, 0.8660254037844387076, 1.000000000000000000, 0.8660254037844387076, 1.000000000000000000, 0.8660254037844387076, 1.000000000000000000, 0.8660254037844387076, 1.000000000000000000, 0.8660254037844387076, 1.000000000000000000, 0.8660254037844387076, 1.000000000000000000, 0.8660254037844387076, 1.000000000000000000, 0.8660254037844387076, 1.000000000000000000, 0.8660254037844387076, 1.000000000000000000, 0.8660254037844387076, 1.000000000000000000, 0.8660254037844387076, 1.000000000000000000, 0.8660254037844387076, 1.000000000000000000, 0.8660254037844387076, 1.000000000000000000, 0.8660254037844387076, 1.000000000000000000, 0.8660254037844387076, 1.000000000000000000),
 ( 1.000000000000000000, 0.8660254037844387076, 1.000000000000000000, 0.8660254037844387076, 1.000000000000000000, 0.8660254037844387076, 1.000000000000000000, 0.8660254037844387076, 1.000000000000000000, 0.8660254037844387076, 1.000000000000000000, 0.8660254037844387076, 1.000000000000000000, 0.8660254037844387076, 1.000000000000000000, 0.8660254037844387076, 1.000000000000000000, 0.8660254037844387076, 1.000000000000000000, 0.8660254037844387076, 1.000000000000000000, 0.8660254037844387076, 1.000000000000000000, 0.8660254037844387076, 1.000000000000000000, 0.8660254037844387076, 1.000000000000000000, 0.8660254037844387076, 1.000000000000000000, 0.8660254037844387076, 1.000000000000000000, 0.8660254037844387076, 1.000000000000000000, 0.8660254037844387076, 1.000000000000000000, 0.8660254037844387076, 1.000000000000000000, 0.8660254037844387076, 1.000000000000000000, 0.8660254037844387076, 1.000000000000000000, 0.8660254037844387076, 1.000000000000000000, 0.8660254037844387076, 1.000000000000000000, 0.8660254037844387076, 1.000000000000000000, 0.8660254037844387076, 1.000000000000000000, 0.8660254037844387076, 1.000000000000000000, 0.8660254037844387076, 1.000000000000000000, 0.8660254037844387076, 1.000000000000000000, 0.8660254037844387076, 1.000000000000000000, 0.8660254037844387076, 1.000000000000000000, 0.8660254037844387076, 1.000000000000000000, 0.8660254037844387076, 1.000000000000000000, 0.8660254037844387076, 1.000000000000000000, 0.8660254037844387076, 1.000000000000000000, 0.8660254037844387076, 1.000000000000000000, 0.8660254037844387076, 1.000000000000000000, 0.8660254037844387076, 1.000000000000000000) ) ) 
 REPRESENTATION_ITEM ( '' )  SURFACE ( )  );
#2294 = AXIS2_PLACEMENT_3D ( 'NONE', #2795, #2288, #4937 ) ;
#2295 = APPROVAL_DATE_TIME ( #158, #3663 ) ;
#2296 = CARTESIAN_POINT ( 'NONE',  ( -2.060559583673003736, -0.3290101370919326640, 6.248068124469327245 ) ) ;
#2297 = CARTESIAN_POINT ( 'NONE',  ( 1.732050807568890960, -1.000000000000023981, -4.733333333333335169 ) ) ;
#2298 = CARTESIAN_POINT ( 'NONE',  ( -0.8922005383792708244, 1.545336663013188394, -3.304166666666659147 ) ) ;
#2299 = ORIENTED_EDGE ( 'NONE', *, *, #3411, .F. ) ;
#2300 = CARTESIAN_POINT ( 'NONE',  ( -0.2536874259130506015, 1.978834712860431333, 5.519999999999999574 ) ) ;
#2301 = CARTESIAN_POINT ( 'NONE',  ( -0.2536874259130692533, -1.362259747427716272, 5.519999999999999574 ) ) ;
#2302 = PLANE ( 'NONE',  #3722 ) ;
#2303 = CARTESIAN_POINT ( 'NONE',  ( -2.449293598294727122E-16, -2.000000000000030642, -4.850000000000002309 ) ) ;
#2304 = CARTESIAN_POINT ( 'NONE',  ( 0.5801522079784350305, -1.826611368908948263, 3.021078355848450414 ) ) ;
#2305 = CARTESIAN_POINT ( 'NONE',  ( -2.070665766310614497, -0.2404727044812708381, 5.882449592809440908 ) ) ;
#2306 = ORIENTED_EDGE ( 'NONE', *, *, #2391, .F. ) ;
#2307 = CARTESIAN_POINT ( 'NONE',  ( -1.673095048195472279, -0.5119158194500087466, 2.562574371224509040 ) ) ;
#2308 = CARTESIAN_POINT ( 'NONE',  ( 0.000000000000000000, 1.545336663013187950, -1.349999999999993650 ) ) ;
#2309 = CARTESIAN_POINT ( 'NONE',  ( 1.784401076758541871, -1.580581477649904820E-14, 1.362500000000006262 ) ) ;
#2310 = CARTESIAN_POINT ( 'NONE',  ( 1.784401076758541649, -1.528074746136461905E-14, -2.924999999999992717 ) ) ;
#2311 = CARTESIAN_POINT ( 'NONE',  ( 0.8922005383792717126, 1.545336663013187062, 1.479166666666673180 ) ) ;
#2312 = CARTESIAN_POINT ( 'NONE',  ( -0.7038255543714048157, 0.4945611972164646319, 5.519999999999999574 ) ) ;
#2313 = ORIENTED_EDGE ( 'NONE', *, *, #4635, .F. ) ;
#2314 = CARTESIAN_POINT ( 'NONE',  ( 2.103356807430398767, 0.2785322625646354799, 6.235777398414732886 ) ) ;
#2315 = CARTESIAN_POINT ( 'NONE',  ( 1.176575538379266428, 2.037888611415576978, 0.4072916666666629992 ) ) ;
#2316 = CARTESIAN_POINT ( 'NONE',  ( -1.176575538379264874, 2.037888611415578755, -6.519791666666665542 ) ) ;
#2317 = CARTESIAN_POINT ( 'NONE',  ( 0.8573183598782325721, -1.350741997241865056, -6.566176687427618397 ) ) ;
#2318 = CARTESIAN_POINT ( 'NONE',  ( 0.2790831449433167633, -2.001742646510824120, 5.761624126430855419 ) ) ;
#2319 = EDGE_CURVE ( 'NONE', #3026, #3653, #4957, .T. ) ;
#2320 = CARTESIAN_POINT ( 'NONE',  ( -1.784401076758541871, -1.445793150622371413E-14, -6.074999999999992184 ) ) ;
#2321 = CARTESIAN_POINT ( 'NONE',  ( 2.088695121407180721, 0.3113602013403277136, 6.239289767354727623 ) ) ;
#2322 = PERSON_AND_ORGANIZATION_ROLE ( 'design_supplier' ) ;
#2323 = CARTESIAN_POINT ( 'NONE',  ( -0.8922005383792707134, 1.545336663013188394, -3.304166666666658259 ) ) ;
#2324 = EDGE_CURVE ( 'NONE', #1972, #889, #3557, .T. ) ;
#2325 = CARTESIAN_POINT ( 'NONE',  ( 1.784401076758541649, -1.572008950055872918E-14, 0.6625000000000074163 ) ) ;
#2326 = EDGE_CURVE ( 'NONE', #3316, #1622, #3129, .T. ) ;
#2327 = CARTESIAN_POINT ( 'NONE',  ( -2.353151076758530191, -1.524017464917908457E-14, 0.5968750000000005995 ) ) ;
#2328 = ORIENTED_EDGE ( 'NONE', *, *, #4143, .F. ) ;
#2329 = CARTESIAN_POINT ( 'NONE',  ( 0.000000000000000000, 2.000000000000001332, -0.9124999999999976463 ) ) ;
#2330 = CARTESIAN_POINT ( 'NONE',  ( 0.000000000000000000, 2.000000000000001332, -0.3000000000000029310 ) ) ;
#2331 = DIRECTION ( 'NONE',  ( 0.000000000000000000, -2.449293598294706414E-16, 1.000000000000000000 ) ) ;
#2332 = CARTESIAN_POINT ( 'NONE',  ( -1.338300807568906459, -0.7726683315066161795, -3.216666666666659236 ) ) ;
#2333 = CARTESIAN_POINT ( 'NONE',  ( 1.463892623441096719, -1.266136806373471480, 3.073457856879530326 ) ) ;
#2334 = CARTESIAN_POINT ( 'NONE',  ( 2.353151076758530191, -1.594511834990205596E-14, 1.646874999999999867 ) ) ;
#2335 = ORIENTED_EDGE ( 'NONE', *, *, #3016, .T. ) ;
#2336 = CARTESIAN_POINT ( 'NONE',  ( 1.338300807568906015, -0.7726683315066177338, 1.304166666666672914 ) ) ;
#2337 = CARTESIAN_POINT ( 'NONE',  ( -0.8922005383792712685, -1.545336663013217926, -3.158333333333326998 ) ) ;
#2338 = CARTESIAN_POINT ( 'NONE',  ( 1.154700538379262342, 2.000000000000000444, 0.4291666666666692498 ) ) ;
#2339 = CARTESIAN_POINT ( 'NONE',  ( 1.764863307568898643, 1.018944305707780051, -3.851041666666668917 ) ) ;
#2340 = CARTESIAN_POINT ( 'NONE',  ( 0.000000000000000000, 2.070106209874711453E-15, 5.519999999999999574 ) ) ;
#2341 = CARTESIAN_POINT ( 'NONE',  ( 0.2143225729869179808, -2.034153965820721055, 5.519999999999999574 ) ) ;
#2342 = ORIENTED_EDGE ( 'NONE', *, *, #4466, .T. ) ;
#2343 = CARTESIAN_POINT ( 'NONE',  ( -0.6709742978741803920, -0.2779266541832512427, 5.519999999999999574 ) ) ;
#2344 = CARTESIAN_POINT ( 'NONE',  ( -1.764863307568897977, -1.018944305707811582, 2.798958333333329218 ) ) ;
#2345 = CARTESIAN_POINT ( 'NONE',  ( -0.2785322625646555195, -2.103356807430396547, 6.235777398414733774 ) ) ;
#2346 = CONICAL_SURFACE ( 'NONE', #192, 2.050799999999993517, 0.3490658503988666728 ) ;
#2347 = CARTESIAN_POINT ( 'NONE',  ( -2.070829558463232356, 0.3246263058599935802, 6.244771762079858846 ) ) ;
#2348 = CARTESIAN_POINT ( 'NONE',  ( -1.892491597964171594E-16, -1.545336663013217926, -6.599999999999993427 ) ) ;
#2349 = B_SPLINE_CURVE_WITH_KNOTS ( 'NONE', 3,
 ( #4447, #3995, #1815, #967 ),
 .UNSPECIFIED., .F., .F.,
 ( 4, 4 ),
 ( 0.000000000000000000, 0.0001536824029211860635 ),
 .UNSPECIFIED. ) ;
#2350 = FACE_OUTER_BOUND ( 'NONE', #2501, .T. ) ;
#2351 = AXIS2_PLACEMENT_3D ( 'NONE', #1515, #2758, #4063 ) ;
#2352 = EDGE_CURVE ( 'NONE', #3502, #3830, #1991, .T. ) ;
#2353 = EDGE_CURVE ( 'NONE', #1332, #5530, #1294, .T. ) ;
#2354 = CARTESIAN_POINT ( 'NONE',  ( -1.384240384857944983, -0.3641915525281660404, 6.571376534311556661 ) ) ;
#2355 = CARTESIAN_POINT ( 'NONE',  ( -2.449293598294727122E-16, -2.000000000000031086, -1.350000000000003864 ) ) ;
#2356 = CARTESIAN_POINT ( 'NONE',  ( 1.764863307568897088, -1.018944305707812692, 0.1885416666666671626 ) ) ;
#2357 = ORIENTED_EDGE ( 'NONE', *, *, #1248, .T. ) ;
#2358 = CARTESIAN_POINT ( 'NONE',  ( 2.449293598294707893E-16, 2.000000000000000444, 6.599999999999999645 ) ) ;
#2359 = CC_DESIGN_APPROVAL ( #3663, ( #354 ) ) ;
#2360 = CARTESIAN_POINT ( 'NONE',  ( 0.000000000000000000, 2.000000000000000888, 2.587500000000001688 ) ) ;
#2361 = EDGE_CURVE ( 'NONE', #889, #1332, #4818, .T. ) ;
#2362 = CARTESIAN_POINT ( 'NONE',  ( 2.028047264935068039, -0.2264348769809069184, 5.519999999999999574 ) ) ;
#2363 = CARTESIAN_POINT ( 'NONE',  ( -0.8922005383792707134, 1.545336663013188394, -3.391666666666659058 ) ) ;
#2364 = CARTESIAN_POINT ( 'NONE',  ( -1.154700538379263453, 1.999999999999997335, -2.341666666666669006 ) ) ;
#2365 = CARTESIAN_POINT ( 'NONE',  ( 1.764863307568898643, 1.018944305707779385, 2.405208333333333837 ) ) ;
#2366 = VERTEX_POINT ( 'NONE', #287 ) ;
#2367 = CARTESIAN_POINT ( 'NONE',  ( -1.732223532807465993, 0.1630968011255110872, 2.505364252420623661 ) ) ;
#2368 = CARTESIAN_POINT ( 'NONE',  ( -1.338300807568906459, -0.7726683315066161795, -2.516666666666659946 ) ) ;
#2369 = AXIS2_PLACEMENT_3D ( 'NONE', #2379, #2799, #3543 ) ;
#2370 = FACE_OUTER_BOUND ( 'NONE', #163, .T. ) ;
#2371 = CARTESIAN_POINT ( 'NONE',  ( -1.030938704996685829, 1.713816030541133850, 3.260428147091731788 ) ) ;
#2372 = CARTESIAN_POINT ( 'NONE',  ( 0.2914548753565924244, 2.100544671380357276, 6.236152449227973626 ) ) ;
#2373 = AXIS2_PLACEMENT_3D ( 'NONE', #3667, #4561, #4089 ) ;
#2374 = ORIENTED_EDGE ( 'NONE', *, *, #3324, .T. ) ;
#2375 = CARTESIAN_POINT ( 'NONE',  ( -0.2536874259130692533, -1.978834712860428668, 5.519999999999999574 ) ) ;
#2376 = CARTESIAN_POINT ( 'NONE',  ( 0.8922005383792703803, -1.545336663013219480, 3.958333333333338810 ) ) ;
#2377 = CARTESIAN_POINT ( 'NONE',  ( -1.338300807568906459, -0.7726683315066170676, 3.870833333333339343 ) ) ;
#2378 = CARTESIAN_POINT ( 'NONE',  ( -1.338300807568906459, -0.7726683315066160684, -4.616666666666659147 ) ) ;
#2379 = CARTESIAN_POINT ( 'NONE',  ( 0.3672000000000026354, -2.138852437395547707E-15, 6.599999999999999645 ) ) ;
#2380 = DATE_AND_TIME ( #4049, #3956 ) ;
#2381 = CARTESIAN_POINT ( 'NONE',  ( 0.2536874259130668108, -1.311313062439116273, 5.520000000000000462 ) ) ;
#2382 = CARTESIAN_POINT ( 'NONE',  ( 2.086522686051694109, -0.3131358026968408259, 6.239949106964842507 ) ) ;
#2383 = CARTESIAN_POINT ( 'NONE',  ( 1.338300807568907125, 0.7726683315065855373, -1.379166666666659102 ) ) ;
#2384 = EDGE_LOOP ( 'NONE', ( #5201, #1101, #5209, #170, #4731, #2612, #5519, #3167, #2722, #1116, #3380, #427, #4987 ) ) ;
#2385 = CARTESIAN_POINT ( 'NONE',  ( 2.020313986387310745, 0.2362816911131803421, 5.519999999999999574 ) ) ;
#2386 = CARTESIAN_POINT ( 'NONE',  ( -2.449293598294727122E-16, -2.000000000000031086, -2.750000000000002220 ) ) ;
#2387 = CARTESIAN_POINT ( 'NONE',  ( -1.839425526369904862, 0.2009032790326572560, 2.838482124282706298 ) ) ;
#2388 = AXIS2_PLACEMENT_3D ( 'NONE', #1440, #1104, #5324 ) ;
#2389 = CARTESIAN_POINT ( 'NONE',  ( 0.8922005383792703803, -1.545336663013218814, -3.041666666666659857 ) ) ;
#2390 = CARTESIAN_POINT ( 'NONE',  ( 0.2147958201322254512, 2.033986984616320548, 5.519999999999999574 ) ) ;
#2391 = EDGE_CURVE ( 'NONE', #3416, #3623, #4424, .T. ) ;
#2392 = CARTESIAN_POINT ( 'NONE',  ( -1.978416244007439095, -0.2532255823530229488, 5.515605852048856228 ) ) ;
#2393 = ORIENTED_EDGE ( 'NONE', *, *, #5149, .F. ) ;
#2394 = CARTESIAN_POINT ( 'NONE',  ( -1.517563632214662173, 0.8087147290716556469, 2.449251513581895079 ) ) ;
#2395 = CARTESIAN_POINT ( 'NONE',  ( 0.8922005383792703803, -1.545336663013218814, 0.4583333333333396431 ) ) ;
#2396 = CARTESIAN_POINT ( 'NONE',  ( -0.8922005383792708244, 1.545336663013187950, 0.8958333333333399207 ) ) ;
#2397 = CARTESIAN_POINT ( 'NONE',  ( 0.000000000000000000, 2.037888611415578310, -4.434375000000002842 ) ) ;
#2398 = PLANE ( 'NONE',  #3267 ) ;
#2399 = EDGE_CURVE ( 'NONE', #255, #5054, #5002, .T. ) ;
#2400 = CARTESIAN_POINT ( 'NONE',  ( 0.000000000000000000, 1.545336663013188172, -2.049999999999993605 ) ) ;
#2401 = ORIENTED_EDGE ( 'NONE', *, *, #2151, .T. ) ;
#2402 = CARTESIAN_POINT ( 'NONE',  ( 2.059393133959863675, 0.2274517295774696746, 5.761622436611165021 ) ) ;
#2403 = CARTESIAN_POINT ( 'NONE',  ( -1.176575538379264874, 2.037888611415577422, 2.623958333333329396 ) ) ;
#2404 = CARTESIAN_POINT ( 'NONE',  ( 0.8922005383792704913, -1.545336663013219480, 4.045833333333339610 ) ) ;
#2405 = CARTESIAN_POINT ( 'NONE',  ( -2.047395140491266474, 0.3306731578647451042, 6.252470311563133265 ) ) ;
#2406 = CARTESIAN_POINT ( 'NONE',  ( -1.338300807568906459, 0.7726683315065872026, -4.033333333333326109 ) ) ;
#2407 = CARTESIAN_POINT ( 'NONE',  ( 0.2536874259130666998, -1.362259747427716272, 5.519999999999999574 ) ) ;
#2408 = CARTESIAN_POINT ( 'NONE',  ( 1.385267003826792465, 0.7560228275328053638, 6.579841044881438172 ) ) ;
#2409 =( BOUNDED_CURVE ( )  B_SPLINE_CURVE ( 2, ( #2360, #1027, #3609, #548, #2752, #3996, #225 ),
 .UNSPECIFIED., .F., .F. ) 
 B_SPLINE_CURVE_WITH_KNOTS ( ( 3, 2, 2, 3 ),
 ( 0.3333333333333332593, 0.3611111111111111049, 0.3888888888888888951, 0.4166666666666667407 ),
 .UNSPECIFIED. ) 
 CURVE ( )  GEOMETRIC_REPRESENTATION_ITEM ( )  RATIONAL_B_SPLINE_CURVE ( ( 1.000000000000000444, 0.8660254037844380415, 1.000000000000000000, 0.8660254037844385966, 1.000000000000000000, 0.8660254037844380415, 1.000000000000000444 ) ) 
 REPRESENTATION_ITEM ( '' )  );
#2410 = CARTESIAN_POINT ( 'NONE',  ( 0.000000000000000000, 2.000000000000001776, -3.800000000000002043 ) ) ;
#2411 = CARTESIAN_POINT ( 'NONE',  ( 2.047395140491270471, 0.3306731578647258418, 6.252470311563132377 ) ) ;
#2412 = ORIENTED_EDGE ( 'NONE', *, *, #29, .T. ) ;
#2413 = CARTESIAN_POINT ( 'NONE',  ( -0.2636244833933308329, -1.261356100933072266, 5.520000000000000462 ) ) ;
#2414 = CARTESIAN_POINT ( 'NONE',  ( 0.000000000000000000, 1.145333991425690651E-15, -6.599999999999999645 ) ) ;
#2415 = FACE_OUTER_BOUND ( 'NONE', #2033, .T. ) ;
#2416 = CARTESIAN_POINT ( 'NONE',  ( 2.449293598294707893E-16, 2.000000000000000444, 6.599999999999999645 ) ) ;
#2417 = CARTESIAN_POINT ( 'NONE',  ( 0.8922005383792717126, 1.545336663013187284, -0.008333333333326777698 ) ) ;
#2418 = CARTESIAN_POINT ( 'NONE',  ( -1.176575538379264874, 2.037888611415577422, 2.580208333333333659 ) ) ;
#2419 = ORIENTED_EDGE ( 'NONE', *, *, #4500, .T. ) ;
#2420 = CARTESIAN_POINT ( 'NONE',  ( -2.024623018586763745, 0.2319300360381351123, 5.519999999999999574 ) ) ;
#2421 = CARTESIAN_POINT ( 'NONE',  ( -1.892491597964171348E-16, -1.545336663013218370, -1.699999999999993294 ) ) ;
#2422 = ORIENTED_EDGE ( 'NONE', *, *, #3207, .T. ) ;
#2423 = ADVANCED_FACE ( 'NONE', ( #2007 ), #4647, .T. ) ;
#2424 = CARTESIAN_POINT ( 'NONE',  ( 1.338300807568907125, 0.7726683315065852042, 0.6333333333333389659 ) ) ;
#2425 = EDGE_CURVE ( 'NONE', #1208, #3217, #24, .T. ) ;
#2426 = CARTESIAN_POINT ( 'NONE',  ( 1.419845772253451432, 1.312113635620470564, 3.066175244715433124 ) ) ;
#2427 = CARTESIAN_POINT ( 'NONE',  ( 0.000000000000000000, 2.037888611415578755, -5.834375000000002309 ) ) ;
#2428 = CARTESIAN_POINT ( 'NONE',  ( 0.3987862243729412559, 1.237294757821881808, 6.620481711399901492 ) ) ;
#2429 = CARTESIAN_POINT ( 'NONE',  ( 0.000000000000000000, -4.711997834488155533E-16, 6.599999999999999645 ) ) ;
#2430 = ORIENTED_EDGE ( 'NONE', *, *, #2241, .T. ) ;
#2431 = DIRECTION ( 'NONE',  ( -0.1045058763748856201, 0.02078751127481547750, 0.9943069954385902465 ) ) ;
#2432 = CARTESIAN_POINT ( 'NONE',  ( 1.764863307568898643, 1.018944305707779829, 0.3489583333333294846 ) ) ;
#2433 = CARTESIAN_POINT ( 'NONE',  ( -1.176575538379265984, -2.037888611415607176, -4.186458333333331616 ) ) ;
#2434 = EDGE_CURVE ( 'NONE', #3623, #2191, #3376, .T. ) ;
#2435 = PLANE ( 'NONE',  #4224 ) ;
#2436 = CARTESIAN_POINT ( 'NONE',  ( -0.8922005383792708244, 1.545336663013188616, -4.791666666666659857 ) ) ;
#2437 = EDGE_LOOP ( 'NONE', ( #5419, #4417, #3966, #2069 ) ) ;
#2438 = ORIENTED_EDGE ( 'NONE', *, *, #2803, .T. ) ;
#2439 = CARTESIAN_POINT ( 'NONE',  ( -0.9369201757553785592, -0.9369201757553816678, 6.537525475611324133 ) ) ;
#2440 = CARTESIAN_POINT ( 'NONE',  ( -2.449293598294727122E-16, -2.000000000000030642, -6.162499999999997868 ) ) ;
#2441 = CARTESIAN_POINT ( 'NONE',  ( -0.8922005383792713795, -1.545336663013218148, -0.9708333333333262205 ) ) ;
#2442 = AXIS2_PLACEMENT_3D ( 'NONE', #5450, #1230, #3666 ) ;
#2443 = ORIENTED_EDGE ( 'NONE', *, *, #2775, .T. ) ;
#2444 = CARTESIAN_POINT ( 'NONE',  ( 0.000000000000000000, 1.545336663013187728, 0.05000000000000588002 ) ) ;
#2445 = CARTESIAN_POINT ( 'NONE',  ( -0.3213660356514355665, -0.7758462417557676627, 6.599999999999999645 ) ) ;
#2446 =( BOUNDED_CURVE ( )  B_SPLINE_CURVE ( 2, ( #2329, #3198, #663, #1085, #4025, #2808, #4418 ),
 .UNSPECIFIED., .F., .F. ) 
 B_SPLINE_CURVE_WITH_KNOTS ( ( 3, 2, 2, 3 ),
 ( 0.3333333333333332593, 0.3611111111111111049, 0.3888888888888888951, 0.4166666666666667407 ),
 .UNSPECIFIED. ) 
 CURVE ( )  GEOMETRIC_REPRESENTATION_ITEM ( )  RATIONAL_B_SPLINE_CURVE ( ( 1.000000000000000444, 0.8660254037844380415, 1.000000000000000000, 0.8660254037844385966, 1.000000000000000000, 0.8660254037844380415, 1.000000000000000444 ) ) 
 REPRESENTATION_ITEM ( '' )  );
#2447 = AXIS2_PLACEMENT_3D ( 'NONE', #3293, #5015, #4644 ) ;
#2448 = CARTESIAN_POINT ( 'NONE',  ( -2.330348209623523053E-16, -1.902873719382618622, 2.993575884259854991 ) ) ;
#2449 = CARTESIAN_POINT ( 'NONE',  ( 0.000000000000000000, 1.545336663013188394, -2.749999999999992895 ) ) ;
#2450 = CARTESIAN_POINT ( 'NONE',  ( -0.8922005383792708244, 1.545336663013188616, -5.404166666666659680 ) ) ;
#2451 = VECTOR ( 'NONE', #3168, 1000.000000000000000 ) ;
#2452 = CARTESIAN_POINT ( 'NONE',  ( -2.353151076758530191, -1.541162520105971630E-14, 1.996874999999999956 ) ) ;
#2453 = ORIENTED_EDGE ( 'NONE', *, *, #3990, .F. ) ;
#2454 = CARTESIAN_POINT ( 'NONE',  ( -1.732050807568891404, 0.9999999999999937828, -4.383333333333335524 ) ) ;
#2455 = CARTESIAN_POINT ( 'NONE',  ( -1.176575538379264874, 2.037888611415578310, -3.676041666666669538 ) ) ;
#2456 = CARTESIAN_POINT ( 'NONE',  ( 1.784401076758541871, -1.589154005243936091E-14, 2.062500000000006661 ) ) ;
#2457 = CARTESIAN_POINT ( 'NONE',  ( -2.449293598294727122E-16, -2.000000000000031530, 2.149999999999995470 ) ) ;
#2458 = CARTESIAN_POINT ( 'NONE',  ( -1.176575538379265984, -2.037888611415607176, -3.442708333333335258 ) ) ;
#2459 = CARTESIAN_POINT ( 'NONE',  ( 0.2785322625646440842, 2.103356807430387221, 6.235777398414628969 ) ) ;
#2460 = CARTESIAN_POINT ( 'NONE',  ( 0.000000000000000000, 0.000000000000000000, 4.280000000000001137 ) ) ;
#2461 = ORIENTED_EDGE ( 'NONE', *, *, #3105, .F. ) ;
#2462 = CARTESIAN_POINT ( 'NONE',  ( 0.000000000000000000, 2.000000000000001776, -4.412499999999996980 ) ) ;
#2463 = DIRECTION ( 'NONE',  ( 0.000000000000000000, 0.000000000000000000, 1.000000000000000000 ) ) ;
#2464 = CARTESIAN_POINT ( 'NONE',  ( 1.764863307568897088, -1.018944305707812248, -2.611458333333330994 ) ) ;
#2465 = LINE ( 'NONE', #4163, #4308 ) ;
#2466 = VECTOR ( 'NONE', #739, 1000.000000000000114 ) ;
#2467 = CARTESIAN_POINT ( 'NONE',  ( 1.338300807568907125, 0.7726683315065856483, -2.866666666666659591 ) ) ;
#2468 = ORIENTED_EDGE ( 'NONE', *, *, #1182, .T. ) ;
#2469 = EDGE_CURVE ( 'NONE', #942, #755, #2240, .T. ) ;
#2470 = LINE ( 'NONE', #271, #3940 ) ;
#2471 = LINE ( 'NONE', #305, #1445 ) ;
#2472 = CARTESIAN_POINT ( 'NONE',  ( 0.8922005383792704913, -1.545336663013218814, -0.8541666666666593022 ) ) ;
#2473 = ORIENTED_EDGE ( 'NONE', *, *, #2533, .T. ) ;
#2474 = CARTESIAN_POINT ( 'NONE',  ( 1.998792828178984182, 0.2505494481683927521, 5.519999999999999574 ) ) ;
#2475 = CARTESIAN_POINT ( 'NONE',  ( -1.595555952608907146, -0.4706973189962506132, 2.298053679920442516 ) ) ;
#2476 = DIRECTION ( 'NONE',  ( -0.000000000000000000, -1.224646799147353207E-16, 1.000000000000000000 ) ) ;
#2477 = DIRECTION ( 'NONE',  ( -1.000000000000000000, 0.000000000000000000, 0.000000000000000000 ) ) ;
#2478 = CARTESIAN_POINT ( 'NONE',  ( 0.8922005383792717126, 1.545336663013188172, -4.820833333333324866 ) ) ;
#2479 = CARTESIAN_POINT ( 'NONE',  ( -1.176575538379264874, 2.037888611415577422, 3.280208333333333837 ) ) ;
#2480 = ORIENTED_EDGE ( 'NONE', *, *, #464, .F. ) ;
#2481 =( BOUNDED_CURVE ( )  B_SPLINE_CURVE ( 3, ( #578, #1089, #4059, #227 ),
 .UNSPECIFIED., .F., .F. ) 
 B_SPLINE_CURVE_WITH_KNOTS ( ( 4, 4 ),
 ( 2.946332657651816067, 3.336852649527768833 ),
 .UNSPECIFIED. ) 
 CURVE ( )  GEOMETRIC_REPRESENTATION_ITEM ( )  RATIONAL_B_SPLINE_CURVE ( ( 1.000000000000000000, 0.9873315052531759228, 0.9873315052531759228, 1.000000000000000000 ) ) 
 REPRESENTATION_ITEM ( '' )  );
#2482 = CARTESIAN_POINT ( 'NONE',  ( 1.154700538379262120, 2.000000000000000000, 3.141666666666663055 ) ) ;
#2483 = CARTESIAN_POINT ( 'NONE',  ( 1.176575538379264652, -2.037888611415608064, -2.626041666666671048 ) ) ;
#2484 = CARTESIAN_POINT ( 'NONE',  ( 1.338300807568907125, 0.7726683315065848712, 3.520833333333339699 ) ) ;
#2485 = CARTESIAN_POINT ( 'NONE',  ( 1.509964520401499088, -1.092789098574852291, 2.875136686090399074 ) ) ;
#2486 = B_SPLINE_CURVE_WITH_KNOTS ( 'NONE', 3,
 ( #4507, #195, #1509, #1055, #5250, #1906, #576, #4419, #2781, #4475, #635, #1228, #5394, #5448, #2475, #3312, #3725, #4978, #2929, #5508, #1171, #4639, #1144, #1680, #3340, #276 ),
 .UNSPECIFIED., .F., .F.,
 ( 4, 2, 2, 2, 2, 2, 2, 2, 2, 2, 2, 2, 4 ),
 ( 0.001960589214069781427, 0.002281739577564504979, 0.002602889941059228530, 0.003245190668048675633, 0.003566341031543398751, 0.003887491395038121869, 0.004529792122027568105, 0.005172092849017015208, 0.005493243212511739193, 0.005814393576006462311, 0.006135543939501186296, 0.006456694302995909414, 0.007098995029985354782 ),
 .UNSPECIFIED. ) ;
#2487 = CARTESIAN_POINT ( 'NONE',  ( 1.764863307568898643, 1.018944305707779829, -1.094791666666665719 ) ) ;
#2488 = CARTESIAN_POINT ( 'NONE',  ( -1.892491597964171594E-16, -1.545336663013218592, -1.612499999999992717 ) ) ;
#2489 = CARTESIAN_POINT ( 'NONE',  ( -0.8922005383792707134, 1.545336663013187950, -0.5916666666666601238 ) ) ;
#2490 = ORIENTED_EDGE ( 'NONE', *, *, #4128, .T. ) ;
#2491 = CARTESIAN_POINT ( 'NONE',  ( 1.338300807568907125, 0.7726683315065852042, 1.333333333333339255 ) ) ;
#2492 = CARTESIAN_POINT ( 'NONE',  ( 2.105291015521367104, 0.2808027965899151934, 6.256865759336440291 ) ) ;
#2493 = CARTESIAN_POINT ( 'NONE',  ( -2.495693764988950272E-16, -2.037888611415607176, -6.228124999999998579 ) ) ;
#2494 = CARTESIAN_POINT ( 'NONE',  ( -2.028667683851146819, -0.2261220390463089536, 5.519999999999999574 ) ) ;
#2495 = CARTESIAN_POINT ( 'NONE',  ( -0.8922005383792708244, 1.545336663013188394, -4.091666666666659680 ) ) ;
#2496 = ORIENTED_EDGE ( 'NONE', *, *, #589, .F. ) ;
#2497 = PERSON ( 'UNSPECIFIED', 'UNSPECIFIED', 'UNSPECIFIED', ('UNSPECIFIED'), ('UNSPECIFIED'), ('UNSPECIFIED') ) ;
#2498 = CARTESIAN_POINT ( 'NONE',  ( -1.154700538379262120, 2.000000000000000000, -1.641666666666669716 ) ) ;
#2499 = EDGE_CURVE ( 'NONE', #1972, #2706, #5504, .T. ) ;
#2500 = DIRECTION ( 'NONE',  ( -0.000000000000000000, 2.449293598294706414E-16, -1.000000000000000000 ) ) ;
#2501 = EDGE_LOOP ( 'NONE', ( #2913, #5089, #519, #3414 ) ) ;
#2502 = DIRECTION ( 'NONE',  ( -0.000000000000000000, -1.224646799147353207E-16, 1.000000000000000000 ) ) ;
#2503 = CARTESIAN_POINT ( 'NONE',  ( -0.8216468584787320895, 1.620901684664377562, 2.747307251646596615 ) ) ;
#2504 = EDGE_CURVE ( 'NONE', #1137, #3769, #2694, .T. ) ;
#2505 = CARTESIAN_POINT ( 'NONE',  ( 2.449293598294707893E-16, 2.000000000000000444, 6.599999999999999645 ) ) ;
#2506 = VERTEX_POINT ( 'NONE', #2272 ) ;
#2507 = CARTESIAN_POINT ( 'NONE',  ( 1.176575538379264652, -2.037888611415608509, -0.5260416666666702934 ) ) ;
#2508 = CARTESIAN_POINT ( 'NONE',  ( 0.8922005383792717126, 1.545336663013187062, 3.579166666666673269 ) ) ;
#2509 = CARTESIAN_POINT ( 'NONE',  ( 1.401258538444111634, -1.427050983124842798, -6.162500000000000533 ) ) ;
#2510 = CARTESIAN_POINT ( 'NONE',  ( -1.176575538379265984, -2.037888611415607620, -0.6864583333333331705 ) ) ;
#2511 = CARTESIAN_POINT ( 'NONE',  ( -1.338300807568906459, 0.7726683315065866475, 0.2541666666666738128 ) ) ;
#2512 = CARTESIAN_POINT ( 'NONE',  ( -1.892491597964171594E-16, -1.545336663013218592, -1.699999999999993294 ) ) ;
#2513 = VERTEX_POINT ( 'NONE', #637 ) ;
#2514 = CARTESIAN_POINT ( 'NONE',  ( 0.8922005383792703803, -1.545336663013219480, 1.158333333333338988 ) ) ;
#2515 = CARTESIAN_POINT ( 'NONE',  ( 2.036553692936426518, 0.2013947372879204278, 5.519999999999999574 ) ) ;
#2516 = B_SPLINE_CURVE_WITH_KNOTS ( 'NONE', 3,
 ( #5261, #980, #2341, #1466, #4766, #3183, #4814, #4008, #1437, #5234, #4843, #2763, #1012, #2284, #123, #618 ),
 .UNSPECIFIED., .F., .F.,
 ( 4, 3, 3, 3, 3, 4 ),
 ( 5.421010862427522170E-20, 1.951660190554427041E-05, 3.904047611926336487E-05, 5.846512373737633287E-05, 7.786064820822399780E-05, 8.495776670908603760E-05 ),
 .UNSPECIFIED. ) ;
#2517 = CC_DESIGN_PERSON_AND_ORGANIZATION_ASSIGNMENT ( #4282, #442, ( #1323 ) ) ;
#2518 = CARTESIAN_POINT ( 'NONE',  ( 1.764863307568898643, 1.018944305707780273, -5.294791666666665009 ) ) ;
#2519 = CARTESIAN_POINT ( 'NONE',  ( -1.892491597964171348E-16, -1.545336663013217704, -6.599999999999993427 ) ) ;
#2520 = CARTESIAN_POINT ( 'NONE',  ( -0.1999452810760592170, -1.535573422993843362, -6.600000000000028955 ) ) ;
#2521 = ORIENTED_EDGE ( 'NONE', *, *, #1291, .T. ) ;
#2522 = DIRECTION ( 'NONE',  ( 0.000000000000000000, -0.1045284632676535819, -0.9945218953682734009 ) ) ;
#2523 = DIRECTION ( 'NONE',  ( 1.000000000000000000, -1.321176534179923510E-16, -0.000000000000000000 ) ) ;
#2524 = ORIENTED_EDGE ( 'NONE', *, *, #5487, .T. ) ;
#2525 = EDGE_CURVE ( 'NONE', #3224, #1397, #1876, .T. ) ;
#2526 = CARTESIAN_POINT ( 'NONE',  ( 1.784401076758541649, -1.579509911700650793E-14, 1.275000000000005684 ) ) ;
#2527 = EDGE_CURVE ( 'NONE', #2888, #755, #4861, .T. ) ;
#2528 = CARTESIAN_POINT ( 'NONE',  ( -1.154700538379268782, 1.999999999999988232, -5.754166666666662877 ) ) ;
#2529 = AXIS2_PLACEMENT_3D ( 'NONE', #5490, #1045, #4237 ) ;
#2530 = CARTESIAN_POINT ( 'NONE',  ( 0.000000000000000000, 2.000000000000001332, -1.612499999999997602 ) ) ;
#2531 = EDGE_LOOP ( 'NONE', ( #712, #2807, #2983, #3730 ) ) ;
#2532 = CARTESIAN_POINT ( 'NONE',  ( -2.036553692936423854, 0.2013947372879396902, 5.519999999999999574 ) ) ;
#2533 = EDGE_CURVE ( 'NONE', #2244, #4389, #1954, .T. ) ;
#2534 = CIRCLE ( 'NONE', #907, 6.359696215217524262 ) ;
#2535 = CARTESIAN_POINT ( 'NONE',  ( -2.495693764988950272E-16, -2.037888611415607620, -1.984375000000003553 ) ) ;
#2536 = CARTESIAN_POINT ( 'NONE',  ( 1.338300807568906015, -0.7726683315066177338, 1.216666666666672114 ) ) ;
#2537 = CARTESIAN_POINT ( 'NONE',  ( 1.595756897212345704, -1.236067977499798687, -6.147103965354157040 ) ) ;
#2538 = CIRCLE ( 'NONE', #4043, 2.121718661993897470 ) ;
#2539 = CARTESIAN_POINT ( 'NONE',  ( -1.764863307568897755, 1.018944305707781606, -1.561458333333332282 ) ) ;
#2540 = CARTESIAN_POINT ( 'NONE',  ( 1.784401076758541871, -1.546291367273778474E-14, -1.437499999999992673 ) ) ;
#2541 = CARTESIAN_POINT ( 'NONE',  ( -1.338300807568906459, -0.7726683315066164015, -1.816666666666659991 ) ) ;
#2542 = ORIENTED_EDGE ( 'NONE', *, *, #307, .T. ) ;
#2543 = CARTESIAN_POINT ( 'NONE',  ( 0.5754184668983751694, 0.7846828240533270105, 6.525146117474438512 ) ) ;
#2544 = CARTESIAN_POINT ( 'NONE',  ( -0.7758462417557634438, 0.3213660356514428940, 6.599999999999999645 ) ) ;
#2545 = CC_DESIGN_SECURITY_CLASSIFICATION ( #1097, ( #3344 ) ) ;
#2546 = CARTESIAN_POINT ( 'NONE',  ( 0.000000000000000000, 2.037888611415578310, -3.078124999999997780 ) ) ;
#2547 =( BOUNDED_CURVE ( )  B_SPLINE_CURVE ( 2, ( #443, #4640, #4307, #2584, #1705, #492, #836 ),
 .UNSPECIFIED., .F., .F. ) 
 B_SPLINE_CURVE_WITH_KNOTS ( ( 3, 2, 2, 3 ),
 ( 0.2500000000000000000, 0.2777777777777777901, 0.3055555555555556357, 0.3333333333333333703 ),
 .UNSPECIFIED. ) 
 CURVE ( )  GEOMETRIC_REPRESENTATION_ITEM ( )  RATIONAL_B_SPLINE_CURVE ( ( 1.000000000000000000, 0.8660254037844387076, 1.000000000000000000, 0.8660254037844387076, 1.000000000000000000, 0.8660254037844384856, 1.000000000000000222 ) ) 
 REPRESENTATION_ITEM ( '' )  );
#2548 = CARTESIAN_POINT ( 'NONE',  ( -1.338300807568906459, -0.7726683315066158464, -5.316666666666658436 ) ) ;
#2549 = CARTESIAN_POINT ( 'NONE',  ( 0.000000000000000000, 2.000000000000001776, -4.500000000000001776 ) ) ;
#2550 = ORIENTED_EDGE ( 'NONE', *, *, #3646, .T. ) ;
#2551 = CARTESIAN_POINT ( 'NONE',  ( 0.7705958194149385987, 1.611665878530695206, 2.663644878888707268 ) ) ;
#2552 = CARTESIAN_POINT ( 'NONE',  ( 2.070665643403692968, -0.2404725625119532306, 5.882448275415797845 ) ) ;
#2553 = B_SPLINE_CURVE_WITH_KNOTS ( 'NONE', 3,
 ( #3800, #3824, #5157, #5052, #880, #4217, #45, #4687 ),
 .UNSPECIFIED., .F., .F.,
 ( 4, 2, 2, 4 ),
 ( 0.001492612936750650505, 0.001862702209224100002, 0.002232791481697549499, 0.002972970026644448927 ),
 .UNSPECIFIED. ) ;
#2554 = VERTEX_POINT ( 'NONE', #2303 ) ;
#2555 = ORIENTED_EDGE ( 'NONE', *, *, #2399, .F. ) ;
#2556 = CARTESIAN_POINT ( 'NONE',  ( 0.8922005383792716016, 1.545336663013187062, 1.391666666666672603 ) ) ;
#2557 = FACE_OUTER_BOUND ( 'NONE', #957, .T. ) ;
#2558 = CARTESIAN_POINT ( 'NONE',  ( 1.784401076758541649, -1.486283674115558314E-14, -6.337499999999991473 ) ) ;
#2559 = CARTESIAN_POINT ( 'NONE',  ( 2.660500092467325899E-15, 0.2536874259130684761, 5.519999999999999574 ) ) ;
#2560 = EDGE_CURVE ( 'NONE', #1920, #327, #2481, .T. ) ;
#2561 = ORIENTED_EDGE ( 'NONE', *, *, #1360, .T. ) ;
#2562 = CARTESIAN_POINT ( 'NONE',  ( 2.309401076758522464, -1.611656890178268769E-14, 3.112500000000002043 ) ) ;
#2563 = CARTESIAN_POINT ( 'NONE',  ( 1.411899221789469472, 0.7525983107255632687, 2.145443056126834502 ) ) ;
#2564 = CARTESIAN_POINT ( 'NONE',  ( 0.000000000000000000, 1.545336663013187506, 2.850000000000005862 ) ) ;
#2565 = CARTESIAN_POINT ( 'NONE',  ( 0.8922005383792718236, 1.545336663013188172, -5.608333333333327175 ) ) ;
#2566 = ADVANCED_FACE ( 'NONE', ( #3582 ), #4925, .T. ) ;
#2567 = CARTESIAN_POINT ( 'NONE',  ( 2.353151076758530191, -1.543076669426016392E-14, -2.553124999999999645 ) ) ;
#2568 = CARTESIAN_POINT ( 'NONE',  ( -0.8922005383792713795, -1.545336663013218148, -2.370833333333326021 ) ) ;
#2569 = CARTESIAN_POINT ( 'NONE',  ( 1.338300807568906015, -0.7726683315066175117, -0.8833333333333266424 ) ) ;
#2570 = ORIENTED_EDGE ( 'NONE', *, *, #3482, .T. ) ;
#2571 = CARTESIAN_POINT ( 'NONE',  ( 1.154700538379262342, 2.000000000000000444, -1.670833333333331616 ) ) ;
#2572 = CARTESIAN_POINT ( 'NONE',  ( -2.309401076758522020, -1.524017464917908772E-14, 0.5749999999999964029 ) ) ;
#2573 = CARTESIAN_POINT ( 'NONE',  ( 1.764863307568897088, -1.018944305707812914, 3.732291666666662788 ) ) ;
#2574 = CARTESIAN_POINT ( 'NONE',  ( -0.8922005383792713795, -1.545336663013217926, -5.170833333333324511 ) ) ;
#2575 = AXIS2_PLACEMENT_3D ( 'NONE', #1513, #4922, #4863 ) ;
#2576 = CARTESIAN_POINT ( 'NONE',  ( -0.8922005383792707134, 1.545336663013188616, -6.891666666666659502 ) ) ;
#2577 = CARTESIAN_POINT ( 'NONE',  ( -2.024596751003746142, 0.3047449643597490154, 6.005780028916996471 ) ) ;
#2578 = VERTEX_POINT ( 'NONE', #971 ) ;
#2579 = CARTESIAN_POINT ( 'NONE',  ( 0.8810697998844615464, -1.483516097568357450, 2.464567214910328374 ) ) ;
#2580 = CARTESIAN_POINT ( 'NONE',  ( -2.103356807430392994, 0.2785322625646771133, 6.235777398414737327 ) ) ;
#2581 = DIRECTION ( 'NONE',  ( -0.000000000000000000, -1.224646799147353207E-16, 1.000000000000000000 ) ) ;
#2582 = ORIENTED_EDGE ( 'NONE', *, *, #776, .F. ) ;
#2583 = CARTESIAN_POINT ( 'NONE',  ( 1.784401076758541649, -1.570937384106619206E-14, 0.5750000000000056177 ) ) ;
#2584 = CARTESIAN_POINT ( 'NONE',  ( 2.309401076758522020, -1.507714993100636650E-14, -5.375000000000001776 ) ) ;
#2585 = CARTESIAN_POINT ( 'NONE',  ( 1.338300807568906015, -0.7726683315066175117, -0.7958333333333259541 ) ) ;
#2586 = ORIENTED_EDGE ( 'NONE', *, *, #430, .T. ) ;
#2587 = CARTESIAN_POINT ( 'NONE',  ( 1.312278339243026615, 1.727067242758988819, 3.213245589160942828 ) ) ;
#2588 = CARTESIAN_POINT ( 'NONE',  ( 1.176575538379266428, 2.037888611415576978, 0.4072916666666638319 ) ) ;
#2589 = CYLINDRICAL_SURFACE ( 'NONE', #5505, 2.000000000000000888 ) ;
#2590 = CARTESIAN_POINT ( 'NONE',  ( -1.338300807568906459, -0.7726683315066160684, -4.616666666666659147 ) ) ;
#2591 = CARTESIAN_POINT ( 'NONE',  ( 1.176575538379266428, 2.037888611415577422, -2.436458333333332504 ) ) ;
#2592 = CARTESIAN_POINT ( 'NONE',  ( -1.784401076758541871, -1.506872409729845284E-14, -1.087499999999992584 ) ) ;
#2593 = CARTESIAN_POINT ( 'NONE',  ( 1.784401076758541649, -1.545219801324524447E-14, -1.524999999999993472 ) ) ;
#2594 = ORIENTED_EDGE ( 'NONE', *, *, #188, .T. ) ;
#2595 = DIRECTION ( 'NONE',  ( 1.000000000000000000, 0.000000000000000000, 0.000000000000000000 ) ) ;
#2596 = CARTESIAN_POINT ( 'NONE',  ( 0.3502066986637452084, 1.381458624468315355, 6.438319537806444615 ) ) ;
#2597 = EDGE_CURVE ( 'NONE', #1707, #292, #1938, .T. ) ;
#2598 = EDGE_CURVE ( 'NONE', #3367, #856, #2216, .T. ) ;
#2599 = CARTESIAN_POINT ( 'NONE',  ( 1.338300807568906015, -0.7726683315066168456, -5.695833333333325754 ) ) ;
#2600 = CARTESIAN_POINT ( 'NONE',  ( 0.000000000000000000, 2.000000000000001776, -3.712499999999997247 ) ) ;
#2601 = CARTESIAN_POINT ( 'NONE',  ( -0.4922899835702659321, -1.468229183908174695, -6.600000000000001421 ) ) ;
#2602 = ORIENTED_EDGE ( 'NONE', *, *, #599, .T. ) ;
#2603 = ADVANCED_FACE ( 'NONE', ( #139 ), #3785, .F. ) ;
#2604 = CARTESIAN_POINT ( 'NONE',  ( -0.2973012310802300995, -2.097688122752421336, 6.236861590283159451 ) ) ;
#2605 = CARTESIAN_POINT ( 'NONE',  ( 0.4993186560825109144, 1.936667467503897511, 3.260428147091726458 ) ) ;
#2606 = CARTESIAN_POINT ( 'NONE',  ( 1.338300807568906015, -0.7726683315066170676, -4.295833333333325399 ) ) ;
#2607 = CARTESIAN_POINT ( 'NONE',  ( -1.338300807568906459, -0.7726683315066169566, 3.783333333333338988 ) ) ;
#2608 = CARTESIAN_POINT ( 'NONE',  ( 0.000000000000000000, 0.000000000000000000, 4.280000000000001137 ) ) ;
#2609 = CARTESIAN_POINT ( 'NONE',  ( -2.449293598294727122E-16, -2.000000000000030642, -4.850000000000002309 ) ) ;
#2610 = CIRCLE ( 'NONE', #4486, 2.000000000000000888 ) ;
#2611 = DIRECTION ( 'NONE',  ( 0.000000000000000000, -1.000000000000000000, 0.000000000000000000 ) ) ;
#2612 = ORIENTED_EDGE ( 'NONE', *, *, #2667, .F. ) ;
#2613 = CARTESIAN_POINT ( 'NONE',  ( 1.187555012650435948, 1.090367517373560968, 2.179441315834093729 ) ) ;
#2614 = CARTESIAN_POINT ( 'NONE',  ( 0.8922005383792717126, 1.545336663013187062, 3.491666666666672469 ) ) ;
#2615 = CARTESIAN_POINT ( 'NONE',  ( -0.8922005383792707134, 1.545336663013188394, -4.091666666666659680 ) ) ;
#2616 = ORIENTED_EDGE ( 'NONE', *, *, #4165, .F. ) ;
#2617 = CARTESIAN_POINT ( 'NONE',  ( 0.8922005383792717126, 1.545336663013187728, -1.408333333333326998 ) ) ;
#2618 = AXIS2_PLACEMENT_3D ( 'NONE', #387, #2106, #438 ) ;
#2619 = CARTESIAN_POINT ( 'NONE',  ( -0.3203496856486526823, 2.078666698170414495, 6.242297865235610033 ) ) ;
#2620 = VERTEX_POINT ( 'NONE', #3727 ) ;
#2621 = CARTESIAN_POINT ( 'NONE',  ( 2.309401076758522464, -1.517359086643922264E-14, -4.587499999999997691 ) ) ;
#2622 = CARTESIAN_POINT ( 'NONE',  ( -1.892491597964171594E-16, -1.545336663013218148, -5.812499999999992006 ) ) ;
#2623 =( BOUNDED_CURVE ( )  B_SPLINE_CURVE ( 2, ( #2079, #3782, #5479, #3369, #3057, #2158, #1338 ),
 .UNSPECIFIED., .F., .F. ) 
 B_SPLINE_CURVE_WITH_KNOTS ( ( 3, 2, 2, 3 ),
 ( 0.2500000000000000000, 0.2777777777777777901, 0.3055555555555556357, 0.3333333333333333703 ),
 .UNSPECIFIED. ) 
 CURVE ( )  GEOMETRIC_REPRESENTATION_ITEM ( )  RATIONAL_B_SPLINE_CURVE ( ( 1.000000000000000000, 0.8660254037844387076, 1.000000000000000000, 0.8660254037844387076, 1.000000000000000000, 0.8660254037844384856, 1.000000000000000222 ) ) 
 REPRESENTATION_ITEM ( '' )  );
#2624 = AXIS2_PLACEMENT_3D ( 'NONE', #3751, #3724, #5447 ) ;
#2625 = FACE_OUTER_BOUND ( 'NONE', #248, .T. ) ;
#2626 = CARTESIAN_POINT ( 'NONE',  ( -1.892491597964171594E-16, -1.545336663013219036, 1.887500000000006395 ) ) ;
#2627 = FACE_OUTER_BOUND ( 'NONE', #440, .T. ) ;
#2628 = ORIENTED_EDGE ( 'NONE', *, *, #1862, .T. ) ;
#2629 = B_SPLINE_CURVE_WITH_KNOTS ( 'NONE', 3,
 ( #2022, #3335, #4972, #3747, #1961, #5004, #2382, #1167, #2050, #5417, #1533, #1649, #3778, #5476, #1139, #2805 ),
 .UNSPECIFIED., .F., .F.,
 ( 4, 3, 3, 3, 3, 4 ),
 ( 0.000000000000000000, 1.963628368925679154E-05, 3.924458351668994922E-05, 5.927439630922314533E-05, 7.982330348747591127E-05, 8.469264850648639421E-05 ),
 .UNSPECIFIED. ) ;
#2630 = CARTESIAN_POINT ( 'NONE',  ( 1.194497015667300488, -1.092863344637204692, -6.546944635174110516 ) ) ;
#2631 = CARTESIAN_POINT ( 'NONE',  ( -0.3306731578647052472, 2.047395140491274024, 6.252470311563134153 ) ) ;
#2632 = VERTEX_POINT ( 'NONE', #339 ) ;
#2633 = EDGE_CURVE ( 'NONE', #680, #3775, #4220, .T. ) ;
#2634 = CARTESIAN_POINT ( 'NONE',  ( -1.338300807568906459, -0.7726683315066160684, -4.529166666666658791 ) ) ;
#2635 = CARTESIAN_POINT ( 'NONE',  ( -1.338300807568906237, 0.7726683315065863145, 1.566666666666672425 ) ) ;
#2636 = DIRECTION ( 'NONE',  ( -1.000000000000000000, 0.000000000000000000, 0.000000000000000000 ) ) ;
#2637 = CARTESIAN_POINT ( 'NONE',  ( 2.075861296725728611, -0.3045459121027652150, 6.003886173198514697 ) ) ;
#2638 = CARTESIAN_POINT ( 'NONE',  ( 1.338300807568907125, 0.7726683315065854263, -0.6791666666666594798 ) ) ;
#2639 = B_SPLINE_CURVE_WITH_KNOTS ( 'NONE', 3,
 ( #4656, #4274, #5053, #2601, #855, #2520, #4324, #5132 ),
 .UNSPECIFIED., .F., .F.,
 ( 4, 2, 2, 4 ),
 ( 1.274940621486765257E-17, 0.0006036709503675340713, 0.0009055064255512946560, 0.001207341900735055349 ),
 .UNSPECIFIED. ) ;
#2640 = ORIENTED_EDGE ( 'NONE', *, *, #3915, .F. ) ;
#2641 = CARTESIAN_POINT ( 'NONE',  ( 0.000000000000000000, 2.000000000000000888, 2.499999999999996003 ) ) ;
#2642 = CARTESIAN_POINT ( 'NONE',  ( 1.154700538379260788, -2.000000000000032419, 0.8958333333333344806 ) ) ;
#2643 = CARTESIAN_POINT ( 'NONE',  ( -1.338300807568906459, 0.7726683315065863145, 2.966666666666672558 ) ) ;
#2644 = CARTESIAN_POINT ( 'NONE',  ( 0.8922005383792703803, -1.545336663013218814, -3.741666666666659591 ) ) ;
#2645 = CARTESIAN_POINT ( 'NONE',  ( 0.000000000000000000, 1.545336663013187950, -0.6499999999999934719 ) ) ;
#2646 = CARTESIAN_POINT ( 'NONE',  ( -0.2801310354325937668, 2.103128811297164447, 6.235782945370653252 ) ) ;
#2647 = ORIENTED_EDGE ( 'NONE', *, *, #4499, .T. ) ;
#2648 = CARTESIAN_POINT ( 'NONE',  ( 1.362259747427715384, -0.2536874259130745823, 5.519999999999999574 ) ) ;
#2649 = DIRECTION ( 'NONE',  ( 0.000000000000000000, 1.000000000000000000, 1.235539140158905146E-16 ) ) ;
#2650 = CARTESIAN_POINT ( 'NONE',  ( -1.784401076758541871, -1.464009771759687982E-14, -4.587499999999992362 ) ) ;
#2651 = CARTESIAN_POINT ( 'NONE',  ( 0.000000000000000000, 1.545336663013188172, -3.449999999999992628 ) ) ;
#2652 = CARTESIAN_POINT ( 'NONE',  ( 0.000000000000000000, 2.037888611415577422, 4.621875000000000178 ) ) ;
#2653 = CARTESIAN_POINT ( 'NONE',  ( -2.309401076758522464, -1.473653865302973911E-14, -3.537499999999997868 ) ) ;
#2654 = ORIENTED_EDGE ( 'NONE', *, *, #2689, .T. ) ;
#2655 = VECTOR ( 'NONE', #694, 999.9999999999998863 ) ;
#2656 = CARTESIAN_POINT ( 'NONE',  ( -1.416459691756017714, -1.333807506909003848, -6.220794595222240098 ) ) ;
#2657 = FACE_OUTER_BOUND ( 'NONE', #5211, .T. ) ;
#2658 = ORIENTED_EDGE ( 'NONE', *, *, #3914, .T. ) ;
#2659 = CARTESIAN_POINT ( 'NONE',  ( -0.8922005383792708244, 1.545336663013188394, -3.304166666666658259 ) ) ;
#2660 = MECHANICAL_CONTEXT ( 'NONE', #1957, 'mechanical' ) ;
#2661 = EDGE_CURVE ( 'NONE', #3653, #4550, #99, .T. ) ;
#2662 = CARTESIAN_POINT ( 'NONE',  ( 0.000000000000000000, -3.992872894185816765E-16, 3.260428147091725126 ) ) ;
#2663 = CARTESIAN_POINT ( 'NONE',  ( -0.8922005383792713795, -1.545336663013218148, -1.670833333333326065 ) ) ;
#2664 = ORIENTED_EDGE ( 'NONE', *, *, #5142, .F. ) ;
#2665 = CARTESIAN_POINT ( 'NONE',  ( -1.732050807568891404, 0.9999999999999931166, 1.304166666666668029 ) ) ;
#2666 = DIRECTION ( 'NONE',  ( 1.000000000000000000, -1.224646799147353207E-16, -1.499759782661857608E-32 ) ) ;
#2667 = EDGE_CURVE ( 'NONE', #4318, #3857, #2837, .T. ) ;
#2668 = CARTESIAN_POINT ( 'NONE',  ( 0.000000000000000000, -2.000000000000001332, 6.599999999999999645 ) ) ;
#2669 = CARTESIAN_POINT ( 'NONE',  ( 0.8922005383792718236, 1.545336663013188394, -6.308333333333325577 ) ) ;
#2670 = CARTESIAN_POINT ( 'NONE',  ( 1.338300807568907125, 0.7726683315065855373, -1.466666666666659902 ) ) ;
#2671 = CARTESIAN_POINT ( 'NONE',  ( -1.234094626827384245, -0.3826980794443315403, 6.467413237156726780 ) ) ;
#2672 = EDGE_LOOP ( 'NONE', ( #1987, #2121, #4473, #1040, #2824 ) ) ;
#2673 = DIRECTION ( 'NONE',  ( -0.1045058763748855923, 0.02078751127481546709, 0.9943069954385901354 ) ) ;
#2674 = CARTESIAN_POINT ( 'NONE',  ( -1.338300807568906237, 0.7726683315065869806, -3.333333333333326820 ) ) ;
#2675 = CARTESIAN_POINT ( 'NONE',  ( 1.338300807568907125, 0.7726683315065858704, -4.179166666666659147 ) ) ;
#2676 = CARTESIAN_POINT ( 'NONE',  ( 1.764863307568897088, -1.018944305707812026, -6.067708333333335702 ) ) ;
#2677 = CARTESIAN_POINT ( 'NONE',  ( 1.176575538379266428, 2.037888611415576534, 4.563541666666667496 ) ) ;
#2678 = CARTESIAN_POINT ( 'NONE',  ( -1.154700538379262342, 2.000000000000000000, -3.654166666666663676 ) ) ;
#2679 = ORIENTED_EDGE ( 'NONE', *, *, #3614, .F. ) ;
#2680 = EDGE_LOOP ( 'NONE', ( #2907, #3863, #3232, #1203 ) ) ;
#2681 = CARTESIAN_POINT ( 'NONE',  ( -0.3031426551174441486, -2.094833983762685925, 6.237570133143253592 ) ) ;
#2682 = CARTESIAN_POINT ( 'NONE',  ( 0.2999157838042375568, -2.096331654535008582, 6.237205613880129285 ) ) ;
#2683 = CARTESIAN_POINT ( 'NONE',  ( -0.8922005383792708244, 1.545336663013188616, -6.891666666666659502 ) ) ;
#2684 =( BOUNDED_CURVE ( )  B_SPLINE_CURVE ( 2, ( #5000, #2047, #3744, #3656, #714, #5441, #5355 ),
 .UNSPECIFIED., .F., .F. ) 
 B_SPLINE_CURVE_WITH_KNOTS ( ( 3, 2, 2, 3 ),
 ( 0.7500000000000001110, 0.7777777777777779011, 0.8055555555555556912, 0.8333333333333334814 ),
 .UNSPECIFIED. ) 
 CURVE ( )  GEOMETRIC_REPRESENTATION_ITEM ( )  RATIONAL_B_SPLINE_CURVE ( ( 0.9999999999999994449, 0.8660254037844392627, 1.000000000000000000, 0.8660254037844387076, 1.000000000000000000, 0.8660254037844381525, 1.000000000000000444 ) ) 
 REPRESENTATION_ITEM ( '' )  );
#2685 = CARTESIAN_POINT ( 'NONE',  ( 1.338300807568907125, 0.7726683315065856483, -2.779166666666658791 ) ) ;
#2686 = CYLINDRICAL_SURFACE ( 'NONE', #901, 0.3888000000000000345 ) ;
#2687 = CARTESIAN_POINT ( 'NONE',  ( -1.338300807568906459, -0.7726683315066162905, -2.429166666666659147 ) ) ;
#2688 = VERTEX_POINT ( 'NONE', #726 ) ;
#2689 = EDGE_CURVE ( 'NONE', #3623, #4062, #5366, .T. ) ;
#2690 = ORIENTED_EDGE ( 'NONE', *, *, #5316, .T. ) ;
#2691 = CARTESIAN_POINT ( 'NONE',  ( 2.449293598294707893E-16, 2.000000000000000444, 6.599999999999999645 ) ) ;
#2692 = CARTESIAN_POINT ( 'NONE',  ( 1.154700538379262120, 2.000000000000000888, -2.458333333333335702 ) ) ;
#2693 = CARTESIAN_POINT ( 'NONE',  ( 2.010073422571226232, -0.2450297871837272823, 5.519999999999999574 ) ) ;
#2694 = LINE ( 'NONE', #1511, #3587 ) ;
#2695 = CARTESIAN_POINT ( 'NONE',  ( 1.338300807568906015, -0.7726683315066176228, 0.6041666666666742902 ) ) ;
#2696 = ADVANCED_FACE ( 'NONE', ( #1656 ), #1969, .T. ) ;
#2697 = CARTESIAN_POINT ( 'NONE',  ( 0.4945611972164568604, -0.7038255543714115881, 5.519999999999999574 ) ) ;
#2698 = ORIENTED_EDGE ( 'NONE', *, *, #2733, .T. ) ;
#2699 = CARTESIAN_POINT ( 'NONE',  ( -2.217680664207158656E-16, -1.810873686806034888, 2.740807872166600045 ) ) ;
#2700 = CARTESIAN_POINT ( 'NONE',  ( -2.449293598294727122E-16, -2.000000000000031086, -4.762499999999997513 ) ) ;
#2701 = CARTESIAN_POINT ( 'NONE',  ( 1.732050807568890960, -1.000000000000024425, 0.2541666666666685948 ) ) ;
#2702 = VECTOR ( 'NONE', #1256, 1000.000000000000000 ) ;
#2703 = CARTESIAN_POINT ( 'NONE',  ( 1.784401076758541649, -1.510929690948398731E-14, -4.324999999999992184 ) ) ;
#2704 = CARTESIAN_POINT ( 'NONE',  ( -1.784401076758541871, -1.532589992511940043E-14, 1.012500000000006395 ) ) ;
#2705 = CARTESIAN_POINT ( 'NONE',  ( -2.449293598294727122E-16, -2.000000000000031086, -3.362499999999996714 ) ) ;
#2706 = VERTEX_POINT ( 'NONE', #2449 ) ;
#2707 = APPLICATION_CONTEXT ( 'configuration controlled 3d designs of mechanical parts and assemblies' ) ;
#2708 = DIRECTION ( 'NONE',  ( 0.9238795325112894030, 0.3826834323650835090, 0.000000000000000000 ) ) ;
#2709 = AXIS2_PLACEMENT_3D ( 'NONE', #2718, #2500, #2076 ) ;
#2710 = CARTESIAN_POINT ( 'NONE',  ( 0.8922005383792704913, -1.545336663013219480, 3.345833333333339432 ) ) ;
#2711 = CARTESIAN_POINT ( 'NONE',  ( 1.115765045044719184, -1.166604439246867297, -6.551700649608549476 ) ) ;
#2712 = CARTESIAN_POINT ( 'NONE',  ( 0.7846828240533262333, 0.5754184668983765016, 6.525146117474439400 ) ) ;
#2713 = AXIS2_PLACEMENT_3D ( 'NONE', #5060, #2927, #4172 ) ;
#2714 = CARTESIAN_POINT ( 'NONE',  ( 1.338300807568907125, 0.7726683315065856483, -2.779166666666658791 ) ) ;
#2715 = CARTESIAN_POINT ( 'NONE',  ( -1.732050807568891404, 0.9999999999999933387, -0.8833333333333361903 ) ) ;
#2716 = LOCAL_TIME ( 4, 1, 0.000000000000000000, #600 ) ;
#2717 = CARTESIAN_POINT ( 'NONE',  ( -1.338300807568906459, 0.7726683315065870916, -3.245833333333325577 ) ) ;
#2718 = CARTESIAN_POINT ( 'NONE',  ( 2.878373097311964457E-15, -7.583768391913428139E-16, 6.235777398414734662 ) ) ;
#2719 =( BOUNDED_CURVE ( )  B_SPLINE_CURVE ( 3, ( #4583, #2381, #3746, #4552 ),
 .UNSPECIFIED., .F., .F. ) 
 B_SPLINE_CURVE_WITH_KNOTS ( ( 4, 4 ),
 ( 2.946332657651816067, 3.336852649527768833 ),
 .UNSPECIFIED. ) 
 CURVE ( )  GEOMETRIC_REPRESENTATION_ITEM ( )  RATIONAL_B_SPLINE_CURVE ( ( 1.000000000000000000, 0.9873315052531759228, 0.9873315052531759228, 1.000000000000000000 ) ) 
 REPRESENTATION_ITEM ( '' )  );
#2720 = CARTESIAN_POINT ( 'NONE',  ( -0.8922005383792713795, -1.545336663013218148, -2.370833333333326021 ) ) ;
#2721 = AXIS2_PLACEMENT_3D ( 'NONE', #1267, #2994, #4498 ) ;
#2722 = ORIENTED_EDGE ( 'NONE', *, *, #4772, .F. ) ;
#2723 = CARTESIAN_POINT ( 'NONE',  ( -2.449293598294727122E-16, -2.000000000000031530, 1.449999999999995515 ) ) ;
#2724 = CARTESIAN_POINT ( 'NONE',  ( 0.000000000000000000, 1.972154559199746693, 3.183923427258265715 ) ) ;
#2725 = CARTESIAN_POINT ( 'NONE',  ( -0.2536874259130506015, 1.978834712860431333, 5.519999999999999574 ) ) ;
#2726 = CARTESIAN_POINT ( 'NONE',  ( -1.338300807568906459, 0.7726683315065870916, -3.333333333333326820 ) ) ;
#2727 = CARTESIAN_POINT ( 'NONE',  ( -2.036042789131433661, -0.3177086615420595672, 6.129121368583844820 ) ) ;
#2728 = EDGE_LOOP ( 'NONE', ( #3537, #2690, #274, #4962 ) ) ;
#2729 = CARTESIAN_POINT ( 'NONE',  ( -1.060212407940686719, 1.314277064051755595, 2.394450452379015548 ) ) ;
#2730 = CARTESIAN_POINT ( 'NONE',  ( 0.8922005383792703803, -1.545336663013218592, -3.041666666666659857 ) ) ;
#2731 = AXIS2_PLACEMENT_3D ( 'NONE', #40, #1741, #5254 ) ;
#2732 = CARTESIAN_POINT ( 'NONE',  ( -2.449293598294727122E-16, -2.000000000000031530, 0.1375000000000017597 ) ) ;
#2733 = EDGE_CURVE ( 'NONE', #4997, #4432, #695, .T. ) ;
#2734 = CARTESIAN_POINT ( 'NONE',  ( -0.8922005383792712685, -1.545336663013217926, -3.158333333333326109 ) ) ;
#2735 = CARTESIAN_POINT ( 'NONE',  ( -0.8922005383792713795, -1.545336663013218370, 0.4291666666666728025 ) ) ;
#2736 = CARTESIAN_POINT ( 'NONE',  ( 0.2917822747240099712, 2.013052336805460918, 5.882448275415796957 ) ) ;
#2737 = ORIENTED_EDGE ( 'NONE', *, *, #2877, .T. ) ;
#2738 = LINE ( 'NONE', #2343, #933 ) ;
#2739 = CARTESIAN_POINT ( 'NONE',  ( 1.764863307568897088, -1.018944305707812692, 1.632291666666662477 ) ) ;
#2740 = CARTESIAN_POINT ( 'NONE',  ( 0.8922005383792717126, 1.545336663013187062, 2.879166666666673535 ) ) ;
#2741 = CARTESIAN_POINT ( 'NONE',  ( -1.647265239996096975, 0.8614782943899782497, -6.307688533910699391 ) ) ;
#2742 = DIRECTION ( 'NONE',  ( -8.881784197001252323E-16, -0.1045284632676538039, 0.9945218953682732899 ) ) ;
#2743 = CARTESIAN_POINT ( 'NONE',  ( -1.338300807568906459, 0.7726683315065870916, -3.245833333333325577 ) ) ;
#2744 = CARTESIAN_POINT ( 'NONE',  ( 2.101843025894437389, 0.2875512965274198418, 6.235886225069593891 ) ) ;
#2745 = AXIS2_PLACEMENT_3D ( 'NONE', #1923, #4495, #3216 ) ;
#2746 = DATE_AND_TIME ( #1928, #2716 ) ;
#2747 = CARTESIAN_POINT ( 'NONE',  ( -1.338300807568906459, 0.7726683315065872026, -4.645833333333325044 ) ) ;
#2748 = FACE_BOUND ( 'NONE', #1902, .T. ) ;
#2749 = CARTESIAN_POINT ( 'NONE',  ( -2.495693764988950272E-16, -2.037888611415608064, 0.07187500000000032752 ) ) ;
#2750 = VERTEX_POINT ( 'NONE', #4203 ) ;
#2751 = CARTESIAN_POINT ( 'NONE',  ( 1.388254980710438291, -0.6788324613521845574, 2.011250895266631922 ) ) ;
#2752 = CARTESIAN_POINT ( 'NONE',  ( 1.732050807568890960, -1.000000000000024425, 2.354166666666667851 ) ) ;
#2753 = CARTESIAN_POINT ( 'NONE',  ( 1.195615427793106367, -1.566132521548102119, -6.195934522962764923 ) ) ;
#2754 = CARTESIAN_POINT ( 'NONE',  ( -1.892491597964171594E-16, -1.545336663013218370, -3.099999999999992539 ) ) ;
#2755 = CARTESIAN_POINT ( 'NONE',  ( -1.892491597964171594E-16, -1.545336663013218814, 0.4000000000000066835 ) ) ;
#2756 = FACE_OUTER_BOUND ( 'NONE', #4539, .T. ) ;
#2757 = EDGE_LOOP ( 'NONE', ( #5255, #2443, #1266, #1771 ) ) ;
#2758 = DIRECTION ( 'NONE',  ( 0.000000000000000000, 1.224646799147352961E-16, -1.000000000000000000 ) ) ;
#2759 = CARTESIAN_POINT ( 'NONE',  ( 1.338300807568905793, -0.7726683315066174007, -0.8833333333333266424 ) ) ;
#2760 = CARTESIAN_POINT ( 'NONE',  ( 1.732050807568890960, -1.000000000000023981, -4.033333333333334991 ) ) ;
#2761 = CARTESIAN_POINT ( 'NONE',  ( 0.8922005383792703803, -1.545336663013218592, -3.741666666666659591 ) ) ;
#2762 = DIRECTION ( 'NONE',  ( 3.610727435731631286E-15, 1.000000000000000000, -0.000000000000000000 ) ) ;
#2763 = CARTESIAN_POINT ( 'NONE',  ( 0.2524519826797557709, -1.992423316400012245, 5.519999999999999574 ) ) ;
#2764 = ORIENTED_EDGE ( 'NONE', *, *, #2188, .T. ) ;
#2765 = EDGE_CURVE ( 'NONE', #3946, #670, #1174, .T. ) ;
#2766 = ADVANCED_FACE ( 'NONE', ( #1627 ), #3243, .T. ) ;
#2767 = CARTESIAN_POINT ( 'NONE',  ( -0.2084880638676658571, -2.035408447248774344, 5.519999999999999574 ) ) ;
#2768 = CARTESIAN_POINT ( 'NONE',  ( -1.892491597964171348E-16, -1.545336663013219036, 3.900000000000005684 ) ) ;
#2769 = CARTESIAN_POINT ( 'NONE',  ( -1.892491597964171594E-16, -1.545336663013219036, 2.587500000000006128 ) ) ;
#2770 = EDGE_LOOP ( 'NONE', ( #3981, #4563, #5034, #3386 ) ) ;
#2771 = CARTESIAN_POINT ( 'NONE',  ( 1.881334129213836359, -0.1840599086292728781, 2.947970444680389601 ) ) ;
#2772 = CARTESIAN_POINT ( 'NONE',  ( 0.3306731578647194580, -2.047395140491272691, 6.252470311563134153 ) ) ;
#2773 = CARTESIAN_POINT ( 'NONE',  ( -1.338300807568906459, -0.7726683315066161795, -3.129166666666658436 ) ) ;
#2774 = CARTESIAN_POINT ( 'NONE',  ( -1.154700538379260788, 2.000000000000001332, -0.9416666666666696495 ) ) ;
#2775 = EDGE_CURVE ( 'NONE', #5038, #3857, #1121, .T. ) ;
#2776 = CARTESIAN_POINT ( 'NONE',  ( 1.338300807568906015, -0.7726683315066171787, -2.895833333333325044 ) ) ;
#2777 = CARTESIAN_POINT ( 'NONE',  ( 0.8922005383792703803, -1.545336663013219258, 0.5458333333333403870 ) ) ;
#2778 = CARTESIAN_POINT ( 'NONE',  ( -1.176575538379265984, -2.037888611415607620, 0.01354166666666690999 ) ) ;
#2779 = ORIENTED_EDGE ( 'NONE', *, *, #2352, .T. ) ;
#2780 = CARTESIAN_POINT ( 'NONE',  ( -2.449293598294727122E-16, -2.000000000000031530, -0.5624999999999983347 ) ) ;
#2781 = CARTESIAN_POINT ( 'NONE',  ( -1.307619505034787855, 0.9601996686039468987, 2.212968232018762027 ) ) ;
#2782 = DIRECTION ( 'NONE',  ( 0.000000000000000000, -1.000000000000000000, 0.000000000000000000 ) ) ;
#2783 = CARTESIAN_POINT ( 'NONE',  ( -1.784401076758541649, -1.480083260998497128E-14, -3.274999999999992806 ) ) ;
#2784 = CARTESIAN_POINT ( 'NONE',  ( 0.8922005383792717126, 1.545336663013187284, 0.6916666666666733132 ) ) ;
#2785 = CARTESIAN_POINT ( 'NONE',  ( -2.030507742562560392, -0.2527098193844352636, 5.510698695193720908 ) ) ;
#2786 = ORIENTED_EDGE ( 'NONE', *, *, #3571, .T. ) ;
#2787 = CARTESIAN_POINT ( 'NONE',  ( -1.784401076758541649, -1.541162520105971630E-14, 1.712500000000006350 ) ) ;
#2788 = CARTESIAN_POINT ( 'NONE',  ( 0.8922005383792716016, 1.545336663013187062, -0.008333333333326777698 ) ) ;
#2789 = CARTESIAN_POINT ( 'NONE',  ( 1.784401076758541871, -1.529146312085715932E-14, -2.837499999999991918 ) ) ;
#2790 = CARTESIAN_POINT ( 'NONE',  ( 0.000000000000000000, -1.154211444396213704, 4.639527424989594806 ) ) ;
#2791 = DIRECTION ( 'NONE',  ( -0.9238795325112857393, 0.3826834323650920022, 0.000000000000000000 ) ) ;
#2792 = ORIENTED_EDGE ( 'NONE', *, *, #4834, .T. ) ;
#2793 = CARTESIAN_POINT ( 'NONE',  ( -0.2369099609811722018, -2.020202320488379222, 5.519999999999999574 ) ) ;
#2794 = CARTESIAN_POINT ( 'NONE',  ( -1.764863307568897755, 1.018944305707781384, 1.282291666666662833 ) ) ;
#2795 = CARTESIAN_POINT ( 'NONE',  ( 0.000000000000000000, -4.336808689942017736E-16, 5.123421556813454458 ) ) ;
#2796 = AXIS2_PLACEMENT_3D ( 'NONE', #2408, #2890, #4913 ) ;
#2797 = EDGE_CURVE ( 'NONE', #3306, #563, #2840, .T. ) ;
#2798 = CARTESIAN_POINT ( 'NONE',  ( 0.000000000000000000, -4.711997834488155533E-16, 6.599999999999999645 ) ) ;
#2799 = DIRECTION ( 'NONE',  ( -0.9945218953682734009, 3.590947493042048182E-15, 0.1045284632676538317 ) ) ;
#2800 = AXIS2_PLACEMENT_3D ( 'NONE', #5106, #5083, #859 ) ;
#2801 = CONICAL_SURFACE ( 'NONE', #2885, 2.050799999999993517, 0.3490658503988666728 ) ;
#2802 = CARTESIAN_POINT ( 'NONE',  ( -2.449293598294727122E-16, -2.000000000000031530, 0.8375000000000011324 ) ) ;
#2803 = EDGE_CURVE ( 'NONE', #1584, #1404, #1998, .T. ) ;
#2804 = AXIS2_PLACEMENT_3D ( 'NONE', #496, #80, #3423 ) ;
#2805 = CARTESIAN_POINT ( 'NONE',  ( 2.047395140491269139, -0.3306731578647323366, 6.252470311563133265 ) ) ;
#2806 = CARTESIAN_POINT ( 'NONE',  ( 1.764863307568898643, 1.018944305707779607, 1.005208333333333703 ) ) ;
#2807 = ORIENTED_EDGE ( 'NONE', *, *, #436, .F. ) ;
#2808 = CARTESIAN_POINT ( 'NONE',  ( 1.154700538379257901, -2.000000000000036859, -1.204166666666665497 ) ) ;
#2809 = VECTOR ( 'NONE', #3885, 999.9999999999998863 ) ;
#2810 = LINE ( 'NONE', #4084, #639 ) ;
#2811 = CARTESIAN_POINT ( 'NONE',  ( 0.3306731578647243430, 2.047395140491270915, 6.252470311563134153 ) ) ;
#2812 = CARTESIAN_POINT ( 'NONE',  ( 1.784401076758541649, -1.528074746136461905E-14, -2.924999999999992717 ) ) ;
#2813 = CARTESIAN_POINT ( 'NONE',  ( -1.732050807568891404, 0.9999999999999935607, -2.283333333333336768 ) ) ;
#2814 = CARTESIAN_POINT ( 'NONE',  ( -2.001945937724039837, -0.2791914058451403502, 5.762654160106874812 ) ) ;
#2815 = ORIENTED_EDGE ( 'NONE', *, *, #3360, .F. ) ;
#2816 = CARTESIAN_POINT ( 'NONE',  ( -1.338300807568906459, 0.7726683315065864255, 1.654166666666673224 ) ) ;
#2817 = CARTESIAN_POINT ( 'NONE',  ( -0.8922005383792712685, -1.545336663013218148, 0.3416666666666733354 ) ) ;
#2818 = AXIS2_PLACEMENT_3D ( 'NONE', #1048, #3220, #5327 ) ;
#2819 = CARTESIAN_POINT ( 'NONE',  ( 0.8922005383792704913, -1.545336663013219258, 0.5458333333333396098 ) ) ;
#2820 = DIRECTION ( 'NONE',  ( 0.000000000000000000, -1.000000000000000000, 0.000000000000000000 ) ) ;
#2821 = DIRECTION ( 'NONE',  ( 0.02078751127481425973, -0.1045058763748858977, 0.9943069954385902465 ) ) ;
#2822 = CARTESIAN_POINT ( 'NONE',  ( -1.338300807568906459, -0.7726683315066162905, -2.516666666666659946 ) ) ;
#2823 = AXIS2_PLACEMENT_3D ( 'NONE', #177, #4431, #1777 ) ;
#2824 = ORIENTED_EDGE ( 'NONE', *, *, #3983, .T. ) ;
#2825 = CARTESIAN_POINT ( 'NONE',  ( -0.06476160179829759667, 0.1563483373824601785, 0.2202409151620011163 ) ) ;
#2826 = CARTESIAN_POINT ( 'NONE',  ( 1.176575538379266428, 2.037888611415576534, 1.807291666666662966 ) ) ;
#2827 = CARTESIAN_POINT ( 'NONE',  ( 0.1563483373824595124, -0.06476160179829888730, 0.2202409151620008942 ) ) ;
#2828 = DIRECTION ( 'NONE',  ( 0.1045284632676537068, 0.000000000000000000, -0.9945218953682734009 ) ) ;
#2829 = CARTESIAN_POINT ( 'NONE',  ( 1.978834712860427780, -0.2536874259130768028, 5.519999999999999574 ) ) ;
#2830 = DIRECTION ( 'NONE',  ( 0.000000000000000000, -0.1045284632676535819, -0.9945218953682734009 ) ) ;
#2831 = CARTESIAN_POINT ( 'NONE',  ( 1.237294757821881142, 0.3987862243729430323, 6.620481711399901492 ) ) ;
#2832 = CARTESIAN_POINT ( 'NONE',  ( -0.8922005383792713795, -1.545336663013218370, 0.4291666666666740237 ) ) ;
#2833 = EDGE_LOOP ( 'NONE', ( #301, #3094, #1487, #2074 ) ) ;
#2834 = DIRECTION ( 'NONE',  ( -0.000000000000000000, -0.000000000000000000, 1.000000000000000000 ) ) ;
#2835 = EDGE_CURVE ( 'NONE', #3316, #5153, #3698, .T. ) ;
#2836 = CARTESIAN_POINT ( 'NONE',  ( -1.732050807568891626, -1.000000000000022649, -5.579166666666663943 ) ) ;
#2837 =( BOUNDED_CURVE ( )  B_SPLINE_CURVE ( 2, ( #1600, #2930, #812, #788, #3755, #2029, #2530 ),
 .UNSPECIFIED., .F., .F. ) 
 B_SPLINE_CURVE_WITH_KNOTS ( ( 3, 2, 2, 3 ),
 ( 0.4166666666666667407, 0.4444444444444444753, 0.4722222222222222654, 0.5000000000000000000 ),
 .UNSPECIFIED. ) 
 CURVE ( )  GEOMETRIC_REPRESENTATION_ITEM ( )  RATIONAL_B_SPLINE_CURVE ( ( 0.9999999999999994449, 0.8660254037844391517, 1.000000000000000000, 0.8660254037844385966, 1.000000000000000000, 0.8660254037844385966, 1.000000000000000000 ) ) 
 REPRESENTATION_ITEM ( '' )  );
#2838 = CARTESIAN_POINT ( 'NONE',  ( -1.132477349839652758, 1.430210403106780603, 2.766634412278886401 ) ) ;
#2839 = VECTOR ( 'NONE', #945, 1000.000000000000000 ) ;
#2840 = LINE ( 'NONE', #2416, #1264 ) ;
#2841 = CARTESIAN_POINT ( 'NONE',  ( -1.784401076758541871, -1.522945898968654430E-14, 0.2250000000000064448 ) ) ;
#2842 = CARTESIAN_POINT ( 'NONE',  ( -2.105291015454163084, -0.2808027965109906599, 6.256865758603368022 ) ) ;
#2843 = ORIENTED_EDGE ( 'NONE', *, *, #4195, .F. ) ;
#2844 = CARTESIAN_POINT ( 'NONE',  ( 2.309401076758522464, -1.534504141831985437E-14, -3.187499999999997780 ) ) ;
#2845 = ADVANCED_FACE ( 'NONE', ( #4146 ), #312, .T. ) ;
#2846 = CARTESIAN_POINT ( 'NONE',  ( 0.8922005383792703803, -1.545336663013218814, -0.2416666666666600072 ) ) ;
#2847 = CARTESIAN_POINT ( 'NONE',  ( -1.784401076758541871, -1.522945898968654745E-14, 0.2250000000000055844 ) ) ;
#2848 = CARTESIAN_POINT ( 'NONE',  ( 1.176575538379264652, -2.037888611415608064, -3.326041666666669006 ) ) ;
#2849 = CARTESIAN_POINT ( 'NONE',  ( 0.3246263058599742068, 2.070829558463233688, 6.244771762079859734 ) ) ;
#2850 = DIRECTION ( 'NONE',  ( -0.000000000000000000, -1.224646799147352961E-16, 1.000000000000000000 ) ) ;
#2851 = VERTEX_POINT ( 'NONE', #4559 ) ;
#2852 = CARTESIAN_POINT ( 'NONE',  ( -0.3987862243729307088, 1.237294757821884694, 6.620481711399902380 ) ) ;
#2853 = CARTESIAN_POINT ( 'NONE',  ( -1.764863307568897755, 1.018944305707781606, 0.5822916666666628771 ) ) ;
#2854 = CARTESIAN_POINT ( 'NONE',  ( 1.176575538379266428, 2.037888611415577422, -3.136458333333331350 ) ) ;
#2855 = CARTESIAN_POINT ( 'NONE',  ( -1.981229768641074918, -0.2536874259130720843, 5.519999999999999574 ) ) ;
#2856 = CARTESIAN_POINT ( 'NONE',  ( -0.8922005383792713795, -1.545336663013217926, -4.558333333333324688 ) ) ;
#2857 = VERTEX_POINT ( 'NONE', #837 ) ;
#2858 = CARTESIAN_POINT ( 'NONE',  ( 0.9369201757553785592, 0.9369201757553798915, 6.537525475611324133 ) ) ;
#2859 = CARTESIAN_POINT ( 'NONE',  ( -2.309401076758522020, -1.472582299353719568E-14, -3.625000000000002665 ) ) ;
#2860 = CARTESIAN_POINT ( 'NONE',  ( 0.2808027965899139722, 2.105291015521367548, 6.256865759336442068 ) ) ;
#2861 = ORIENTED_EDGE ( 'NONE', *, *, #4336, .T. ) ;
#2862 = CARTESIAN_POINT ( 'NONE',  ( 2.878373097311964457E-15, -2.159999999999993037, 6.599999999999998757 ) ) ;
#2863 = LINE ( 'NONE', #4589, #1724 ) ;
#2864 = DIRECTION ( 'NONE',  ( -0.000000000000000000, -1.224646799147352961E-16, 1.000000000000000000 ) ) ;
#2865 = ADVANCED_FACE ( 'NONE', ( #2982 ), #2211, .T. ) ;
#2866 = EDGE_CURVE ( 'NONE', #3616, #905, #941, .T. ) ;
#2867 = CARTESIAN_POINT ( 'NONE',  ( 0.2264348769808995354, 2.028047264935069371, 5.519999999999999574 ) ) ;
#2868 = CARTESIAN_POINT ( 'NONE',  ( 0.000000000000000000, 2.037888611415577866, 1.821875000000000355 ) ) ;
#2869 = ORIENTED_EDGE ( 'NONE', *, *, #1563, .F. ) ;
#2870 =( BOUNDED_SURFACE ( )  B_SPLINE_SURFACE ( 3, 2, ( 
 ( #3025, #1697, #2204 ),
 ( #1645, #2971, #802 ),
 ( #3362, #3408, #1221 ),
 ( #5079, #2947, #4632 ) ),
 .UNSPECIFIED., .F., .F., .F. ) 
 B_SPLINE_SURFACE_WITH_KNOTS ( ( 4, 4 ),
 ( 3, 3 ),
 ( 0.001369727106715219181, 0.002118290325405051532 ),
 ( 0.000000000000000000, 1.000000000000000000 ),
 .UNSPECIFIED. ) 
 GEOMETRIC_REPRESENTATION_ITEM ( )  RATIONAL_B_SPLINE_SURFACE ( (
 ( 1.000000000000000000, 0.7555429849831082345, 1.000000000000000000),
 ( 1.000000000000000000, 0.7519723189654580198, 1.000000000000000000),
 ( 1.000000000000000000, 0.7482425841851629844, 1.000000000000000000),
 ( 1.000000000000000000, 0.7443298147724265457, 1.000000000000000000) ) ) 
 REPRESENTATION_ITEM ( '' )  SURFACE ( )  );
#2871 = CARTESIAN_POINT ( 'NONE',  ( 0.2785322625646440842, 2.103356807430387221, 6.235777398414628969 ) ) ;
#2872 = CARTESIAN_POINT ( 'NONE',  ( -1.764863307568897977, -1.018944305707811138, -2.101041666666669805 ) ) ;
#2873 = ORIENTED_EDGE ( 'NONE', *, *, #5149, .T. ) ;
#2874 = CARTESIAN_POINT ( 'NONE',  ( -1.892491597964171594E-16, -1.545336663013219258, 3.287500000000006306 ) ) ;
#2875 = EDGE_CURVE ( 'NONE', #410, #1137, #213, .T. ) ;
#2876 = CARTESIAN_POINT ( 'NONE',  ( 0.2482975461353615632, 1.954307010994124738, 3.167339770921878905 ) ) ;
#2877 = EDGE_CURVE ( 'NONE', #3224, #1537, #5107, .T. ) ;
#2878 = CARTESIAN_POINT ( 'NONE',  ( 1.176575538379266428, 2.037888611415577422, -5.192708333333335702 ) ) ;
#2879 = CARTESIAN_POINT ( 'NONE',  ( 0.000000000000000000, 2.000000000000001332, 1.099999999999996758 ) ) ;
#2880 = FACE_OUTER_BOUND ( 'NONE', #3184, .T. ) ;
#2881 = EDGE_LOOP ( 'NONE', ( #1727, #2043, #3661, #840 ) ) ;
#2882 = CARTESIAN_POINT ( 'NONE',  ( -0.8922005383792707134, 1.545336663013187950, 0.8083333333333390103 ) ) ;
#2883 = LINE ( 'NONE', #3771, #3690 ) ;
#2884 = CARTESIAN_POINT ( 'NONE',  ( -1.176575538379265984, -2.037888611415607176, -2.786458333333331261 ) ) ;
#2885 = AXIS2_PLACEMENT_3D ( 'NONE', #1145, #2864, #1599 ) ;
#2886 = CARTESIAN_POINT ( 'NONE',  ( -1.992423316400010913, -0.2524519826797634869, 5.519999999999999574 ) ) ;
#2887 = CARTESIAN_POINT ( 'NONE',  ( -0.8922005383792708244, 1.545336663013188394, -3.391666666666659058 ) ) ;
#2888 = VERTEX_POINT ( 'NONE', #1869 ) ;
#2889 = AXIS2_PLACEMENT_3D ( 'NONE', #2439, #1504, #3221 ) ;
#2890 = DIRECTION ( 'NONE',  ( 0.02078751127481448524, 0.1045058763748857034, 0.9943069954385902465 ) ) ;
#2891 = DIRECTION ( 'NONE',  ( 0.3826834323650930569, -0.9238795325112854062, 0.000000000000000000 ) ) ;
#2892 = CARTESIAN_POINT ( 'NONE',  ( 0.8922005383792704913, -1.545336663013219258, 0.5458333333333404980 ) ) ;
#2893 = VECTOR ( 'NONE', #4514, 1000.000000000000114 ) ;
#2894 = ORIENTED_EDGE ( 'NONE', *, *, #1009, .F. ) ;
#2895 = CARTESIAN_POINT ( 'NONE',  ( 2.028667683851147707, 0.2261220390463075380, 5.519999999999999574 ) ) ;
#2896 = FACE_OUTER_BOUND ( 'NONE', #4453, .T. ) ;
#2897 = AXIS2_PLACEMENT_3D ( 'NONE', #3339, #5478, #3311 ) ;
#2898 = CARTESIAN_POINT ( 'NONE',  ( 1.732050807568890960, -1.000000000000024425, 0.1666666666666630769 ) ) ;
#2899 = CARTESIAN_POINT ( 'NONE',  ( -0.3987862243729414224, -1.237294757821883362, 6.620481711399901492 ) ) ;
#2900 = CARTESIAN_POINT ( 'NONE',  ( -0.8922005383792713795, -1.545336663013217926, -5.870833333333325577 ) ) ;
#2901 = APPROVAL_PERSON_ORGANIZATION ( #1809, #1269, #540 ) ;
#2902 = CARTESIAN_POINT ( 'NONE',  ( -2.495693764988950272E-16, -2.037888611415608509, 2.871874999999999734 ) ) ;
#2903 = ORIENTED_EDGE ( 'NONE', *, *, #2151, .F. ) ;
#2904 = CARTESIAN_POINT ( 'NONE',  ( -1.985340245443574236, 0.2536874259130892373, 5.519999999999999574 ) ) ;
#2905 = CARTESIAN_POINT ( 'NONE',  ( -2.495693764988950272E-16, -2.037888611415607620, -2.684375000000003730 ) ) ;
#2906 = B_SPLINE_CURVE_WITH_KNOTS ( 'NONE', 3,
 ( #49, #3389, #4742, #3852, #5135, #2950, #2631 ),
 .UNSPECIFIED., .F., .F.,
 ( 4, 3, 4 ),
 ( 8.741117365843378158E-19, 0.0003660475592682719257, 0.0007396894117281292095 ),
 .UNSPECIFIED. ) ;
#2907 = ORIENTED_EDGE ( 'NONE', *, *, #3654, .F. ) ;
#2908 = CARTESIAN_POINT ( 'NONE',  ( -0.8922005383792713795, -1.545336663013218592, 2.529166666666672114 ) ) ;
#2909 = CARTESIAN_POINT ( 'NONE',  ( 1.244583531290661904, 1.488142639543486245, 3.084622364814332496 ) ) ;
#2910 = CARTESIAN_POINT ( 'NONE',  ( 0.2531639068560449513, -2.081652904448894947, 6.000216650052477618 ) ) ;
#2911 = CARTESIAN_POINT ( 'NONE',  ( -1.338300807568906459, 0.7726683315065867586, -0.4458333333333258652 ) ) ;
#2912 = CYLINDRICAL_SURFACE ( 'NONE', #3880, 2.000000000000000888 ) ;
#2913 = ORIENTED_EDGE ( 'NONE', *, *, #431, .F. ) ;
#2914 = CARTESIAN_POINT ( 'NONE',  ( 0.000000000000000000, 1.791612637214383019, 0.9796875000000040412 ) ) ;
#2915 = ADVANCED_FACE ( 'NONE', ( #2748, #5301 ), #1478, .T. ) ;
#2916 = CARTESIAN_POINT ( 'NONE',  ( 1.764863307568897088, -1.018944305707812026, -5.411458333333331261 ) ) ;
#2917 = CARTESIAN_POINT ( 'NONE',  ( -2.015786671495917393, -0.2409104857557430313, 5.519999999999999574 ) ) ;
#2918 = VECTOR ( 'NONE', #3842, 1000.000000000000114 ) ;
#2919 = B_SPLINE_CURVE_WITH_KNOTS ( 'NONE', 3,
 ( #2999, #3878, #46, #4688, #3825, #5524, #1825 ),
 .UNSPECIFIED., .F., .F.,
 ( 4, 3, 4 ),
 ( 0.000000000000000000, 0.0003736418555128507971, 0.0007396894177720638765 ),
 .UNSPECIFIED. ) ;
#2920 = CARTESIAN_POINT ( 'NONE',  ( 2.024596751003747919, -0.3047449643597363034, 6.005780028916996471 ) ) ;
#2921 = ORIENTED_EDGE ( 'NONE', *, *, #5498, .T. ) ;
#2922 = EDGE_CURVE ( 'NONE', #87, #2103, #141, .T. ) ;
#2923 = DIRECTION ( 'NONE',  ( 1.000000000000000000, 0.000000000000000000, 0.000000000000000000 ) ) ;
#2924 = CARTESIAN_POINT ( 'NONE',  ( 1.732050807568890960, -1.000000000000023981, -6.045833333333329840 ) ) ;
#2925 = CARTESIAN_POINT ( 'NONE',  ( 0.8922005383792704913, -1.545336663013219258, -0.1541666666666592356 ) ) ;
#2926 = ORIENTED_EDGE ( 'NONE', *, *, #1827, .T. ) ;
#2927 = DIRECTION ( 'NONE',  ( 0.9188184237650779407, 0.3805870524817688838, -0.1045284632676536929 ) ) ;
#2928 = ADVANCED_FACE ( 'NONE', ( #572 ), #4855, .T. ) ;
#2929 = CARTESIAN_POINT ( 'NONE',  ( -1.232339419168087868, -1.123494575956383690, 2.337649374449962902 ) ) ;
#2930 = CARTESIAN_POINT ( 'NONE',  ( -1.154700538379264341, -2.000000000000026645, -1.320833333333331971 ) ) ;
#2931 = ORIENTED_EDGE ( 'NONE', *, *, #5084, .F. ) ;
#2932 = DIRECTION ( 'NONE',  ( -0.000000000000000000, -1.224646799147353207E-16, 1.000000000000000000 ) ) ;
#2933 = CARTESIAN_POINT ( 'NONE',  ( -2.353151076758530191, -1.490263137516409440E-14, -2.159375000000003375 ) ) ;
#2934 = VECTOR ( 'NONE', #2239, 1000.000000000000000 ) ;
#2935 = CARTESIAN_POINT ( 'NONE',  ( 1.784401076758541871, -1.597726532837967362E-14, 2.762500000000006839 ) ) ;
#2936 = CARTESIAN_POINT ( 'NONE',  ( 0.2471153703780789579, -1.804763001402317490, 2.758732542763715934 ) ) ;
#2937 = CARTESIAN_POINT ( 'NONE',  ( -1.764863307568897977, -1.018944305707811138, -1.444791666666665808 ) ) ;
#2938 = CARTESIAN_POINT ( 'NONE',  ( -1.338300807568906459, -0.7726683315066164015, -1.729166666666659191 ) ) ;
#2939 = CARTESIAN_POINT ( 'NONE',  ( -1.338300807568906459, -0.7726683315066165125, -1.116666666666660257 ) ) ;
#2940 = VERTEX_POINT ( 'NONE', #2264 ) ;
#2941 = DIRECTION ( 'NONE',  ( 0.000000000000000000, -1.000000000000000000, 0.000000000000000000 ) ) ;
#2942 = CARTESIAN_POINT ( 'NONE',  ( 1.475913760526843976, -0.4995647559735631460, 2.011250895266627481 ) ) ;
#2943 = CARTESIAN_POINT ( 'NONE',  ( 1.176575538379266428, 2.037888611415577866, -5.936458333333330728 ) ) ;
#2944 = CARTESIAN_POINT ( 'NONE',  ( -0.8922005383792712685, -1.545336663013217482, -6.658333333333326109 ) ) ;
#2945 = EDGE_CURVE ( 'NONE', #2554, #882, #1072, .T. ) ;
#2946 = ADVANCED_FACE ( 'NONE', ( #3222 ), #2164, .F. ) ;
#2947 = CARTESIAN_POINT ( 'NONE',  ( -0.2527098193568892426, -2.030507742538258942, 5.510698694931666530 ) ) ;
#2948 = VERTEX_POINT ( 'NONE', #604 ) ;
#2949 = CARTESIAN_POINT ( 'NONE',  ( 1.485993269903373189E-13, -1.692336492930013980, 2.415129608626719548 ) ) ;
#2950 = CARTESIAN_POINT ( 'NONE',  ( -0.3177086153809038360, 2.036042748710475081, 6.129120929389994643 ) ) ;
#2951 = ORIENTED_EDGE ( 'NONE', *, *, #664, .F. ) ;
#2952 = ADVANCED_FACE ( 'NONE', ( #5218 ), #2346, .T. ) ;
#2953 = ORIENTED_EDGE ( 'NONE', *, *, #361, .T. ) ;
#2954 = CARTESIAN_POINT ( 'NONE',  ( -0.2831209356723915493, -1.214287501422804727, 5.519999999999999574 ) ) ;
#2955 = CARTESIAN_POINT ( 'NONE',  ( 0.000000000000000000, 2.000000000000002220, -5.812499999999996447 ) ) ;
#2956 = CARTESIAN_POINT ( 'NONE',  ( 2.025060412306147306, -0.3051615948941177603, 6.009744003663859857 ) ) ;
#2957 = DIRECTION ( 'NONE',  ( 0.000000000000000000, -0.1045284632676539566, 0.9945218953682732899 ) ) ;
#2958 = EDGE_LOOP ( 'NONE', ( #1378, #4636, #5014, #1280 ) ) ;
#2959 = CYLINDRICAL_SURFACE ( 'NONE', #2447, 0.3888000000000001455 ) ;
#2960 = CARTESIAN_POINT ( 'NONE',  ( 2.353151076758530191, -1.569330035182737850E-14, -0.4093750000000034306 ) ) ;
#2961 = CARTESIAN_POINT ( 'NONE',  ( 1.784401076758541871, -1.614871588026030536E-14, 4.162500000000005862 ) ) ;
#2962 = CARTESIAN_POINT ( 'NONE',  ( 0.9453717210372302171, 1.705666110183833073, 3.112676535156216229 ) ) ;
#2963 = CARTESIAN_POINT ( 'NONE',  ( -1.176575538379264874, 2.037888611415577866, -0.9197916666666654528 ) ) ;
#2964 = CARTESIAN_POINT ( 'NONE',  ( 1.338300807568907125, 0.7726683315065856483, -2.079166666666659502 ) ) ;
#2965 = CARTESIAN_POINT ( 'NONE',  ( 0.8922005383792718236, 1.545336663013187284, -0.7083333333333270421 ) ) ;
#2966 = ORIENTED_EDGE ( 'NONE', *, *, #3109, .F. ) ;
#2967 = CARTESIAN_POINT ( 'NONE',  ( -1.784401076758541649, -1.540090954156717603E-14, 1.625000000000005329 ) ) ;
#2968 = CARTESIAN_POINT ( 'NONE',  ( 2.309401076758522464, -1.568794252208111152E-14, -0.3874999999999981237 ) ) ;
#2969 = CARTESIAN_POINT ( 'NONE',  ( -2.353151076758530191, -1.472582299353719884E-14, -3.603124999999998135 ) ) ;
#2970 = CARTESIAN_POINT ( 'NONE',  ( -1.338300807568906237, 0.7726683315065873137, -6.133333333333325754 ) ) ;
#2971 = CARTESIAN_POINT ( 'NONE',  ( -0.3045459121027662697, -2.075861296725637128, 6.003886173198518250 ) ) ;
#2972 = ORIENTED_EDGE ( 'NONE', *, *, #4911, .F. ) ;
#2973 = B_SPLINE_CURVE_WITH_KNOTS ( 'NONE', 3,
 ( #2949, #3053, #5160, #3463, #1333, #2579, #4741, #908, #386, #411, #4196, #1648, #3027, #805, #359, #1276, #2075, #3777, #2974, #3001, #5105, #3388, #2551, #1676, #5527, #4301 ),
 .UNSPECIFIED., .F., .F.,
 ( 4, 2, 2, 2, 2, 2, 2, 2, 2, 2, 2, 2, 4 ),
 ( 0.007098995029985354782, 0.007440898089777491474, 0.007782801149569628166, 0.008466607269153901549, 0.009150413388738174933, 0.009492316448530310757, 0.009834219508322448317, 0.01051802562790672170, 0.01085992868769885752, 0.01120183174749099508, 0.01154373480728313091, 0.01188563786707526673, 0.01256944398665954185 ),
 .UNSPECIFIED. ) ;
#2974 = CARTESIAN_POINT ( 'NONE',  ( 1.310707213456751896, 1.194090411658296214, 2.626839433839082361 ) ) ;
#2975 = DIRECTION ( 'NONE',  ( -1.776356839400250465E-15, -1.000000000000000000, -4.088014841577983274E-16 ) ) ;
#2976 = ORIENTED_EDGE ( 'NONE', *, *, #4435, .F. ) ;
#2977 = CARTESIAN_POINT ( 'NONE',  ( -0.8922005383792712685, -1.545336663013218370, 1.041666666666672292 ) ) ;
#2978 = CARTESIAN_POINT ( 'NONE',  ( 0.3987862243729393130, -1.237294757821883806, 6.620481711399901492 ) ) ;
#2979 = ADVANCED_FACE ( 'NONE', ( #1394 ), #2686, .T. ) ;
#2980 = CARTESIAN_POINT ( 'NONE',  ( -0.8922005383792713795, -1.545336663013217704, -5.870833333333325577 ) ) ;
#2981 = AXIS2_PLACEMENT_3D ( 'NONE', #759, #2477, #3492 ) ;
#2982 = FACE_OUTER_BOUND ( 'NONE', #3701, .T. ) ;
#2983 = ORIENTED_EDGE ( 'NONE', *, *, #4938, .F. ) ;
#2984 = AXIS2_PLACEMENT_3D ( 'NONE', #4794, #3565, #2742 ) ;
#2985 = CARTESIAN_POINT ( 'NONE',  ( -1.176575538379265984, -2.037888611415607176, -3.442708333333337034 ) ) ;
#2986 = CARTESIAN_POINT ( 'NONE',  ( -1.784401076758541871, -1.548663481750749189E-14, 2.325000000000005951 ) ) ;
#2987 = CARTESIAN_POINT ( 'NONE',  ( 1.338300807568907125, 0.7726683315065860924, -6.366666666666659147 ) ) ;
#2988 =( BOUNDED_CURVE ( )  B_SPLINE_CURVE ( 2, ( #2386, #1874, #1425, #4057, #1966, #2692, #3579 ),
 .UNSPECIFIED., .F., .F. ) 
 B_SPLINE_CURVE_WITH_KNOTS ( ( 3, 2, 2, 3 ),
 ( 0.9166666666666669627, 0.9444444444444446418, 0.9722222222222223209, 1.000000000000000000 ),
 .UNSPECIFIED. ) 
 CURVE ( )  GEOMETRIC_REPRESENTATION_ITEM ( )  RATIONAL_B_SPLINE_CURVE ( ( 0.9999999999999984457, 0.8660254037844402619, 1.000000000000000000, 0.8660254037844387076, 1.000000000000000000, 0.8660254037844387076, 1.000000000000000000 ) ) 
 REPRESENTATION_ITEM ( '' )  );
#2989 = VECTOR ( 'NONE', #5334, 1000.000000000000000 ) ;
#2990 = CARTESIAN_POINT ( 'NONE',  ( 1.764863307568897088, -1.018944305707812470, -0.5114583333333329040 ) ) ;
#2991 = CARTESIAN_POINT ( 'NONE',  ( -0.8922005383792713795, -1.545336663013218370, -0.2708333333333260429 ) ) ;
#2992 = CARTESIAN_POINT ( 'NONE',  ( 0.8922005383792703803, -1.545336663013219258, -0.2416666666666600349 ) ) ;
#2993 = ORIENTED_EDGE ( 'NONE', *, *, #2633, .T. ) ;
#2994 = DIRECTION ( 'NONE',  ( -0.000000000000000000, -1.224646799147353207E-16, 1.000000000000000000 ) ) ;
#2995 = DIRECTION ( 'NONE',  ( -0.000000000000000000, 1.000000000000000000, -0.000000000000000000 ) ) ;
#2996 = AXIS2_PLACEMENT_3D ( 'NONE', #2445, #2027, #5421 ) ;
#2997 = CARTESIAN_POINT ( 'NONE',  ( -1.338300807568906459, -0.7726683315066160684, -3.829166666666658614 ) ) ;
#2998 = CARTESIAN_POINT ( 'NONE',  ( 1.154700538379261232, 2.000000000000003553, -3.770833333333329485 ) ) ;
#2999 = CARTESIAN_POINT ( 'NONE',  ( -0.3306731578647240100, -2.047395140491270471, 6.252470311563131489 ) ) ;
#3000 = VERTEX_POINT ( 'NONE', #132 ) ;
#3001 = CARTESIAN_POINT ( 'NONE',  ( 1.149293076347240428, 1.355910615253141271, 2.638907305166346973 ) ) ;
#3002 = CARTESIAN_POINT ( 'NONE',  ( -1.154700538379263230, 1.999999999999997113, -0.8541666666666637431 ) ) ;
#3003 = CARTESIAN_POINT ( 'NONE',  ( 1.338300807568906015, -0.7726683315066169566, -4.995833333333325577 ) ) ;
#3004 = VERTEX_POINT ( 'NONE', #1837 ) ;
#3005 = CARTESIAN_POINT ( 'NONE',  ( 1.338300807568905793, -0.7726683315066176228, 1.216666666666672114 ) ) ;
#3006 = CARTESIAN_POINT ( 'NONE',  ( -1.338300807568906459, 0.7726683315065867586, -0.4458333333333258652 ) ) ;
#3007 = EDGE_CURVE ( 'NONE', #960, #3769, #3545, .T. ) ;
#3008 = EDGE_CURVE ( 'NONE', #1154, #1574, #4746, .T. ) ;
#3009 = ORIENTED_EDGE ( 'NONE', *, *, #5487, .F. ) ;
#3010 = CARTESIAN_POINT ( 'NONE',  ( -1.154700538379259234, -2.000000000000036415, 1.479166666666668517 ) ) ;
#3011 = FACE_OUTER_BOUND ( 'NONE', #1819, .T. ) ;
#3012 = AXIS2_PLACEMENT_3D ( 'NONE', #4243, #1585, #1613 ) ;
#3013 = CARTESIAN_POINT ( 'NONE',  ( 0.8922005383792704913, -1.545336663013219480, 3.258333333333339077 ) ) ;
#3014 = CARTESIAN_POINT ( 'NONE',  ( -0.5796835725955098439, 0.7889479297504727873, 6.578166142129787453 ) ) ;
#3015 = CARTESIAN_POINT ( 'NONE',  ( 0.2404727044812629277, -2.070665766310616718, 5.882449592809440908 ) ) ;
#3016 = EDGE_CURVE ( 'NONE', #4699, #1014, #4483, .T. ) ;
#3017 = CARTESIAN_POINT ( 'NONE',  ( -0.8922005383792707134, 1.545336663013188172, -1.291666666666660079 ) ) ;
#3018 = ORIENTED_EDGE ( 'NONE', *, *, #1769, .T. ) ;
#3019 = DIRECTION ( 'NONE',  ( 0.1045284632676538039, 0.000000000000000000, 0.9945218953682732899 ) ) ;
#3020 = VECTOR ( 'NONE', #1400, 999.9999999999998863 ) ;
#3021 = CARTESIAN_POINT ( 'NONE',  ( -1.154700538379263453, 1.999999999999997335, -3.041666666666669183 ) ) ;
#3022 = CARTESIAN_POINT ( 'NONE',  ( 0.8922005383792717126, 1.545336663013187950, -3.420833333333325843 ) ) ;
#3023 =( BOUNDED_CURVE ( )  B_SPLINE_CURVE ( 2, ( #654, #3276, #3244, #1557, #1500, #1985, #4967 ),
 .UNSPECIFIED., .F., .F. ) 
 B_SPLINE_CURVE_WITH_KNOTS ( ( 3, 2, 2, 3 ),
 ( 0.7500000000000000000, 0.7777777777777776791, 0.8055555555555554692, 0.8333333333333331483 ),
 .UNSPECIFIED. ) 
 CURVE ( )  GEOMETRIC_REPRESENTATION_ITEM ( )  RATIONAL_B_SPLINE_CURVE ( ( 1.000000000000000000, 0.8660254037844385966, 1.000000000000000000, 0.8660254037844385966, 1.000000000000000000, 0.8660254037844397068, 0.9999999999999988898 ) ) 
 REPRESENTATION_ITEM ( '' )  );
#3024 = CARTESIAN_POINT ( 'NONE',  ( -0.8922005383792707134, 1.545336663013188394, -5.491666666666660035 ) ) ;
#3025 = CARTESIAN_POINT ( 'NONE',  ( -0.3311351379778674775, -2.047799633069836478, 6.256865758730180360 ) ) ;
#3026 = VERTEX_POINT ( 'NONE', #3282 ) ;
#3027 = CARTESIAN_POINT ( 'NONE',  ( 1.745710513927176244, -0.07342288511724685829, 2.555689559176138825 ) ) ;
#3028 = CARTESIAN_POINT ( 'NONE',  ( -1.732050807568891404, 0.9999999999999931166, -0.7958333333333307280 ) ) ;
#3029 = ADVANCED_BREP_SHAPE_REPRESENTATION ( '92000A220_Passivated 18-8 Stainless Steel Pan Head Phillips Screws', ( #1386, #1368 ), #1642 ) ;
#3030 = CARTESIAN_POINT ( 'NONE',  ( 0.8922005383792717126, 1.545336663013188394, -6.220833333333324333 ) ) ;
#3031 = CARTESIAN_POINT ( 'NONE',  ( -1.338300807568906237, 0.7726683315065865365, 0.1666666666666724583 ) ) ;
#3032 = CALENDAR_DATE ( 2026, 8, 1 ) ;
#3033 = CARTESIAN_POINT ( 'NONE',  ( 1.338300807568906015, -0.7726683315066169566, -4.995833333333325577 ) ) ;
#3034 = CARTESIAN_POINT ( 'NONE',  ( -0.5754184668983750583, -0.7846828240533287868, 6.525146117474438512 ) ) ;
#3035 = VERTEX_POINT ( 'NONE', #272 ) ;
#3036 = LINE ( 'NONE', #4725, #3869 ) ;
#3037 = DIRECTION ( 'NONE',  ( -0.000000000000000000, -1.224646799147352961E-16, 1.000000000000000000 ) ) ;
#3038 = B_SPLINE_CURVE_WITH_KNOTS ( 'NONE', 3,
 ( #4058, #1816, #522, #1483, #636, #2693, #3581, #4393, #198, #2362, #5277, #1907, #226, #1510, #4831, #2271 ),
 .UNSPECIFIED., .F., .F.,
 ( 4, 3, 3, 3, 3, 4 ),
 ( 0.000000000000000000, 1.951659774944373751E-05, 3.904046944299416756E-05, 5.846509702378236984E-05, 7.786063186805363789E-05, 8.495776698237778924E-05 ),
 .UNSPECIFIED. ) ;
#3039 = CARTESIAN_POINT ( 'NONE',  ( -0.8922005383792713795, -1.545336663013218592, 3.141666666666672381 ) ) ;
#3040 = CARTESIAN_POINT ( 'NONE',  ( 0.8922005383792718236, 1.545336663013187950, -4.208333333333325932 ) ) ;
#3041 = CARTESIAN_POINT ( 'NONE',  ( -1.892491597964171594E-16, -1.545336663013218592, -1.699999999999993294 ) ) ;
#3042 = CARTESIAN_POINT ( 'NONE',  ( -0.8922005383792713795, -1.545336663013218148, -1.758333333333326864 ) ) ;
#3043 = ORIENTED_EDGE ( 'NONE', *, *, #4359, .T. ) ;
#3044 = CARTESIAN_POINT ( 'NONE',  ( 0.000000000000000000, 2.000000000000001332, -0.2124999999999974964 ) ) ;
#3045 = PLANE ( 'NONE',  #5380 ) ;
#3046 = CARTESIAN_POINT ( 'NONE',  ( -1.338300807568906459, -0.7726683315066158464, -5.929166666666659147 ) ) ;
#3047 = EDGE_CURVE ( 'NONE', #1292, #3000, #2629, .T. ) ;
#3048 = CARTESIAN_POINT ( 'NONE',  ( 0.000000000000000000, 1.545336663013188616, -6.249999999999992895 ) ) ;
#3049 = CARTESIAN_POINT ( 'NONE',  ( -1.784401076758541871, -1.541162520105971630E-14, 1.712500000000006128 ) ) ;
#3050 = CARTESIAN_POINT ( 'NONE',  ( -0.3672000000000026354, 3.086462557767456977E-15, 6.599999999999999645 ) ) ;
#3051 = ORIENTED_EDGE ( 'NONE', *, *, #29, .F. ) ;
#3052 =( BOUNDED_SURFACE ( )  B_SPLINE_SURFACE ( 3, 2, ( 
 ( #5145, #5119, #3450 ),
 ( #3864, #1316, #5167 ),
 ( #1342, #5512, #1787 ),
 ( #5193, #446, #3088 ) ),
 .UNSPECIFIED., .F., .F., .F. ) 
 B_SPLINE_SURFACE_WITH_KNOTS ( ( 4, 4 ),
 ( 3, 3 ),
 ( 0.001369727106715214627, 0.002118290325405048063 ),
 ( 0.000000000000000000, 1.000000000000000000 ),
 .UNSPECIFIED. ) 
 GEOMETRIC_REPRESENTATION_ITEM ( )  RATIONAL_B_SPLINE_SURFACE ( (
 ( 1.000000000000000000, 0.7555429849831082345, 1.000000000000000000),
 ( 1.000000000000000000, 0.7519723189654565765, 1.000000000000000000),
 ( 1.000000000000000000, 0.7482425841851620962, 1.000000000000000000),
 ( 1.000000000000000000, 0.7443298147724254354, 1.000000000000000000) ) ) 
 REPRESENTATION_ITEM ( '' )  SURFACE ( )  );
#3053 = CARTESIAN_POINT ( 'NONE',  ( 0.1147110325718037893, -1.694396300966600544, 2.420788884695680210 ) ) ;
#3054 = DIRECTION ( 'NONE',  ( 1.000000000000000000, 7.993605777301127091E-15, 0.000000000000000000 ) ) ;
#3055 = CARTESIAN_POINT ( 'NONE',  ( 0.000000000000000000, 1.545336663013188616, -4.762499999999992184 ) ) ;
#3056 = CARTESIAN_POINT ( 'NONE',  ( -1.784401076758541649, -1.548663481750749189E-14, 2.325000000000005951 ) ) ;
#3057 = CARTESIAN_POINT ( 'NONE',  ( 1.732050807568892514, 0.9999999999999917843, -1.816666666666669983 ) ) ;
#3058 = CARTESIAN_POINT ( 'NONE',  ( 0.000000000000000000, 1.545336663013188616, -5.462499999999991473 ) ) ;
#3059 = CARTESIAN_POINT ( 'NONE',  ( 0.000000000000000000, 1.545336663013188394, -2.662499999999992539 ) ) ;
#3060 = B_SPLINE_CURVE_WITH_KNOTS ( 'NONE', 3,
 ( #2375, #564, #2286, #1070, #1857, #5322, #3595, #2793, #1524, #4933, #3240, #3154, #2767, #3624, #1102, #4072 ),
 .UNSPECIFIED., .F., .F.,
 ( 4, 3, 3, 3, 3, 4 ),
 ( 0.000000000000000000, 1.951659774944416442E-05, 3.904046944299481808E-05, 5.846509702378343372E-05, 7.786063186805396315E-05, 8.495776698237831779E-05 ),
 .UNSPECIFIED. ) ;
#3061 = ORIENTED_EDGE ( 'NONE', *, *, #3180, .T. ) ;
#3062 = CARTESIAN_POINT ( 'NONE',  ( -0.2536874259130574294, 1.311313062439116717, 5.519999999999999574 ) ) ;
#3063 = CARTESIAN_POINT ( 'NONE',  ( 1.573216322353789165, -0.03306662822506747229, 2.073056070034466902 ) ) ;
#3064 = AXIS2_PLACEMENT_3D ( 'NONE', #3605, #4415, #4885 ) ;
#3065 = CARTESIAN_POINT ( 'NONE',  ( -1.338300807568906459, -0.7726683315066169566, 2.383333333333338633 ) ) ;
#3066 = CARTESIAN_POINT ( 'NONE',  ( 0.000000000000000000, 1.545336663013188616, -5.549999999999992717 ) ) ;
#3067 = CARTESIAN_POINT ( 'NONE',  ( -0.8922005383792713795, -1.545336663013218148, -1.758333333333326642 ) ) ;
#3068 = AXIS2_PLACEMENT_3D ( 'NONE', #937, #4383, #986 ) ;
#3069 = DIRECTION ( 'NONE',  ( 1.000000000000000000, -1.224646799147353207E-16, -1.499759782661857608E-32 ) ) ;
#3070 = EDGE_LOOP ( 'NONE', ( #1628, #3967, #2550, #4135 ) ) ;
#3071 = CARTESIAN_POINT ( 'NONE',  ( -2.449293598294727122E-16, -2.000000000000031086, -4.062499999999996447 ) ) ;
#3072 = CARTESIAN_POINT ( 'NONE',  ( 1.732050807568892514, 0.9999999999999911182, 2.383333333333329751 ) ) ;
#3073 = CARTESIAN_POINT ( 'NONE',  ( -1.784401076758541871, -1.446864716571625440E-14, -5.987499999999991829 ) ) ;
#3074 = CARTESIAN_POINT ( 'NONE',  ( -1.176575538379264874, 2.037888611415578755, -7.176041666666669094 ) ) ;
#3075 = CARTESIAN_POINT ( 'NONE',  ( 0.8922005383792704913, -1.545336663013219480, 1.945833333333339299 ) ) ;
#3076 = CARTESIAN_POINT ( 'NONE',  ( 0.000000000000000000, -3.951999999999998181, 5.160000000000001918 ) ) ;
#3077 = VERTEX_POINT ( 'NONE', #3365 ) ;
#3078 = ADVANCED_FACE ( 'NONE', ( #5360 ), #5444, .T. ) ;
#3079 = CARTESIAN_POINT ( 'NONE',  ( -1.169063305290896082, 1.425763304931196407, -6.335234672045592319 ) ) ;
#3080 = CARTESIAN_POINT ( 'NONE',  ( 2.103356807430397435, -0.2785322625646426409, 6.235777398414732886 ) ) ;
#3081 = CARTESIAN_POINT ( 'NONE',  ( 0.000000000000000000, 1.545336663013188838, -6.862499999999991829 ) ) ;
#3082 = EDGE_CURVE ( 'NONE', #1703, #4166, #682, .T. ) ;
#3083 = AXIS2_PLACEMENT_3D ( 'NONE', #4525, #1417, #4413 ) ;
#3084 = B_SPLINE_CURVE_WITH_KNOTS ( 'NONE', 3,
 ( #2167, #5219, #2910, #3015, #7, #3816, #5044 ),
 .UNSPECIFIED., .F., .F.,
 ( 4, 3, 4 ),
 ( 0.000000000000000000, 0.0003568722073023456397, 0.0007230148547360345677 ),
 .UNSPECIFIED. ) ;
#3085 = CARTESIAN_POINT ( 'NONE',  ( 0.000000000000000000, 1.545336663013188394, -2.662499999999992539 ) ) ;
#3086 = CARTESIAN_POINT ( 'NONE',  ( 0.8922005383792718236, 1.545336663013187728, -2.020833333333325932 ) ) ;
#3087 = ORIENTED_EDGE ( 'NONE', *, *, #5244, .T. ) ;
#3088 = CARTESIAN_POINT ( 'NONE',  ( -0.2532255823254713212, 1.978416243982494160, 5.515605851786924418 ) ) ;
#3089 = CARTESIAN_POINT ( 'NONE',  ( -1.764863307568897755, 1.018944305707781384, -0.1177083333333364124 ) ) ;
#3090 = CARTESIAN_POINT ( 'NONE',  ( -1.338300807568906459, -0.7726683315066170676, 3.783333333333338544 ) ) ;
#3091 = CARTESIAN_POINT ( 'NONE',  ( 0.8922005383792703803, -1.545336663013218370, -6.541666666666658969 ) ) ;
#3092 = CARTESIAN_POINT ( 'NONE',  ( 0.000000000000000000, 1.545336663013188172, -2.049999999999993605 ) ) ;
#3093 = CARTESIAN_POINT ( 'NONE',  ( -0.3304402152407788784, 2.053943384572789022, 6.250254010542176886 ) ) ;
#3094 = ORIENTED_EDGE ( 'NONE', *, *, #4610, .T. ) ;
#3095 = CARTESIAN_POINT ( 'NONE',  ( 0.2527098192290894163, 2.030507742425497586, 5.510698693715732510 ) ) ;
#3096 = CARTESIAN_POINT ( 'NONE',  ( 4.839804150230338033E-16, 3.951999999999999069, 4.119054849979190358 ) ) ;
#3097 = CARTESIAN_POINT ( 'NONE',  ( -1.338300807568906459, -0.7726683315066160684, -4.529166666666658791 ) ) ;
#3098 = CARTESIAN_POINT ( 'NONE',  ( -2.495693764988950272E-16, -2.037888611415607176, -6.184375000000001954 ) ) ;
#3099 = CARTESIAN_POINT ( 'NONE',  ( 0.8922005383792717126, 1.545336663013187062, 2.179166666666672914 ) ) ;
#3100 = DIRECTION ( 'NONE',  ( -0.000000000000000000, -1.224646799147353207E-16, 1.000000000000000000 ) ) ;
#3101 = ORIENTED_EDGE ( 'NONE', *, *, #1081, .T. ) ;
#3102 = ORIENTED_EDGE ( 'NONE', *, *, #718, .F. ) ;
#3103 = CARTESIAN_POINT ( 'NONE',  ( -0.3306731578647240100, -2.047395140491270471, 6.252470311563131489 ) ) ;
#3104 = EDGE_CURVE ( 'NONE', #4062, #5530, #5081, .T. ) ;
#3105 = EDGE_CURVE ( 'NONE', #255, #4159, #4612, .T. ) ;
#3106 = CARTESIAN_POINT ( 'NONE',  ( 0.6910024708206978783, 0.6151387054226525875, 6.533202845889502619 ) ) ;
#3107 = CARTESIAN_POINT ( 'NONE',  ( 0.8922005383792704913, -1.545336663013218592, -2.954166666666658614 ) ) ;
#3108 = CARTESIAN_POINT ( 'NONE',  ( -1.338300807568906459, 0.7726683315065872026, -3.945833333333325310 ) ) ;
#3109 = EDGE_CURVE ( 'NONE', #1828, #5392, #4745, .T. ) ;
#3110 = CARTESIAN_POINT ( 'NONE',  ( -0.8922005383792713795, -1.545336663013218370, 0.4291666666666740237 ) ) ;
#3111 = CARTESIAN_POINT ( 'NONE',  ( -1.338300807568906459, 0.7726683315065868696, -1.845833333333326109 ) ) ;
#3112 = ORIENTED_EDGE ( 'NONE', *, *, #4128, .F. ) ;
#3113 = ORIENTED_EDGE ( 'NONE', *, *, #4435, .T. ) ;
#3114 = LINE ( 'NONE', #1398, #1899 ) ;
#3115 = CARTESIAN_POINT ( 'NONE',  ( 0.000000000000000000, 2.037888611415577866, 0.4656249999999968470 ) ) ;
#3116 = CARTESIAN_POINT ( 'NONE',  ( 2.183009459905108805E-16, 1.562500000000006217, -6.599999999999999645 ) ) ;
#3117 = CARTESIAN_POINT ( 'NONE',  ( -0.2536874259130506015, 1.981229768641077582, 5.519999999999999574 ) ) ;
#3118 = CARTESIAN_POINT ( 'NONE',  ( -1.338300807568906459, 0.7726683315065867586, -1.233333333333326731 ) ) ;
#3119 = CARTESIAN_POINT ( 'NONE',  ( -2.449293598294727122E-16, -2.000000000000031974, 2.937500000000000888 ) ) ;
#3120 = ORIENTED_EDGE ( 'NONE', *, *, #1982, .F. ) ;
#3121 = CARTESIAN_POINT ( 'NONE',  ( 1.364892599873090751, -0.7266099961714514999, 2.007643884663488976 ) ) ;
#3122 = CARTESIAN_POINT ( 'NONE',  ( 1.555421725887174311, 0.08851111057471414134, 2.011250895266612382 ) ) ;
#3123 = CARTESIAN_POINT ( 'NONE',  ( 1.338300807568907125, 0.7726683315065856483, -2.779166666666658791 ) ) ;
#3124 = CARTESIAN_POINT ( 'NONE',  ( 0.8922005383792716016, 1.545336663013187728, -3.508333333333325754 ) ) ;
#3125 = CARTESIAN_POINT ( 'NONE',  ( -0.8922005383792708244, 1.545336663013187950, 0.1958333333333398818 ) ) ;
#3126 = CARTESIAN_POINT ( 'NONE',  ( -0.5343434567956771852, 0.6077826837534037185, 5.520000000000000462 ) ) ;
#3127 = EDGE_LOOP ( 'NONE', ( #3462, #4633, #3137, #2976 ) ) ;
#3128 = FACE_OUTER_BOUND ( 'NONE', #105, .T. ) ;
#3129 = LINE ( 'NONE', #3564, #3856 ) ;
#3130 = CARTESIAN_POINT ( 'NONE',  ( 0.3158432856577397252, -2.083693914953164583, 6.240789915302315194 ) ) ;
#3131 = CARTESIAN_POINT ( 'NONE',  ( 0.8922005383792704913, -1.545336663013218370, -6.541666666666658969 ) ) ;
#3132 = CARTESIAN_POINT ( 'NONE',  ( -2.449293598294727122E-16, -2.000000000000031530, 0.04999999999999626965 ) ) ;
#3133 = EDGE_CURVE ( 'NONE', #1717, #956, #731, .T. ) ;
#3134 = CARTESIAN_POINT ( 'NONE',  ( -0.8922005383792713795, -1.545336663013218148, -3.070833333333324422 ) ) ;
#3135 = DIRECTION ( 'NONE',  ( 1.000000000000000000, 0.000000000000000000, 0.000000000000000000 ) ) ;
#3136 = CARTESIAN_POINT ( 'NONE',  ( 0.8922005383792717126, 1.545336663013187950, -2.720833333333326109 ) ) ;
#3137 = ORIENTED_EDGE ( 'NONE', *, *, #5113, .T. ) ;
#3138 = LINE ( 'NONE', #1903, #3507 ) ;
#3139 = EDGE_CURVE ( 'NONE', #5220, #3145, #2471, .T. ) ;
#3140 = CARTESIAN_POINT ( 'NONE',  ( 0.000000000000000000, -3.097898009464354643E-16, 5.281987470879276891 ) ) ;
#3141 = CARTESIAN_POINT ( 'NONE',  ( -0.1786154183132191708, 1.976371235257556647, 3.195508649512256660 ) ) ;
#3142 = CARTESIAN_POINT ( 'NONE',  ( -0.8922005383792713795, -1.545336663013218148, -3.158333333333326109 ) ) ;
#3143 = CARTESIAN_POINT ( 'NONE',  ( -0.8922005383792708244, 1.545336663013188394, -3.391666666666659946 ) ) ;
#3144 = CARTESIAN_POINT ( 'NONE',  ( -2.309401076758522464, -1.525089030867163115E-14, 0.6625000000000016431 ) ) ;
#3145 = VERTEX_POINT ( 'NONE', #1114 ) ;
#3146 = CARTESIAN_POINT ( 'NONE',  ( -0.1135366721399792139, -1.807954645481785194, 2.732787872041765098 ) ) ;
#3147 = CIRCLE ( 'NONE', #14, 6.354903611260525054 ) ;
#3148 = CARTESIAN_POINT ( 'NONE',  ( -1.338300807568906459, -0.7726683315066162905, -1.816666666666659991 ) ) ;
#3149 = CARTESIAN_POINT ( 'NONE',  ( 0.8922005383792704913, -1.545336663013219480, 1.245833333333339787 ) ) ;
#3150 = CARTESIAN_POINT ( 'NONE',  ( 0.8922005383792703803, -1.545336663013218370, -5.141666666666658614 ) ) ;
#3151 = CARTESIAN_POINT ( 'NONE',  ( -1.338300807568906459, -0.7726683315066166235, 0.3708333333333396764 ) ) ;
#3152 = CARTESIAN_POINT ( 'NONE',  ( -1.732050807568891626, -1.000000000000022871, -3.479166666666663410 ) ) ;
#3153 = ORIENTED_EDGE ( 'NONE', *, *, #3008, .T. ) ;
#3154 = CARTESIAN_POINT ( 'NONE',  ( -0.2147958201322248684, -2.033986984616320548, 5.519999999999999574 ) ) ;
#3155 = CARTESIAN_POINT ( 'NONE',  ( 0.000000000000000000, 1.545336663013187728, 0.7500000000000058842 ) ) ;
#3156 = AXIS2_PLACEMENT_3D ( 'NONE', #4223, #2183, #3054 ) ;
#3157 = CARTESIAN_POINT ( 'NONE',  ( -0.2144258774088743658, -2.048024209131665607, 5.640806090607028089 ) ) ;
#3158 = ORIENTED_EDGE ( 'NONE', *, *, #936, .T. ) ;
#3159 = CARTESIAN_POINT ( 'NONE',  ( 0.5652704309574073660, -1.480774322862204340, -6.581017479338967746 ) ) ;
#3160 = CARTESIAN_POINT ( 'NONE',  ( -2.102497545137964607, 0.2850210447816989290, 6.235777398414959372 ) ) ;
#3161 = VECTOR ( 'NONE', #249, 1000.000000000000000 ) ;
#3162 = CARTESIAN_POINT ( 'NONE',  ( 1.784401076758541871, -1.520573784491684030E-14, -3.537499999999992095 ) ) ;
#3163 = CARTESIAN_POINT ( 'NONE',  ( 2.072835460008757735, 0.3240004585798126335, 6.244117629312498252 ) ) ;
#3164 = CARTESIAN_POINT ( 'NONE',  ( -2.096331654535006361, -0.2999157838042456614, 6.237205613880130173 ) ) ;
#3165 = CARTESIAN_POINT ( 'NONE',  ( -1.338300807568906459, -0.7726683315066166235, 0.3708333333333406201 ) ) ;
#3166 = CARTESIAN_POINT ( 'NONE',  ( 0.000000000000000000, 2.037888611415577866, 0.4218750000000012212 ) ) ;
#3167 = ORIENTED_EDGE ( 'NONE', *, *, #3172, .F. ) ;
#3168 = DIRECTION ( 'NONE',  ( -0.000000000000000000, -0.000000000000000000, 1.000000000000000000 ) ) ;
#3169 = CARTESIAN_POINT ( 'NONE',  ( -2.449293598294727122E-16, -2.000000000000031530, -0.6500000000000039080 ) ) ;
#3170 = CARTESIAN_POINT ( 'NONE',  ( -0.5796835725955162832, -0.7889479297504699007, 6.578166142129787453 ) ) ;
#3171 = B_SPLINE_CURVE_WITH_KNOTS ( 'NONE', 3,
 ( #16, #1750, #2577, #4298, #904, #3461, #1673 ),
 .UNSPECIFIED., .F., .F.,
 ( 4, 3, 4 ),
 ( 8.741117365843378158E-19, 0.0003736418555128525319, 0.0007396894177720664786 ),
 .UNSPECIFIED. ) ;
#3172 = EDGE_CURVE ( 'NONE', #4373, #1169, #1858, .T. ) ;
#3173 = EDGE_CURVE ( 'NONE', #4389, #874, #2906, .T. ) ;
#3174 = CARTESIAN_POINT ( 'NONE',  ( 0.2319300360381156834, 2.024623018586765966, 5.519999999999999574 ) ) ;
#3175 = LINE ( 'NONE', #3945, #1839 ) ;
#3176 = ORIENTED_EDGE ( 'NONE', *, *, #5142, .T. ) ;
#3177 = CARTESIAN_POINT ( 'NONE',  ( -0.7708813245802995651, 1.490250658919738846, 2.364726262610092888 ) ) ;
#3178 = CARTESIAN_POINT ( 'NONE',  ( 1.338300807568906903, 0.7726683315065855373, -2.166666666666659857 ) ) ;
#3179 = CARTESIAN_POINT ( 'NONE',  ( 0.000000000000000000, 2.000000000000001776, -3.800000000000002043 ) ) ;
#3180 = EDGE_CURVE ( 'NONE', #5220, #255, #4512, .T. ) ;
#3181 = CARTESIAN_POINT ( 'NONE',  ( 0.8922005383792703803, -1.545336663013218370, -4.441666666666659324 ) ) ;
#3182 = CARTESIAN_POINT ( 'NONE',  ( -1.119723028801911546, -1.074478408657555839, -6.599999999999999645 ) ) ;
#3183 = CARTESIAN_POINT ( 'NONE',  ( 0.2316298193921824400, -2.024863872424953026, 5.519999999999999574 ) ) ;
#3184 = EDGE_LOOP ( 'NONE', ( #4886, #5030, #4545, #5096 ) ) ;
#3185 = CARTESIAN_POINT ( 'NONE',  ( -1.154700538379264341, -2.000000000000027089, 2.179166666666667584 ) ) ;
#3186 = CARTESIAN_POINT ( 'NONE',  ( -1.176575538379264874, 2.037888611415577866, 1.223958333333329929 ) ) ;
#3187 = CARTESIAN_POINT ( 'NONE',  ( -2.353151076758530191, -1.438292188977593853E-14, -6.403124999999998401 ) ) ;
#3188 = CARTESIAN_POINT ( 'NONE',  ( 0.2560993530403888885, -1.549741162701825825, -6.595390924910681463 ) ) ;
#3189 = CARTESIAN_POINT ( 'NONE',  ( 0.2801310354326116414, -2.103128811297163114, 6.235782945370652364 ) ) ;
#3190 = CARTESIAN_POINT ( 'NONE',  ( -1.892491597964171594E-16, -1.545336663013218148, -5.199999999999993072 ) ) ;
#3191 = CARTESIAN_POINT ( 'NONE',  ( 2.083693914953163251, 0.3158432856577452208, 6.240789915302316082 ) ) ;
#3192 = VECTOR ( 'NONE', #1844, 1000.000000000000000 ) ;
#3193 = APPROVAL_DATE_TIME ( #130, #4999 ) ;
#3194 = DIRECTION ( 'NONE',  ( 0.02078751127481444708, 0.1045058763748859532, -0.9943069954385902465 ) ) ;
#3195 = CARTESIAN_POINT ( 'NONE',  ( 0.000000000000000000, 2.000000000000001332, -1.000000000000003109 ) ) ;
#3196 = CARTESIAN_POINT ( 'NONE',  ( 0.8922005383792704913, -1.545336663013218592, -2.954166666666659058 ) ) ;
#3197 = EDGE_LOOP ( 'NONE', ( #2313, #1603, #3263, #5235 ) ) ;
#3198 = CARTESIAN_POINT ( 'NONE',  ( 1.154700538379259678, 2.000000000000005329, -0.9708333333333307724 ) ) ;
#3199 = DIRECTION ( 'NONE',  ( -0.000000000000000000, -1.224646799147353207E-16, 1.000000000000000000 ) ) ;
#3200 = CARTESIAN_POINT ( 'NONE',  ( 0.000000000000000000, -2.000000000000001332, 6.599999999999999645 ) ) ;
#3201 = CARTESIAN_POINT ( 'NONE',  ( -0.2202216300322739351, 2.031411139141733546, 5.519999999999999574 ) ) ;
#3202 = CARTESIAN_POINT ( 'NONE',  ( -1.892491597964171594E-16, -1.545336663013218814, -0.2999999999999934386 ) ) ;
#3203 = CARTESIAN_POINT ( 'NONE',  ( 1.176575538379264652, -2.037888611415608953, 2.230208333333333126 ) ) ;
#3204 = EDGE_LOOP ( 'NONE', ( #4491, #613, #2061, #2843, #4325, #2555, #5133, #721, #3478, #4993, #5446, #2266, #2156 ) ) ;
#3205 = CARTESIAN_POINT ( 'NONE',  ( 0.000000000000000000, 2.050799999999993073, 3.400000000000000355 ) ) ;
#3206 = CARTESIAN_POINT ( 'NONE',  ( -0.8922005383792712685, -1.545336663013218148, -0.3583333333333267867 ) ) ;
#3207 = EDGE_CURVE ( 'NONE', #942, #2750, #102, .T. ) ;
#3208 = CARTESIAN_POINT ( 'NONE',  ( 2.309401076758522464, -1.577366779802142739E-14, 0.3125000000000020539 ) ) ;
#3209 = CARTESIAN_POINT ( 'NONE',  ( 0.000000000000000000, 2.000000000000000888, 3.199999999999996181 ) ) ;
#3210 = CARTESIAN_POINT ( 'NONE',  ( 1.154700538379260788, -2.000000000000031974, 0.8083333333333295734 ) ) ;
#3211 = DIRECTION ( 'NONE',  ( 0.000000000000000000, 1.000000000000000000, 2.114691188776102802E-16 ) ) ;
#3212 = ORIENTED_EDGE ( 'NONE', *, *, #4328, .T. ) ;
#3213 = DIRECTION ( 'NONE',  ( -0.3805870524817593359, 0.9188184237650819375, -0.1045284632676536235 ) ) ;
#3214 = CARTESIAN_POINT ( 'NONE',  ( 2.353151076758530191, -1.595047617964832294E-14, 1.690624999999996048 ) ) ;
#3215 = ADVANCED_FACE ( 'NONE', ( #909 ), #1249, .T. ) ;
#3216 = DIRECTION ( 'NONE',  ( 0.000000000000000000, -1.000000000000000000, -2.237046963110516305E-16 ) ) ;
#3217 = VERTEX_POINT ( 'NONE', #462 ) ;
#3218 = DIRECTION ( 'NONE',  ( -0.3826834323650952219, -0.9238795325112845180, 0.000000000000000000 ) ) ;
#3219 = CARTESIAN_POINT ( 'NONE',  ( 0.000000000000000000, 1.545336663013188394, -4.149999999999992362 ) ) ;
#3220 = DIRECTION ( 'NONE',  ( 0.9945218953682732899, -0.000000000000000000, -0.1045284632676536929 ) ) ;
#3221 = DIRECTION ( 'NONE',  ( 0.000000000000000000, -0.9967800569107643227, -0.08018427617041408439 ) ) ;
#3222 = FACE_OUTER_BOUND ( 'NONE', #3889, .T. ) ;
#3223 = CARTESIAN_POINT ( 'NONE',  ( 1.784401076758541871, -1.546291367273778474E-14, -1.437499999999992673 ) ) ;
#3224 = VERTEX_POINT ( 'NONE', #2153 ) ;
#3225 = DIRECTION ( 'NONE',  ( 0.1045284632676538039, 0.000000000000000000, -0.9945218953682732899 ) ) ;
#3226 = CARTESIAN_POINT ( 'NONE',  ( 0.000000000000000000, -2.000000000000001332, 6.599999999999999645 ) ) ;
#3227 =( BOUNDED_CURVE ( )  B_SPLINE_CURVE ( 2, ( #3169, #997, #1935, #3664, #4391, #4859, #2330 ),
 .UNSPECIFIED., .F., .F. ) 
 B_SPLINE_CURVE_WITH_KNOTS ( ( 3, 2, 2, 3 ),
 ( 0.5833333333333332593, 0.6111111111111111605, 0.6388888888888888395, 0.6666666666666667407 ),
 .UNSPECIFIED. ) 
 CURVE ( )  GEOMETRIC_REPRESENTATION_ITEM ( )  RATIONAL_B_SPLINE_CURVE ( ( 1.000000000000000444, 0.8660254037844381525, 1.000000000000000000, 0.8660254037844387076, 1.000000000000000000, 0.8660254037844381525, 1.000000000000000444 ) ) 
 REPRESENTATION_ITEM ( '' )  );
#3228 = DIRECTION ( 'NONE',  ( -0.3826834323650930569, 0.9238795325112854062, 0.000000000000000000 ) ) ;
#3229 = DIRECTION ( 'NONE',  ( 0.07992773943613239174, 0.07992773943613271093, -0.9935910189495773537 ) ) ;
#3230 = CARTESIAN_POINT ( 'NONE',  ( 1.899862992316160959, -0.4438768513679103300, 3.116219992646831471 ) ) ;
#3231 = CARTESIAN_POINT ( 'NONE',  ( -2.082636197177628379, -0.2541964613079166213, 6.009744012983437855 ) ) ;
#3232 = ORIENTED_EDGE ( 'NONE', *, *, #2835, .F. ) ;
#3233 = CARTESIAN_POINT ( 'NONE',  ( -1.892491597964171594E-16, -1.545336663013219036, 1.187500000000006217 ) ) ;
#3234 = CARTESIAN_POINT ( 'NONE',  ( -1.338300807568906237, 0.7726683315065867586, -1.933333333333326909 ) ) ;
#3235 = CARTESIAN_POINT ( 'NONE',  ( 0.000000000000000000, 1.545336663013188394, -3.362499999999991829 ) ) ;
#3236 = CARTESIAN_POINT ( 'NONE',  ( -2.495693764988950272E-16, -2.037888611415607176, -5.484375000000002665 ) ) ;
#3237 = CARTESIAN_POINT ( 'NONE',  ( -2.449293598294727122E-16, -2.000000000000031086, -2.662499999999998312 ) ) ;
#3238 = CARTESIAN_POINT ( 'NONE',  ( 1.784401076758541649, -1.536647273730493176E-14, -2.224999999999993427 ) ) ;
#3239 = VERTEX_POINT ( 'NONE', #3882 ) ;
#3240 = CARTESIAN_POINT ( 'NONE',  ( -0.2209471874066200048, -2.031466856759380768, 5.519999999999999574 ) ) ;
#3241 = CARTESIAN_POINT ( 'NONE',  ( 0.8922005383792716016, 1.545336663013186840, 4.191666666666672647 ) ) ;
#3242 = CARTESIAN_POINT ( 'NONE',  ( 1.784401076758541871, -1.597726532837967362E-14, 2.762500000000006839 ) ) ;
#3243 = TOROIDAL_SURFACE ( 'NONE', #4221, 3.755373405933863928, 0.1999999999999994005 ) ;
#3244 = CARTESIAN_POINT ( 'NONE',  ( -1.732050807568891626, -1.000000000000023093, -2.779166666666664565 ) ) ;
#3245 = B_SPLINE_CURVE_WITH_KNOTS ( 'NONE', 3,
 ( #1430, #2197, #86, #4835, #924, #2727, #3923 ),
 .UNSPECIFIED., .F., .F.,
 ( 4, 3, 4 ),
 ( 8.741117365843378158E-19, 0.0003660488896454512230, 0.0007396894117264688623 ),
 .UNSPECIFIED. ) ;
#3246 = EDGE_CURVE ( 'NONE', #1574, #4125, #381, .T. ) ;
#3247 = CARTESIAN_POINT ( 'NONE',  ( 2.036042748710471084, -0.3177086153809307034, 6.129120929389994643 ) ) ;
#3248 = CARTESIAN_POINT ( 'NONE',  ( -0.6910032105720337325, 0.6151383917699154713, 6.533202782269164288 ) ) ;
#3249 = AXIS2_PLACEMENT_3D ( 'NONE', #1363, #4820, #5239 ) ;
#3250 = CARTESIAN_POINT ( 'NONE',  ( -1.732050807568891626, -1.000000000000023093, -1.466666666666669894 ) ) ;
#3251 = AXIS2_PLACEMENT_3D ( 'NONE', #5168, #5146, #1788 ) ;
#3252 = CARTESIAN_POINT ( 'NONE',  ( 1.045289206380361380, 1.172776128375217386, 2.058050717781576555 ) ) ;
#3253 = EDGE_CURVE ( 'NONE', #321, #3739, #1078, .T. ) ;
#3254 = CARTESIAN_POINT ( 'NONE',  ( -1.338300807568906459, 0.7726683315065866475, 0.2541666666666738128 ) ) ;
#3255 = ORIENTED_EDGE ( 'NONE', *, *, #2326, .F. ) ;
#3256 = CARTESIAN_POINT ( 'NONE',  ( 2.010395872630268421, 0.2448196554928100677, 5.519999999999999574 ) ) ;
#3257 = CIRCLE ( 'NONE', #3434, 2.121718661993897470 ) ;
#3258 = CARTESIAN_POINT ( 'NONE',  ( -0.5343434567956825143, -0.6077826837534010540, 5.520000000000000462 ) ) ;
#3259 = CARTESIAN_POINT ( 'NONE',  ( -0.1213367765211062488, -1.900936000534203529, 2.988252045478582808 ) ) ;
#3260 = DIRECTION ( 'NONE',  ( -0.000000000000000000, -1.224646799147353207E-16, 1.000000000000000000 ) ) ;
#3261 = CARTESIAN_POINT ( 'NONE',  ( 0.2409597770858869503, 2.015150466805227580, 5.519999999999999574 ) ) ;
#3262 = CARTESIAN_POINT ( 'NONE',  ( -1.176575538379264874, 2.037888611415577866, 1.180208333333333748 ) ) ;
#3263 = ORIENTED_EDGE ( 'NONE', *, *, #187, .F. ) ;
#3264 =( BOUNDED_CURVE ( )  B_SPLINE_CURVE ( 2, ( #2705, #1802, #3152, #2653, #4353, #2678, #4873 ),
 .UNSPECIFIED., .F., .F. ) 
 B_SPLINE_CURVE_WITH_KNOTS ( ( 3, 2, 2, 3 ),
 ( 0.08333333333333302340, 0.1111111111111109107, 0.1388888888888886730, 0.1666666666666665741 ),
 .UNSPECIFIED. ) 
 CURVE ( )  GEOMETRIC_REPRESENTATION_ITEM ( )  RATIONAL_B_SPLINE_CURVE ( ( 1.000000000000001554, 0.8660254037844369313, 1.000000000000000000, 0.8660254037844385966, 1.000000000000000000, 0.8660254037844388186, 0.9999999999999997780 ) ) 
 REPRESENTATION_ITEM ( '' )  );
#3265 = CARTESIAN_POINT ( 'NONE',  ( -2.449293598294727122E-16, -2.000000000000031086, -4.150000000000003020 ) ) ;
#3266 = CARTESIAN_POINT ( 'NONE',  ( -1.338300807568906237, 0.7726683315065866475, -1.233333333333326731 ) ) ;
#3267 = AXIS2_PLACEMENT_3D ( 'NONE', #2340, #3270, #1582 ) ;
#3268 = CARTESIAN_POINT ( 'NONE',  ( 1.338300807568906015, -0.7726683315066179558, 2.704166666666672825 ) ) ;
#3269 = CARTESIAN_POINT ( 'NONE',  ( 1.176575538379264652, -2.037888611415608064, -4.026041666666668739 ) ) ;
#3270 = DIRECTION ( 'NONE',  ( 0.000000000000000000, 0.000000000000000000, 1.000000000000000000 ) ) ;
#3271 = CARTESIAN_POINT ( 'NONE',  ( 1.338300807568906015, -0.7726683315066172897, -2.283333333333326998 ) ) ;
#3272 = VERTEX_POINT ( 'NONE', #2605 ) ;
#3273 = CARTESIAN_POINT ( 'NONE',  ( -0.8922005383792707134, 1.545336663013187728, 1.508333333333338855 ) ) ;
#3274 = CARTESIAN_POINT ( 'NONE',  ( 0.000000000000000000, 2.037888611415577422, 2.565624999999996270 ) ) ;
#3275 = CARTESIAN_POINT ( 'NONE',  ( -2.353151076758530191, -1.464009771759687982E-14, -4.303124999999997868 ) ) ;
#3276 = CARTESIAN_POINT ( 'NONE',  ( -1.154700538379261676, -2.000000000000031086, -2.720833333333331439 ) ) ;
#3277 = CARTESIAN_POINT ( 'NONE',  ( 1.338300807568907125, 0.7726683315065857593, -3.566666666666659324 ) ) ;
#3278 = EDGE_LOOP ( 'NONE', ( #1612, #5023, #4194 ) ) ;
#3279 = ADVANCED_FACE ( 'NONE', ( #485 ), #3500, .F. ) ;
#3280 = VERTEX_POINT ( 'NONE', #1780 ) ;
#3281 = CARTESIAN_POINT ( 'NONE',  ( -2.059598706976063287, 0.2275697301586112054, 5.762654176040934217 ) ) ;
#3282 = CARTESIAN_POINT ( 'NONE',  ( -0.2785322625646555195, -2.103356807430396547, 6.235777398414733774 ) ) ;
#3283 = CARTESIAN_POINT ( 'NONE',  ( 1.338300807568906015, -0.7726683315066176228, 0.6041666666666742902 ) ) ;
#3284 = ORIENTED_EDGE ( 'NONE', *, *, #4663, .F. ) ;
#3285 = CARTESIAN_POINT ( 'NONE',  ( 1.983629357198799736, 0.2535398336099712324, 5.519999999999999574 ) ) ;
#3286 = CARTESIAN_POINT ( 'NONE',  ( 2.449293598294707893E-16, 2.000000000000000444, 6.599999999999999645 ) ) ;
#3287 = EDGE_CURVE ( 'NONE', #1849, #3280, #1225, .T. ) ;
#3288 = FACE_OUTER_BOUND ( 'NONE', #4002, .T. ) ;
#3289 = CARTESIAN_POINT ( 'NONE',  ( 0.000000000000000000, -4.336808689942017736E-16, 5.123421556813454458 ) ) ;
#3290 = CARTESIAN_POINT ( 'NONE',  ( 1.784401076758541871, -1.570937384106619206E-14, 0.5750000000000063949 ) ) ;
#3291 = CARTESIAN_POINT ( 'NONE',  ( -2.495693764988950272E-16, -2.037888611415608064, 2.171874999999999556 ) ) ;
#3292 = ORIENTED_EDGE ( 'NONE', *, *, #4803, .F. ) ;
#3293 = CARTESIAN_POINT ( 'NONE',  ( 0.7560228275328012559, -1.385267003826796017, 6.579841044881438172 ) ) ;
#3294 = CARTESIAN_POINT ( 'NONE',  ( 0.000000000000000000, 2.037888611415577866, -0.9343750000000029532 ) ) ;
#3295 = CARTESIAN_POINT ( 'NONE',  ( -1.338300807568906459, 0.7726683315065865365, 0.8666666666666723584 ) ) ;
#3296 = CARTESIAN_POINT ( 'NONE',  ( -1.764863307568897977, -1.018944305707810694, -4.901041666666668739 ) ) ;
#3297 = CYLINDRICAL_SURFACE ( 'NONE', #4685, 0.3888000000000000900 ) ;
#3298 =( BOUNDED_CURVE ( )  B_SPLINE_CURVE ( 2, ( #5329, #2498, #4943, #4105, #3250, #1562, #329 ),
 .UNSPECIFIED., .F., .F. ) 
 B_SPLINE_CURVE_WITH_KNOTS ( ( 3, 2, 2, 3 ),
 ( 0.3333333333333333703, 0.3611111111111111049, 0.3888888888888888951, 0.4166666666666666297 ),
 .UNSPECIFIED. ) 
 CURVE ( )  GEOMETRIC_REPRESENTATION_ITEM ( )  RATIONAL_B_SPLINE_CURVE ( ( 0.9999999999999997780, 0.8660254037844389297, 1.000000000000000000, 0.8660254037844387076, 1.000000000000000000, 0.8660254037844389297, 0.9999999999999997780 ) ) 
 REPRESENTATION_ITEM ( '' )  );
#3299 = CARTESIAN_POINT ( 'NONE',  ( -1.362259747427712719, 0.2536874259130827980, 5.519999999999999574 ) ) ;
#3300 = ORIENTED_EDGE ( 'NONE', *, *, #2399, .T. ) ;
#3301 = DIRECTION ( 'NONE',  ( 0.000000000000000000, -1.000000000000000000, 0.000000000000000000 ) ) ;
#3302 = CARTESIAN_POINT ( 'NONE',  ( 2.098156001346950905, 0.3306534477264118088, 6.252282782123771199 ) ) ;
#3303 = CARTESIAN_POINT ( 'NONE',  ( -1.764863307568897755, 1.018944305707781606, -2.961458333333331527 ) ) ;
#3304 = CARTESIAN_POINT ( 'NONE',  ( 0.000000000000000000, 2.000000000000001776, -3.012499999999997513 ) ) ;
#3305 = CARTESIAN_POINT ( 'NONE',  ( -1.892491597964171594E-16, -1.545336663013218148, -4.499999999999992895 ) ) ;
#3306 = VERTEX_POINT ( 'NONE', #4253 ) ;
#3307 = CARTESIAN_POINT ( 'NONE',  ( -2.025060412306145974, 0.3051615948941312495, 6.009744003663867851 ) ) ;
#3308 = DIRECTION ( 'NONE',  ( -0.000000000000000000, -1.224646799147353207E-16, 1.000000000000000000 ) ) ;
#3309 = CARTESIAN_POINT ( 'NONE',  ( 0.2541964546299387839, 2.082636191491971989, 6.009743950955519942 ) ) ;
#3310 = EDGE_LOOP ( 'NONE', ( #2077, #2299, #1348, #483 ) ) ;
#3311 = DIRECTION ( 'NONE',  ( 1.000000000000000000, 5.329070518200751394E-15, 0.000000000000000000 ) ) ;
#3312 = CARTESIAN_POINT ( 'NONE',  ( -1.471632515371321004, -0.7667574399135662633, 2.315164959972207281 ) ) ;
#3313 = CARTESIAN_POINT ( 'NONE',  ( 1.743744105361778596, 0.9284693218295867467, 3.183583064634350368 ) ) ;
#3314 = ADVANCED_FACE ( 'NONE', ( #1277 ), #2130, .T. ) ;
#3315 = CARTESIAN_POINT ( 'NONE',  ( -1.176575538379265984, -2.037888611415608064, 2.813541666666666607 ) ) ;
#3316 = VERTEX_POINT ( 'NONE', #5528 ) ;
#3317 = CARTESIAN_POINT ( 'NONE',  ( 1.732050807568890960, -1.000000000000024647, 2.966666666666662788 ) ) ;
#3318 = CARTESIAN_POINT ( 'NONE',  ( 1.784401076758541649, -1.570937384106619206E-14, 0.5750000000000063949 ) ) ;
#3319 = ORIENTED_EDGE ( 'NONE', *, *, #1798, .F. ) ;
#3320 = CARTESIAN_POINT ( 'NONE',  ( 0.8922005383792717126, 1.545336663013187062, 2.879166666666673535 ) ) ;
#3321 = CARTESIAN_POINT ( 'NONE',  ( 0.9922554730138718471, 1.439459354517703682, -6.427276607939144348 ) ) ;
#3322 = CARTESIAN_POINT ( 'NONE',  ( 2.353151076758530191, -1.517894869618549277E-14, -4.609375000000002665 ) ) ;
#3323 = CARTESIAN_POINT ( 'NONE',  ( 0.8922005383792704913, -1.545336663013218814, -1.554166666666659369 ) ) ;
#3324 = EDGE_CURVE ( 'NONE', #1014, #3026, #3865, .T. ) ;
#3325 = LINE ( 'NONE', #3675, #397 ) ;
#3326 = VERTEX_POINT ( 'NONE', #4660 ) ;
#3327 = CARTESIAN_POINT ( 'NONE',  ( -0.3621833151897247416, -1.281394194403185693, 6.459303098324776116 ) ) ;
#3328 = CARTESIAN_POINT ( 'NONE',  ( 2.053309067639443874, 0.2785519657253127668, 5.756570293759619261 ) ) ;
#3329 = CARTESIAN_POINT ( 'NONE',  ( 1.764863307568897088, -1.018944305707811804, -6.111458333333331439 ) ) ;
#3330 = DIRECTION ( 'NONE',  ( -0.1045058763748857589, 0.02078751127481496055, -0.9943069954385902465 ) ) ;
#3331 = EDGE_CURVE ( 'NONE', #1814, #1292, #1279, .T. ) ;
#3332 = DIRECTION ( 'NONE',  ( 0.000000000000000000, -1.000000000000000000, 0.000000000000000000 ) ) ;
#3333 = EDGE_LOOP ( 'NONE', ( #3974, #4204, #4171, #2412 ) ) ;
#3334 = VECTOR ( 'NONE', #4824, 1000.000000000000227 ) ;
#3335 = CARTESIAN_POINT ( 'NONE',  ( 2.102497545137945067, -0.2850210447816683423, 6.235777398414732886 ) ) ;
#3336 = CARTESIAN_POINT ( 'NONE',  ( 1.338300807568906015, -0.7726683315066175117, -0.7958333333333259541 ) ) ;
#3337 = VECTOR ( 'NONE', #2176, 1000.000000000000000 ) ;
#3338 = ORIENTED_EDGE ( 'NONE', *, *, #2525, .T. ) ;
#3339 = CARTESIAN_POINT ( 'NONE',  ( 8.392316471663450735E-17, -3.642035580428366775E-15, 6.235777398414737327 ) ) ;
#3340 = CARTESIAN_POINT ( 'NONE',  ( -0.2154966956400657663, -1.688466927679084462, 2.404498065476631030 ) ) ;
#3341 = VECTOR ( 'NONE', #4556, 999.9999999999998863 ) ;
#3342 = CARTESIAN_POINT ( 'NONE',  ( 0.3311351379645340320, -2.047799633058168922, 6.256865758603368022 ) ) ;
#3343 = CARTESIAN_POINT ( 'NONE',  ( 2.449293598294707893E-16, 2.000000000000000444, 6.599999999999999645 ) ) ;
#3344 = PRODUCT_DEFINITION_FORMATION_WITH_SPECIFIED_SOURCE ( 'ANY', '', #1323, .NOT_KNOWN. ) ;
#3345 = EDGE_LOOP ( 'NONE', ( #2737, #5385, #1480, #463, #4643, #5353, #1341, #1887, #1872, #5377, #4285, #2951, #1124 ) ) ;
#3346 = CARTESIAN_POINT ( 'NONE',  ( 0.000000000000000000, -7.931280772166249496E-17, 3.399999999999999911 ) ) ;
#3347 = CARTESIAN_POINT ( 'NONE',  ( 0.000000000000000000, 2.037888611415578310, -3.034375000000002931 ) ) ;
#3348 = VERTEX_POINT ( 'NONE', #567 ) ;
#3349 = EDGE_CURVE ( 'NONE', #292, #3676, #536, .T. ) ;
#3350 = CARTESIAN_POINT ( 'NONE',  ( -1.338300807568906459, -0.7726683315066169566, 3.170833333333339166 ) ) ;
#3351 = ADVANCED_FACE ( 'NONE', ( #2290 ), #3539, .T. ) ;
#3352 = CARTESIAN_POINT ( 'NONE',  ( 0.9559881419230152888, -1.589952596011055652, 2.817383339500464157 ) ) ;
#3353 = CARTESIAN_POINT ( 'NONE',  ( 1.764863307568898643, 1.018944305707780051, -2.494791666666666075 ) ) ;
#3354 = CARTESIAN_POINT ( 'NONE',  ( -0.8922005383792708244, 1.545336663013188172, -1.204166666666659502 ) ) ;
#3355 = CARTESIAN_POINT ( 'NONE',  ( -0.8922005383792713795, -1.545336663013218370, 0.3416666666666733354 ) ) ;
#3356 = ORIENTED_EDGE ( 'NONE', *, *, #5238, .F. ) ;
#3357 = CYLINDRICAL_SURFACE ( 'NONE', #4504, 2.000000000000000888 ) ;
#3358 = DIRECTION ( 'NONE',  ( 1.000000000000000000, 0.000000000000000000, 0.000000000000000000 ) ) ;
#3359 = CARTESIAN_POINT ( 'NONE',  ( 1.764863307568898643, 1.018944305707780051, -3.194791666666664920 ) ) ;
#3360 = EDGE_CURVE ( 'NONE', #2948, #2578, #4288, .T. ) ;
#3361 = CARTESIAN_POINT ( 'NONE',  ( 0.06476160179829953956, -0.1563483373824592071, 0.2202409151620008387 ) ) ;
#3362 = CARTESIAN_POINT ( 'NONE',  ( -0.2791914077107021108, -2.001945939414521813, 5.762654177856537885 ) ) ;
#3363 = ORIENTED_EDGE ( 'NONE', *, *, #912, .F. ) ;
#3364 = CARTESIAN_POINT ( 'NONE',  ( -0.2013947372878998332, 2.036553692936428739, 5.519999999999999574 ) ) ;
#3365 = CARTESIAN_POINT ( 'NONE',  ( -1.030938704996685829, 1.713816030541133850, 3.260428147091731788 ) ) ;
#3366 = EDGE_LOOP ( 'NONE', ( #897, #3444, #5108, #2048 ) ) ;
#3367 = VERTEX_POINT ( 'NONE', #4771 ) ;
#3368 = CARTESIAN_POINT ( 'NONE',  ( 1.978834712860428668, 0.2536874259130706966, 5.519999999999999574 ) ) ;
#3369 = CARTESIAN_POINT ( 'NONE',  ( 2.309401076758522020, -1.550577631070793952E-14, -1.875000000000003331 ) ) ;
#3370 = CARTESIAN_POINT ( 'NONE',  ( -1.338300807568906459, 0.7726683315065874247, -6.045833333333324511 ) ) ;
#3371 = CARTESIAN_POINT ( 'NONE',  ( 3.939435391922170470E-17, 0.2981763064969558119, 0.2693673207834477723 ) ) ;
#3372 = VERTEX_POINT ( 'NONE', #596 ) ;
#3373 = CARTESIAN_POINT ( 'NONE',  ( -1.176575538379265984, -2.037888611415607176, -2.042708333333337123 ) ) ;
#3374 = AXIS2_PLACEMENT_3D ( 'NONE', #1459, #3069, #476 ) ;
#3375 = CARTESIAN_POINT ( 'NONE',  ( 1.338300807568906015, -0.7726683315066180668, 3.404166666666673002 ) ) ;
#3376 =( BOUNDED_CURVE ( )  B_SPLINE_CURVE ( 2, ( #3839, #3474, #1261, #523, #6, #4782, #3498 ),
 .UNSPECIFIED., .F., .F. ) 
 B_SPLINE_CURVE_WITH_KNOTS ( ( 3, 2, 2, 3 ),
 ( 0.1666666666666668795, 0.1944444444444445863, 0.2222222222222222654, 0.2500000000000000000 ),
 .UNSPECIFIED. ) 
 CURVE ( )  GEOMETRIC_REPRESENTATION_ITEM ( )  RATIONAL_B_SPLINE_CURVE ( ( 0.9999999999999988898, 0.8660254037844398178, 1.000000000000000000, 0.8660254037844387076, 1.000000000000000000, 0.8660254037844387076, 1.000000000000000000 ) ) 
 REPRESENTATION_ITEM ( '' )  );
#3377 = CARTESIAN_POINT ( 'NONE',  ( 1.764863307568897088, -1.018944305707812470, -1.211458333333333082 ) ) ;
#3378 = CARTESIAN_POINT ( 'NONE',  ( 1.338300807568906015, -0.7726683315066172897, -2.895833333333325932 ) ) ;
#3379 = CARTESIAN_POINT ( 'NONE',  ( -1.784401076758541649, -1.505800843780591572E-14, -1.174999999999993161 ) ) ;
#3380 = ORIENTED_EDGE ( 'NONE', *, *, #1597, .F. ) ;
#3381 = EDGE_CURVE ( 'NONE', #2578, #4699, #4012, .T. ) ;
#3382 = CARTESIAN_POINT ( 'NONE',  ( -1.892491597964171594E-16, -1.545336663013219036, 1.800000000000005596 ) ) ;
#3383 = CARTESIAN_POINT ( 'NONE',  ( 1.176575538379266428, 2.037888611415577866, -5.236458333333332327 ) ) ;
#3384 = CARTESIAN_POINT ( 'NONE',  ( 1.338300807568906903, 0.7726683315065859814, -5.666666666666658969 ) ) ;
#3385 = DIRECTION ( 'NONE',  ( 0.1045284632676538317, 0.000000000000000000, -0.9945218953682734009 ) ) ;
#3386 = ORIENTED_EDGE ( 'NONE', *, *, #1701, .F. ) ;
#3387 = EDGE_CURVE ( 'NONE', #3000, #3367, #4928, .T. ) ;
#3388 = CARTESIAN_POINT ( 'NONE',  ( 0.8726093052510984771, 1.556203227293938562, 2.657369556949977341 ) ) ;
#3389 = CARTESIAN_POINT ( 'NONE',  ( -0.2663847454559762906, 1.990338328765598019, 5.640806925723118148 ) ) ;
#3390 = ORIENTED_EDGE ( 'NONE', *, *, #3287, .F. ) ;
#3391 = CARTESIAN_POINT ( 'NONE',  ( -0.8922005383792707134, 1.545336663013187284, 2.208333333333338810 ) ) ;
#3392 = DIRECTION ( 'NONE',  ( 0.000000000000000000, -0.9945218953682734009, 0.1045284632676529296 ) ) ;
#3393 = CARTESIAN_POINT ( 'NONE',  ( -1.784401076758541649, -1.455437244165656711E-14, -5.287499999999991651 ) ) ;
#3394 = CARTESIAN_POINT ( 'NONE',  ( -1.892491597964171594E-16, -1.545336663013218592, -1.612499999999992717 ) ) ;
#3395 = ORIENTED_EDGE ( 'NONE', *, *, #31, .F. ) ;
#3396 = CARTESIAN_POINT ( 'NONE',  ( -0.2831209356723809467, 1.214287501422805615, 5.519999999999999574 ) ) ;
#3397 = CARTESIAN_POINT ( 'NONE',  ( -1.176575538379264874, 2.037888611415577866, -1.576041666666669450 ) ) ;
#3398 = CARTESIAN_POINT ( 'NONE',  ( 0.8922005383792704913, -1.545336663013219480, 1.158333333333338766 ) ) ;
#3399 = CARTESIAN_POINT ( 'NONE',  ( 0.1233613556868425054, 1.969242297313867907, 3.175922053487277186 ) ) ;
#3400 = CARTESIAN_POINT ( 'NONE',  ( -2.495693764988950272E-16, -2.037888611415607620, -2.728124999999999467 ) ) ;
#3401 = CARTESIAN_POINT ( 'NONE',  ( 1.338300807568906015, -0.7726683315066174007, -1.495833333333326021 ) ) ;
#3402 = CARTESIAN_POINT ( 'NONE',  ( 1.784401076758541649, -1.562364856512587620E-14, -0.1249999999999936023 ) ) ;
#3403 = EDGE_LOOP ( 'NONE', ( #861, #4573, #4857, #79, #2221 ) ) ;
#3404 = CARTESIAN_POINT ( 'NONE',  ( 2.082636191491963995, 0.2541964546299926297, 6.009743950955508396 ) ) ;
#3405 = CARTESIAN_POINT ( 'NONE',  ( -1.338300807568906459, 0.7726683315065872026, -3.945833333333325310 ) ) ;
#3406 =( BOUNDED_CURVE ( )  B_SPLINE_CURVE ( 2, ( #730, #367, #2454, #5065, #4205, #2086, #3265 ),
 .UNSPECIFIED., .F., .T. ) 
 B_SPLINE_CURVE_WITH_KNOTS ( ( 3, 2, 2, 3 ),
 ( 0.5000000000000002220, 0.5277777777777779011, 0.5555555555555556912, 0.5833333333333333703 ),
 .UNSPECIFIED. ) 
 CURVE ( )  GEOMETRIC_REPRESENTATION_ITEM ( )  RATIONAL_B_SPLINE_CURVE ( ( 0.9999999999999988898, 0.8660254037844398178, 1.000000000000000000, 0.8660254037844387076, 1.000000000000000000, 0.8660254037844387076, 1.000000000000000000 ) ) 
 REPRESENTATION_ITEM ( '' )  );
#3407 = CARTESIAN_POINT ( 'NONE',  ( -1.784401076758541649, -1.445793150622371413E-14, -6.074999999999992184 ) ) ;
#3408 = CARTESIAN_POINT ( 'NONE',  ( -0.2785519571412531925, -2.053309060065643177, 5.756570212088456096 ) ) ;
#3409 = ORIENTED_EDGE ( 'NONE', *, *, #1731, .F. ) ;
#3410 = DIRECTION ( 'NONE',  ( 1.000000000000000000, -1.224646799147353207E-16, -1.499759782661857608E-32 ) ) ;
#3411 = EDGE_CURVE ( 'NONE', #1886, #1618, #4397, .T. ) ;
#3412 = ADVANCED_FACE ( 'NONE', ( #2657 ), #3932, .T. ) ;
#3413 = CARTESIAN_POINT ( 'NONE',  ( -2.449293598294727122E-16, -2.000000000000031530, 1.449999999999995515 ) ) ;
#3414 = ORIENTED_EDGE ( 'NONE', *, *, #3570, .T. ) ;
#3415 = CARTESIAN_POINT ( 'NONE',  ( 1.489835756842691872, 1.324201115813928409, 3.204022277385354833 ) ) ;
#3416 = VERTEX_POINT ( 'NONE', #4465 ) ;
#3417 = CARTESIAN_POINT ( 'NONE',  ( -1.338300807568906459, -0.7726683315066168456, 3.083333333333338810 ) ) ;
#3418 = APPLICATION_PROTOCOL_DEFINITION ( 'international standard', 'config_control_design', 1994, #1957 ) ;
#3419 = EDGE_CURVE ( 'NONE', #3739, #2107, #1747, .T. ) ;
#3420 = AXIS2_PLACEMENT_3D ( 'NONE', #3834, #3448, #2611 ) ;
#3421 = CARTESIAN_POINT ( 'NONE',  ( 0.8922005383792718236, 1.545336663013187284, -0.6208333333333262427 ) ) ;
#3422 = ORIENTED_EDGE ( 'NONE', *, *, #1790, .F. ) ;
#3423 = DIRECTION ( 'NONE',  ( 0.9945218953682734009, 0.000000000000000000, 0.1045284632676529157 ) ) ;
#3424 = CARTESIAN_POINT ( 'NONE',  ( -2.495693764988950272E-16, -2.037888611415608064, 0.1156249999999963696 ) ) ;
#3425 = CARTESIAN_POINT ( 'NONE',  ( -0.1563483373824595957, -0.06476160179829848484, 0.2202409151620009220 ) ) ;
#3426 = CARTESIAN_POINT ( 'NONE',  ( -1.892491597964171594E-16, -1.545336663013218148, -5.899999999999993250 ) ) ;
#3427 = VECTOR ( 'NONE', #4858, 1000.000000000000000 ) ;
#3428 = CARTESIAN_POINT ( 'NONE',  ( 1.176575538379266428, 2.037888611415576978, -0.3364583333333323045 ) ) ;
#3429 = CARTESIAN_POINT ( 'NONE',  ( 0.000000000000000000, 1.545336663013188394, -2.662499999999992539 ) ) ;
#3430 = CARTESIAN_POINT ( 'NONE',  ( -1.338300807568906459, 0.7726683315065868696, -1.933333333333326909 ) ) ;
#3431 = EDGE_LOOP ( 'NONE', ( #358, #2628, #388, #797 ) ) ;
#3432 = CARTESIAN_POINT ( 'NONE',  ( -1.154700538379260344, -2.000000000000034195, 0.07916666666666853647 ) ) ;
#3433 = CARTESIAN_POINT ( 'NONE',  ( 1.527589053983022804, -0.3060108563568759710, 2.011250895266623040 ) ) ;
#3434 = AXIS2_PLACEMENT_3D ( 'NONE', #2233, #76, #2636 ) ;
#3435 = CARTESIAN_POINT ( 'NONE',  ( 1.338300807568907125, 0.7726683315065857593, -3.479166666666658525 ) ) ;
#3436 = CARTESIAN_POINT ( 'NONE',  ( 2.309401076758522464, -1.525931614237953850E-14, -3.887499999999997513 ) ) ;
#3437 = CARTESIAN_POINT ( 'NONE',  ( 0.6709742978741801700, -0.2779266541832529080, 5.519999999999999574 ) ) ;
#3438 = ORIENTED_EDGE ( 'NONE', *, *, #3419, .F. ) ;
#3439 =( BOUNDED_CURVE ( )  B_SPLINE_CURVE ( 2, ( #598, #1476, #4822, #656, #1959, #2292, #3132 ),
 .UNSPECIFIED., .F., .F. ) 
 B_SPLINE_CURVE_WITH_KNOTS ( ( 3, 2, 2, 3 ),
 ( 0.6666666666666667407, 0.6944444444444445308, 0.7222222222222222099, 0.7500000000000000000 ),
 .UNSPECIFIED. ) 
 CURVE ( )  GEOMETRIC_REPRESENTATION_ITEM ( )  RATIONAL_B_SPLINE_CURVE ( ( 0.9999999999999994449, 0.8660254037844392627, 1.000000000000000000, 0.8660254037844387076, 1.000000000000000000, 0.8660254037844387076, 1.000000000000000000 ) ) 
 REPRESENTATION_ITEM ( '' )  );
#3440 = CARTESIAN_POINT ( 'NONE',  ( -1.154700538379266117, 1.999999999999993117, -5.054166666666662699 ) ) ;
#3441 = CARTESIAN_POINT ( 'NONE',  ( 1.732050807568892514, 0.9999999999999911182, 1.683333333333329573 ) ) ;
#3442 = VERTEX_POINT ( 'NONE', #684 ) ;
#3443 = CARTESIAN_POINT ( 'NONE',  ( 1.955059656360939035, -0.09442367622548386574, 3.133534466357039694 ) ) ;
#3444 = ORIENTED_EDGE ( 'NONE', *, *, #4427, .T. ) ;
#3445 = CARTESIAN_POINT ( 'NONE',  ( -1.338300807568906237, 0.7726683315065860924, 3.666666666666672292 ) ) ;
#3446 = APPLICATION_PROTOCOL_DEFINITION ( 'international standard', 'config_control_design', 1994, #2707 ) ;
#3447 = CARTESIAN_POINT ( 'NONE',  ( 0.2831209356723913828, 1.214287501422803395, 5.519999999999999574 ) ) ;
#3448 = DIRECTION ( 'NONE',  ( -0.000000000000000000, -1.224646799147353207E-16, 1.000000000000000000 ) ) ;
#3449 = ORIENTED_EDGE ( 'NONE', *, *, #3133, .T. ) ;
#3450 = CARTESIAN_POINT ( 'NONE',  ( -0.3311351379778483817, 2.047799633069839143, 6.256865758730181248 ) ) ;
#3451 = EDGE_CURVE ( 'NONE', #534, #3514, #3023, .T. ) ;
#3452 = CARTESIAN_POINT ( 'NONE',  ( 1.451911613880882079, -0.5583410825112881115, 2.022946338791862697 ) ) ;
#3453 = CARTESIAN_POINT ( 'NONE',  ( 1.338300807568907125, 0.7726683315065850932, 2.033333333333339432 ) ) ;
#3454 = CARTESIAN_POINT ( 'NONE',  ( -1.784401076758541649, -1.462938205810434270E-14, -4.674999999999992717 ) ) ;
#3455 = CARTESIAN_POINT ( 'NONE',  ( -0.8922005383792708244, 1.545336663013188172, -1.291666666666660079 ) ) ;
#3456 = CARTESIAN_POINT ( 'NONE',  ( 0.8922005383792703803, -1.545336663013218814, -0.9416666666666601015 ) ) ;
#3457 = ORIENTED_EDGE ( 'NONE', *, *, #19, .T. ) ;
#3458 = CARTESIAN_POINT ( 'NONE',  ( 3.955858395444287887E-14, 1.649592814412337072, 2.297692317074977009 ) ) ;
#3459 = CARTESIAN_POINT ( 'NONE',  ( 1.338300807568907125, 0.7726683315065860924, -5.579166666666658614 ) ) ;
#3460 = CARTESIAN_POINT ( 'NONE',  ( 1.338300807568905793, -0.7726683315066167346, -6.483333333333326287 ) ) ;
#3461 = CARTESIAN_POINT ( 'NONE',  ( -1.990338328765592468, 0.2663847454560150929, 5.640806925723118148 ) ) ;
#3462 = ORIENTED_EDGE ( 'NONE', *, *, #4977, .T. ) ;
#3463 = CARTESIAN_POINT ( 'NONE',  ( 0.4524916295128751376, -1.643686782266659430, 2.438972057927715209 ) ) ;
#3464 = DIRECTION ( 'NONE',  ( -0.9188184237650742769, 0.3805870524817773770, -0.1045284632676537623 ) ) ;
#3465 = CARTESIAN_POINT ( 'NONE',  ( 1.338300807568907125, 0.7726683315065860924, -6.279166666666658791 ) ) ;
#3466 = CARTESIAN_POINT ( 'NONE',  ( -1.784401076758541649, -1.531518426562686332E-14, 0.9250000000000057065 ) ) ;
#3467 = CARTESIAN_POINT ( 'NONE',  ( 0.000000000000000000, 0.000000000000000000, 0.000000000000000000 ) ) ;
#3468 = CARTESIAN_POINT ( 'NONE',  ( 2.059598706976065507, -0.2275697301585770382, 5.762654176040921783 ) ) ;
#3469 = CARTESIAN_POINT ( 'NONE',  ( 0.000000000000000000, 1.545336663013187950, 0.1375000000000073941 ) ) ;
#3470 = VERTEX_POINT ( 'NONE', #5028 ) ;
#3471 = CARTESIAN_POINT ( 'NONE',  ( -2.449293598294727122E-16, -2.000000000000031086, -3.450000000000001954 ) ) ;
#3472 = CARTESIAN_POINT ( 'NONE',  ( 1.498769468428393647, -0.4322618106322420606, 2.035085941921216612 ) ) ;
#3473 = CARTESIAN_POINT ( 'NONE',  ( 1.784401076758541871, -1.588082439294682064E-14, 1.975000000000006084 ) ) ;
#3474 = CARTESIAN_POINT ( 'NONE',  ( -1.154700538379266117, 1.999999999999992673, -5.841666666666666785 ) ) ;
#3475 = ADVANCED_FACE ( 'NONE', ( #1105 ), #3655, .T. ) ;
#3476 = CARTESIAN_POINT ( 'NONE',  ( -0.8922005383792708244, 1.545336663013188394, -2.691666666666660213 ) ) ;
#3477 = CARTESIAN_POINT ( 'NONE',  ( -0.3290101370919103485, 2.060559583673006845, 6.248068124469328133 ) ) ;
#3478 = ORIENTED_EDGE ( 'NONE', *, *, #229, .F. ) ;
#3479 = DIRECTION ( 'NONE',  ( 0.000000000000000000, -1.000000000000000000, 0.000000000000000000 ) ) ;
#3480 = CARTESIAN_POINT ( 'NONE',  ( 1.732050807568890960, -1.000000000000024647, 2.266666666666662611 ) ) ;
#3481 = CARTESIAN_POINT ( 'NONE',  ( -1.338300807568906459, -0.7726683315066159574, -5.229166666666658081 ) ) ;
#3482 = EDGE_CURVE ( 'NONE', #3759, #1849, #277, .T. ) ;
#3483 = CARTESIAN_POINT ( 'NONE',  ( 1.338300807568906903, 0.7726683315065855373, -2.866666666666659591 ) ) ;
#3484 = CARTESIAN_POINT ( 'NONE',  ( 1.764863307568898643, 1.018944305707779163, 4.505208333333333037 ) ) ;
#3485 = ORIENTED_EDGE ( 'NONE', *, *, #4094, .T. ) ;
#3486 = CARTESIAN_POINT ( 'NONE',  ( 1.660949358263920983, 0.2669063278035955777, -6.483565519746809613 ) ) ;
#3487 = DIRECTION ( 'NONE',  ( 1.000000000000000000, 0.000000000000000000, 0.000000000000000000 ) ) ;
#3488 = CARTESIAN_POINT ( 'NONE',  ( 1.838162206953765754, 0.7133533927600280711, 3.173133973875656100 ) ) ;
#3489 = CARTESIAN_POINT ( 'NONE',  ( 0.000000000000000000, 1.545336663013187506, 1.450000000000005951 ) ) ;
#3490 = COORDINATED_UNIVERSAL_TIME_OFFSET ( 6, 0, .BEHIND. ) ;
#3491 = CARTESIAN_POINT ( 'NONE',  ( 1.338300807568907125, 0.7726683315065857593, -3.479166666666658525 ) ) ;
#3492 = DIRECTION ( 'NONE',  ( 0.000000000000000000, 1.000000000000000000, 1.235539140158905146E-16 ) ) ;
#3493 = ORIENTED_EDGE ( 'NONE', *, *, #4367, .F. ) ;
#3494 = CYLINDRICAL_SURFACE ( 'NONE', #2804, 0.3888000000000000345 ) ;
#3495 = CYLINDRICAL_SURFACE ( 'NONE', #910, 2.000000000000000888 ) ;
#3496 = AXIS2_PLACEMENT_3D ( 'NONE', #5396, #5010, #4175 ) ;
#3497 = CARTESIAN_POINT ( 'NONE',  ( -0.8922005383792713795, -1.545336663013218592, 3.841666666666672114 ) ) ;
#3498 = CARTESIAN_POINT ( 'NONE',  ( -2.449293598294727122E-16, -2.000000000000030642, -5.550000000000002487 ) ) ;
#3499 = CARTESIAN_POINT ( 'NONE',  ( 1.338300807568906015, -0.7726683315066174007, -1.583333333333326820 ) ) ;
#3500 = CONICAL_SURFACE ( 'NONE', #5027, 2.159999999999990372, 0.1047197551196600018 ) ;
#3501 = CARTESIAN_POINT ( 'NONE',  ( -0.3306731578647052472, 2.047395140491274024, 6.252470311563134153 ) ) ;
#3502 = VERTEX_POINT ( 'NONE', #713 ) ;
#3503 = CARTESIAN_POINT ( 'NONE',  ( 1.154700538379260788, -2.000000000000031974, -2.604166666666665630 ) ) ;
#3504 = ADVANCED_FACE ( 'NONE', ( #4998 ), #2435, .T. ) ;
#3505 = ADVANCED_FACE ( 'NONE', ( #5440 ), #242, .T. ) ;
#3506 = CARTESIAN_POINT ( 'NONE',  ( -1.338300807568906459, -0.7726683315066157354, -6.629166666666658436 ) ) ;
#3507 = VECTOR ( 'NONE', #4109, 1000.000000000000000 ) ;
#3508 = CARTESIAN_POINT ( 'NONE',  ( -1.176575538379265984, -2.037888611415606732, -6.942708333333336590 ) ) ;
#3509 = CARTESIAN_POINT ( 'NONE',  ( 1.338300807568906015, -0.7726683315066178448, 2.004166666666672647 ) ) ;
#3510 = CARTESIAN_POINT ( 'NONE',  ( 0.3306731578647243430, 2.047395140491270915, 6.252470311563134153 ) ) ;
#3511 = ORIENTED_EDGE ( 'NONE', *, *, #4635, .T. ) ;
#3512 = CC_DESIGN_APPROVAL ( #4999, ( #3344 ) ) ;
#3513 = EDGE_CURVE ( 'NONE', #4399, #2142, #1253, .T. ) ;
#3514 = VERTEX_POINT ( 'NONE', #3304 ) ;
#3515 = CARTESIAN_POINT ( 'NONE',  ( -1.826762327221287174, -0.5755793456682619658, -6.251160937968307074 ) ) ;
#3516 = CARTESIAN_POINT ( 'NONE',  ( -2.050508967701199836, 0.3304964993397893069, 6.251419360979168616 ) ) ;
#3517 = CARTESIAN_POINT ( 'NONE',  ( -1.338300807568906459, -0.7726683315066157354, -6.716666666666658791 ) ) ;
#3518 = ORIENTED_EDGE ( 'NONE', *, *, #3757, .F. ) ;
#3519 = CARTESIAN_POINT ( 'NONE',  ( -1.892491597964171594E-16, -1.545336663013217926, -6.599999999999993427 ) ) ;
#3520 = DIRECTION ( 'NONE',  ( 0.000000000000000000, 1.000000000000000000, 2.114691188776102802E-16 ) ) ;
#3521 = CARTESIAN_POINT ( 'NONE',  ( -2.495693764988950272E-16, -2.037888611415607620, -1.328124999999999556 ) ) ;
#3522 = AXIS2_PLACEMENT_3D ( 'NONE', #4097, #4602, #4069 ) ;
#3523 = ORIENTED_EDGE ( 'NONE', *, *, #2094, .T. ) ;
#3524 = CARTESIAN_POINT ( 'NONE',  ( 0.000000000000000000, 1.301042606982605321E-15, 6.235777398414732886 ) ) ;
#3525 = CARTESIAN_POINT ( 'NONE',  ( 0.000000000000000000, 2.000000000000001332, 1.187500000000001776 ) ) ;
#3526 = ORIENTED_EDGE ( 'NONE', *, *, #3752, .T. ) ;
#3527 = LINE ( 'NONE', #4860, #2839 ) ;
#3528 = CARTESIAN_POINT ( 'NONE',  ( -0.2505494481683724906, 1.998792828178986847, 5.519999999999999574 ) ) ;
#3529 = CARTESIAN_POINT ( 'NONE',  ( -1.338300807568906459, -0.7726683315066165125, -0.4166666666666602459 ) ) ;
#3530 = ORIENTED_EDGE ( 'NONE', *, *, #119, .T. ) ;
#3531 = FACE_OUTER_BOUND ( 'NONE', #5236, .T. ) ;
#3532 = CARTESIAN_POINT ( 'NONE',  ( -1.338300807568906459, 0.7726683315065865365, 0.9541666666666731578 ) ) ;
#3533 = CARTESIAN_POINT ( 'NONE',  ( 1.176575538379266428, 2.037888611415577866, -6.592708333333335169 ) ) ;
#3534 = CARTESIAN_POINT ( 'NONE',  ( 1.338300807568906015, -0.7726683315066177338, 0.6041666666666729579 ) ) ;
#3535 = FACE_OUTER_BOUND ( 'NONE', #1240, .T. ) ;
#3536 = ORIENTED_EDGE ( 'NONE', *, *, #810, .F. ) ;
#3537 = ORIENTED_EDGE ( 'NONE', *, *, #1595, .T. ) ;
#3538 = CARTESIAN_POINT ( 'NONE',  ( -2.449293598294727122E-16, -2.000000000000030642, -6.162499999999997868 ) ) ;
#3539 = CYLINDRICAL_SURFACE ( 'NONE', #3068, 2.000000000000000888 ) ;
#3540 =( BOUNDED_CURVE ( )  B_SPLINE_CURVE ( 3, ( #3836, #3062, #943, #3396 ),
 .UNSPECIFIED., .F., .T. ) 
 B_SPLINE_CURVE_WITH_KNOTS ( ( 4, 4 ),
 ( 2.946332657651818288, 3.336852649527770165 ),
 .UNSPECIFIED. ) 
 CURVE ( )  GEOMETRIC_REPRESENTATION_ITEM ( )  RATIONAL_B_SPLINE_CURVE ( ( 1.000000000000000000, 0.9873315052531760339, 0.9873315052531760339, 1.000000000000000000 ) ) 
 REPRESENTATION_ITEM ( '' )  );
#3541 = EDGE_CURVE ( 'NONE', #445, #360, #2465, .T. ) ;
#3542 = CARTESIAN_POINT ( 'NONE',  ( -1.338300807568906459, 0.7726683315065872026, -3.945833333333325310 ) ) ;
#3543 = DIRECTION ( 'NONE',  ( 0.1045284632676538317, 0.000000000000000000, 0.9945218953682734009 ) ) ;
#3544 = DIRECTION ( 'NONE',  ( 0.000000000000000000, -1.000000000000000000, 0.000000000000000000 ) ) ;
#3545 = LINE ( 'NONE', #5245, #3334 ) ;
#3546 = CARTESIAN_POINT ( 'NONE',  ( 0.000000000000000000, 2.037888611415577866, 1.121875000000000844 ) ) ;
#3547 = ORIENTED_EDGE ( 'NONE', *, *, #4566, .T. ) ;
#3548 = DIRECTION ( 'NONE',  ( 0.000000000000000000, -1.000000000000000000, 0.000000000000000000 ) ) ;
#3549 = DIRECTION ( 'NONE',  ( 1.000000000000000000, 0.000000000000000000, 0.000000000000000000 ) ) ;
#3550 = CARTESIAN_POINT ( 'NONE',  ( -0.3641915525281507748, 1.384240384857947648, 6.571376534311556661 ) ) ;
#3551 = CARTESIAN_POINT ( 'NONE',  ( -0.2316298193921684234, 2.024863872424953914, 5.519999999999999574 ) ) ;
#3552 = CARTESIAN_POINT ( 'NONE',  ( 0.000000000000000000, 1.545336663013188394, -2.749999999999993339 ) ) ;
#3553 = CARTESIAN_POINT ( 'NONE',  ( -1.732050807568891626, -1.000000000000023315, 0.7208333333333346582 ) ) ;
#3554 = ORIENTED_EDGE ( 'NONE', *, *, #4663, .T. ) ;
#3555 = CARTESIAN_POINT ( 'NONE',  ( -0.8922005383792707134, 1.545336663013187728, 1.595833333333339876 ) ) ;
#3556 = CARTESIAN_POINT ( 'NONE',  ( -1.892491597964171348E-16, -1.545336663013218148, -3.099999999999993427 ) ) ;
#3557 = B_SPLINE_CURVE_WITH_KNOTS ( 'NONE', 3,
 ( #2230, #2258, #484, #958 ),
 .UNSPECIFIED., .F., .F.,
 ( 4, 4 ),
 ( 1.210610298163658493E-20, 0.0001483318494523272718 ),
 .UNSPECIFIED. ) ;
#3558 = CARTESIAN_POINT ( 'NONE',  ( 1.176575538379264652, -2.037888611415607620, -6.826041666666668561 ) ) ;
#3559 = CARTESIAN_POINT ( 'NONE',  ( 0.8922005383792717126, 1.545336663013187284, 0.7791666666666732244 ) ) ;
#3560 = CARTESIAN_POINT ( 'NONE',  ( -0.6077826837533942816, 0.5343434567956882875, 5.520000000000000462 ) ) ;
#3561 = ORIENTED_EDGE ( 'NONE', *, *, #3007, .T. ) ;
#3562 = CARTESIAN_POINT ( 'NONE',  ( 0.000000000000000000, -4.711997834488155533E-16, 6.599999999999999645 ) ) ;
#3563 = CARTESIAN_POINT ( 'NONE',  ( -0.8922005383792713795, -1.545336663013218592, 3.229166666666673180 ) ) ;
#3564 = CARTESIAN_POINT ( 'NONE',  ( 0.7889479297504667921, -0.5796835725955199470, 6.578166142129787453 ) ) ;
#3565 = DIRECTION ( 'NONE',  ( -3.485155683545281329E-15, -0.9945218953682732899, -0.1045284632676538178 ) ) ;
#3566 = ORIENTED_EDGE ( 'NONE', *, *, #187, .T. ) ;
#3567 = CARTESIAN_POINT ( 'NONE',  ( 1.338300807568906015, -0.7726683315066171787, -2.895833333333325044 ) ) ;
#3568 = CARTESIAN_POINT ( 'NONE',  ( 0.000000000000000000, 2.000000000000001332, -1.000000000000003109 ) ) ;
#3569 = PERSON_AND_ORGANIZATION_ROLE ( 'creator' ) ;
#3570 = EDGE_CURVE ( 'NONE', #327, #3348, #325, .T. ) ;
#3571 = EDGE_CURVE ( 'NONE', #3306, #5220, #3933, .T. ) ;
#3572 = CARTESIAN_POINT ( 'NONE',  ( -2.093041481343774990, -0.3059000888266462104, 6.238056148199252249 ) ) ;
#3573 =( BOUNDED_CURVE ( )  B_SPLINE_CURVE ( 2, ( #1718, #3432, #453, #3874, #42, #1743, #3044 ),
 .UNSPECIFIED., .F., .F. ) 
 B_SPLINE_CURVE_WITH_KNOTS ( ( 3, 2, 2, 3 ),
 ( 0.08333333333333330095, 0.1111111111111111049, 0.1388888888888887840, 0.1666666666666665741 ),
 .UNSPECIFIED. ) 
 CURVE ( )  GEOMETRIC_REPRESENTATION_ITEM ( )  RATIONAL_B_SPLINE_CURVE ( ( 1.000000000000000222, 0.8660254037844382635, 1.000000000000000000, 0.8660254037844385966, 1.000000000000000000, 0.8660254037844388186, 0.9999999999999997780 ) ) 
 REPRESENTATION_ITEM ( '' )  );
#3574 = DIRECTION ( 'NONE',  ( 0.000000000000000000, 1.000000000000000000, 1.224646799147353207E-16 ) ) ;
#3575 = CARTESIAN_POINT ( 'NONE',  ( -1.892491597964171594E-16, -1.545336663013218592, -1.612499999999992717 ) ) ;
#3576 = ORIENTED_EDGE ( 'NONE', *, *, #5078, .F. ) ;
#3577 = VERTEX_POINT ( 'NONE', #1272 ) ;
#3578 = CARTESIAN_POINT ( 'NONE',  ( 0.000000000000000000, 2.000000000000001776, -3.100000000000001865 ) ) ;
#3579 = CARTESIAN_POINT ( 'NONE',  ( 0.000000000000000000, 2.000000000000001776, -2.400000000000003020 ) ) ;
#3580 = EDGE_CURVE ( 'NONE', #4505, #4874, #2553, .T. ) ;
#3581 = CARTESIAN_POINT ( 'NONE',  ( 2.015150466805226692, -0.2409597770858942500, 5.519999999999999574 ) ) ;
#3582 = FACE_OUTER_BOUND ( 'NONE', #574, .T. ) ;
#3583 = CARTESIAN_POINT ( 'NONE',  ( -0.8922005383792708244, 1.545336663013187950, 0.1083333333333400539 ) ) ;
#3584 = DIRECTION ( 'NONE',  ( -0.000000000000000000, -1.224646799147353207E-16, 1.000000000000000000 ) ) ;
#3585 = ORIENTED_EDGE ( 'NONE', *, *, #4869, .F. ) ;
#3586 = CARTESIAN_POINT ( 'NONE',  ( -0.8693986141337280982, -1.575609498533246056, 2.669912116328630791 ) ) ;
#3587 = VECTOR ( 'NONE', #3229, 1000.000000000000000 ) ;
#3588 = CARTESIAN_POINT ( 'NONE',  ( 0.8922005383792716016, 1.545336663013187728, -2.808333333333326465 ) ) ;
#3589 = CARTESIAN_POINT ( 'NONE',  ( 0.000000000000000000, 1.545336663013187728, 1.537500000000006528 ) ) ;
#3590 = AXIS2_PLACEMENT_3D ( 'NONE', #3346, #2932, #1547 ) ;
#3591 = CARTESIAN_POINT ( 'NONE',  ( 0.000000000000000000, 1.545336663013188394, -4.849999999999993427 ) ) ;
#3592 = CARTESIAN_POINT ( 'NONE',  ( 0.000000000000000000, 1.545336663013187950, 0.8375000000000065725 ) ) ;
#3593 = CARTESIAN_POINT ( 'NONE',  ( -0.7038255543714048157, 0.4945611972164646319, 5.519999999999999574 ) ) ;
#3594 = EDGE_LOOP ( 'NONE', ( #5442, #641, #2496, #4555 ) ) ;
#3595 = CARTESIAN_POINT ( 'NONE',  ( -0.2409597770858863675, -2.015150466805228024, 5.519999999999999574 ) ) ;
#3596 = CARTESIAN_POINT ( 'NONE',  ( 0.000000000000000000, 2.037888611415577866, -0.2343750000000036637 ) ) ;
#3597 = CONICAL_SURFACE ( 'NONE', #1186, 2.050799999999993517, 0.3490658503988666728 ) ;
#3598 = CARTESIAN_POINT ( 'NONE',  ( -1.764863307568897755, 1.018944305707782050, -6.461458333333331083 ) ) ;
#3599 = CARTESIAN_POINT ( 'NONE',  ( -0.3275868806890463447, -2.064942806641238970, 6.246641223995140102 ) ) ;
#3600 = CARTESIAN_POINT ( 'NONE',  ( 0.3240004585798065273, -2.072835460008758623, 6.244117629312498252 ) ) ;
#3601 = CARTESIAN_POINT ( 'NONE',  ( 0.8922005383792717126, 1.545336663013188172, -5.608333333333327175 ) ) ;
#3602 = CARTESIAN_POINT ( 'NONE',  ( 2.102990981537183224, 0.2809264502845098543, 6.235794016437477438 ) ) ;
#3603 = PERSON_AND_ORGANIZATION ( #2497, #1810 ) ;
#3604 = LINE ( 'NONE', #2354, #4476 ) ;
#3605 = CARTESIAN_POINT ( 'NONE',  ( -0.3213660356514291827, 0.7758462417557681068, 6.599999999999999645 ) ) ;
#3606 = CARTESIAN_POINT ( 'NONE',  ( 0.000000000000000000, 2.037888611415577866, -0.2781249999999988454 ) ) ;
#3607 = ORIENTED_EDGE ( 'NONE', *, *, #2182, .F. ) ;
#3608 = CARTESIAN_POINT ( 'NONE',  ( -2.449293598294727122E-16, -2.000000000000031974, 2.937500000000000888 ) ) ;
#3609 = CARTESIAN_POINT ( 'NONE',  ( 1.732050807568892292, 0.9999999999999911182, 2.470833333333334991 ) ) ;
#3610 =( BOUNDED_CURVE ( )  B_SPLINE_CURVE ( 2, ( #4227, #4616, #757, #4173, #335, #2054, #3807 ),
 .UNSPECIFIED., .F., .F. ) 
 B_SPLINE_CURVE_WITH_KNOTS ( ( 3, 2, 2, 3 ),
 ( 0.5833333333333332593, 0.6111111111111111605, 0.6388888888888887285, 0.6666666666666666297 ),
 .UNSPECIFIED. ) 
 CURVE ( )  GEOMETRIC_REPRESENTATION_ITEM ( )  RATIONAL_B_SPLINE_CURVE ( ( 1.000000000000000000, 0.8660254037844385966, 1.000000000000000000, 0.8660254037844385966, 1.000000000000000000, 0.8660254037844391517, 0.9999999999999994449 ) ) 
 REPRESENTATION_ITEM ( '' )  );
#3611 = LINE ( 'NONE', #3200, #2934 ) ;
#3612 = CARTESIAN_POINT ( 'NONE',  ( 0.8922005383792718236, 1.545336663013187950, -2.808333333333326021 ) ) ;
#3613 = CARTESIAN_POINT ( 'NONE',  ( 0.000000000000000000, 2.000000000000001776, -2.400000000000003020 ) ) ;
#3614 = EDGE_CURVE ( 'NONE', #3470, #3879, #4541, .T. ) ;
#3615 = CARTESIAN_POINT ( 'NONE',  ( -2.353151076758530191, -1.524017464917908772E-14, 0.5968750000000000444 ) ) ;
#3616 = VERTEX_POINT ( 'NONE', #1644 ) ;
#3617 = CARTESIAN_POINT ( 'NONE',  ( 1.784401076758541649, -1.580581477649904820E-14, 1.362500000000006262 ) ) ;
#3618 = CARTESIAN_POINT ( 'NONE',  ( -1.338300807568906459, -0.7726683315066164015, -0.4166666666666602459 ) ) ;
#3619 = CARTESIAN_POINT ( 'NONE',  ( 0.000000000000000000, 1.545336663013187950, 0.1375000000000065337 ) ) ;
#3620 = CARTESIAN_POINT ( 'NONE',  ( 1.176575538379266428, 2.037888611415577422, -4.492708333333335524 ) ) ;
#3621 = CARTESIAN_POINT ( 'NONE',  ( 0.3178112645239483114, 2.081946249364014179, 6.241296139684465949 ) ) ;
#3622 = CARTESIAN_POINT ( 'NONE',  ( -1.338300807568906459, 0.7726683315065869806, -2.633333333333327086 ) ) ;
#3623 = VERTEX_POINT ( 'NONE', #457 ) ;
#3624 = CARTESIAN_POINT ( 'NONE',  ( -0.2061515946880698447, -2.035934974192964653, 5.519999999999999574 ) ) ;
#3625 = CARTESIAN_POINT ( 'NONE',  ( 1.764863307568897088, -1.018944305707812914, 3.032291666666662611 ) ) ;
#3626 = CARTESIAN_POINT ( 'NONE',  ( 0.8922005383792717126, 1.545336663013187062, 3.579166666666673269 ) ) ;
#3627 = CARTESIAN_POINT ( 'NONE',  ( -1.732050807568891404, 0.9999999999999931166, 1.216666666666662788 ) ) ;
#3628 = CARTESIAN_POINT ( 'NONE',  ( -0.8922005383792708244, 1.545336663013188616, -5.491666666666660035 ) ) ;
#3629 = CARTESIAN_POINT ( 'NONE',  ( 2.103356807430398767, 0.2785322625646354799, 6.235777398414732886 ) ) ;
#3630 = COORDINATED_UNIVERSAL_TIME_OFFSET ( 6, 0, .BEHIND. ) ;
#3631 = B_SPLINE_CURVE_WITH_KNOTS ( 'NONE', 3,
 ( #2671, #4001, #3896, #896 ),
 .UNSPECIFIED., .F., .F.,
 ( 4, 4 ),
 ( 0.000000000000000000, 0.0001536824029211855485 ),
 .UNSPECIFIED. ) ;
#3632 = DIRECTION ( 'NONE',  ( 0.000000000000000000, 0.000000000000000000, 1.000000000000000000 ) ) ;
#3633 = CARTESIAN_POINT ( 'NONE',  ( 2.309401076758522020, -1.559150158664825538E-14, -1.175000000000003597 ) ) ;
#3634 = CARTESIAN_POINT ( 'NONE',  ( -0.8922005383792713795, -1.545336663013218148, -1.670833333333326065 ) ) ;
#3635 = ORIENTED_EDGE ( 'NONE', *, *, #3580, .T. ) ;
#3636 = CARTESIAN_POINT ( 'NONE',  ( 0.000000000000000000, 2.000000000000001776, -5.112499999999996270 ) ) ;
#3637 = LINE ( 'NONE', #1086, #4752 ) ;
#3638 = CARTESIAN_POINT ( 'NONE',  ( 1.401258538444111634, -1.427050983124842798, -6.162500000000000533 ) ) ;
#3639 = CARTESIAN_POINT ( 'NONE',  ( 0.000000000000000000, 1.545336663013188394, -3.449999999999992628 ) ) ;
#3640 = CARTESIAN_POINT ( 'NONE',  ( 0.2013947372879189290, 2.036553692936426962, 5.519999999999999574 ) ) ;
#3641 = CYLINDRICAL_SURFACE ( 'NONE', #2575, 2.000000000000000888 ) ;
#3642 = VERTEX_POINT ( 'NONE', #4297 ) ;
#3643 = CARTESIAN_POINT ( 'NONE',  ( -0.2276223391702575927, -1.793980485276139181, 2.724246160532141747 ) ) ;
#3644 = CARTESIAN_POINT ( 'NONE',  ( -1.784401076758541649, -1.522945898968654430E-14, 0.2250000000000064448 ) ) ;
#3645 = CARTESIAN_POINT ( 'NONE',  ( 0.000000000000000000, 2.000000000000001332, 0.4875000000000021538 ) ) ;
#3646 = EDGE_CURVE ( 'NONE', #2513, #1288, #3877, .T. ) ;
#3647 = CYLINDRICAL_SURFACE ( 'NONE', #1630, 2.000000000000000888 ) ;
#3648 = CARTESIAN_POINT ( 'NONE',  ( 0.3303100945300634916, 2.052058483480988738, 6.250900785985006536 ) ) ;
#3649 = DIRECTION ( 'NONE',  ( 0.000000000000000000, -1.000000000000000000, -1.224646799147353207E-16 ) ) ;
#3650 = ORIENTED_EDGE ( 'NONE', *, *, #2125, .T. ) ;
#3651 = CARTESIAN_POINT ( 'NONE',  ( 1.764863307568897088, -1.018944305707812692, 0.9322916666666625218 ) ) ;
#3652 = CARTESIAN_POINT ( 'NONE',  ( 1.338300807568907125, 0.7726683315065847601, 4.220833333333339432 ) ) ;
#3653 = VERTEX_POINT ( 'NONE', #2101 ) ;
#3654 = EDGE_CURVE ( 'NONE', #856, #1622, #2534, .T. ) ;
#3655 = PLANE ( 'NONE',  #1087 ) ;
#3656 = CARTESIAN_POINT ( 'NONE',  ( 2.309401076758522020, -1.533432575882730778E-14, -3.275000000000002576 ) ) ;
#3657 = CARTESIAN_POINT ( 'NONE',  ( -1.732050807568891626, -1.000000000000023093, -0.7666666666666702712 ) ) ;
#3658 = CARTESIAN_POINT ( 'NONE',  ( -2.098156001292510009, 0.3306534476626849517, 6.252282781517265242 ) ) ;
#3659 = CARTESIAN_POINT ( 'NONE',  ( 0.000000000000000000, -2.948506443715970327E-16, 5.160000000000002807 ) ) ;
#3660 = CARTESIAN_POINT ( 'NONE',  ( -0.8922005383792708244, 1.545336663013188172, -1.204166666666659502 ) ) ;
#3661 = ORIENTED_EDGE ( 'NONE', *, *, #3990, .T. ) ;
#3662 = CARTESIAN_POINT ( 'NONE',  ( 0.2785322625646295402, -2.103356807430401432, 6.235777398414733774 ) ) ;
#3663 = APPROVAL ( #1783, 'UNSPECIFIED' ) ;
#3664 = CARTESIAN_POINT ( 'NONE',  ( 2.309401076758522020, -1.567722686258856809E-14, -0.4750000000000031974 ) ) ;
#3665 = CARTESIAN_POINT ( 'NONE',  ( 0.2808027965109824442, -2.105291015454164860, 6.256865758603368022 ) ) ;
#3666 = DIRECTION ( 'NONE',  ( 0.000000000000000000, -1.000000000000000000, 0.000000000000000000 ) ) ;
#3667 = CARTESIAN_POINT ( 'NONE',  ( 0.000000000000000000, -3.086842986109005871, 4.280000000000001137 ) ) ;
#3668 = CARTESIAN_POINT ( 'NONE',  ( 1.176575538379264652, -2.037888611415608509, 0.8302083333333331039 ) ) ;
#3669 = ORIENTED_EDGE ( 'NONE', *, *, #5050, .T. ) ;
#3670 = CARTESIAN_POINT ( 'NONE',  ( -0.5599738645357613676, 1.573946457697400048, 2.344801650460721643 ) ) ;
#3671 = CARTESIAN_POINT ( 'NONE',  ( 1.338300807568906903, 0.7726683315065853153, -0.7666666666666602792 ) ) ;
#3672 = CARTESIAN_POINT ( 'NONE',  ( -0.8922005383792713795, -1.545336663013218370, 0.3416666666666721142 ) ) ;
#3673 = CARTESIAN_POINT ( 'NONE',  ( 1.176575538379266428, 2.037888611415577866, -5.892708333333335879 ) ) ;
#3674 = DIRECTION ( 'NONE',  ( -0.3805870524817677736, -0.9188184237650783848, -0.1045284632676539149 ) ) ;
#3675 = CARTESIAN_POINT ( 'NONE',  ( 0.000000000000000000, -2.000000000000001332, 6.599999999999999645 ) ) ;
#3676 = VERTEX_POINT ( 'NONE', #2126 ) ;
#3677 = ADVANCED_FACE ( 'NONE', ( #2625 ), #4894, .T. ) ;
#3678 = EDGE_CURVE ( 'NONE', #1051, #3077, #1822, .T. ) ;
#3679 = CARTESIAN_POINT ( 'NONE',  ( 0.000000000000000000, 2.000000000000001332, 1.799999999999996270 ) ) ;
#3680 = CARTESIAN_POINT ( 'NONE',  ( 1.338300807568906903, 0.7726683315065846491, 4.133333333333339077 ) ) ;
#3681 = CARTESIAN_POINT ( 'NONE',  ( -1.784401076758541871, -1.566880102888066074E-14, 3.812500000000006661 ) ) ;
#3682 = AXIS2_PLACEMENT_3D ( 'NONE', #5475, #3410, #2152 ) ;
#3683 = CARTESIAN_POINT ( 'NONE',  ( -0.3672000000000000264, -1.616533774874506204E-15, 6.599999999999999645 ) ) ;
#3684 = CARTESIAN_POINT ( 'NONE',  ( 1.784401076758541871, -1.528074746136461905E-14, -2.924999999999992717 ) ) ;
#3685 = ORIENTED_EDGE ( 'NONE', *, *, #4641, .F. ) ;
#3686 = EDGE_CURVE ( 'NONE', #2857, #956, #4036, .T. ) ;
#3687 = AXIS2_PLACEMENT_3D ( 'NONE', #5057, #1620, #2891 ) ;
#3688 = ORIENTED_EDGE ( 'NONE', *, *, #3253, .T. ) ;
#3689 = CARTESIAN_POINT ( 'NONE',  ( -2.001945939414345066, 0.2791914077107235381, 5.762654177856548543 ) ) ;
#3690 = VECTOR ( 'NONE', #2995, 1000.000000000000000 ) ;
#3691 = CARTESIAN_POINT ( 'NONE',  ( -1.732050807568891626, -1.000000000000023315, -0.6791666666666648089 ) ) ;
#3692 = FACE_OUTER_BOUND ( 'NONE', #3594, .T. ) ;
#3693 = ORIENTED_EDGE ( 'NONE', *, *, #1762, .F. ) ;
#3694 = CARTESIAN_POINT ( 'NONE',  ( -0.2536874259130692533, -1.362259747427716272, 5.519999999999999574 ) ) ;
#3695 = CIRCLE ( 'NONE', #1002, 2.046487425913060765 ) ;
#3696 = DIRECTION ( 'NONE',  ( 0.000000000000000000, -1.000000000000000000, 0.000000000000000000 ) ) ;
#3697 = CARTESIAN_POINT ( 'NONE',  ( -1.758661035271120054, 0.5535425746222927268, 2.819963223035858224 ) ) ;
#3698 = LINE ( 'NONE', #4980, #1355 ) ;
#3699 = CARTESIAN_POINT ( 'NONE',  ( 1.115997228625219773, -1.584540631693135415, 3.050536223688472770 ) ) ;
#3700 = CARTESIAN_POINT ( 'NONE',  ( -1.764863307568897977, -1.018944305707811360, 0.6552083333333332815 ) ) ;
#3701 = EDGE_LOOP ( 'NONE', ( #2328, #2490, #3018, #2594 ) ) ;
#3702 = CARTESIAN_POINT ( 'NONE',  ( -2.035934974192965097, 0.2061515946880768113, 5.519999999999999574 ) ) ;
#3703 = CARTESIAN_POINT ( 'NONE',  ( -1.176575538379265984, -2.037888611415607620, -1.342708333333337167 ) ) ;
#3704 = ORIENTED_EDGE ( 'NONE', *, *, #2018, .F. ) ;
#3705 = CIRCLE ( 'NONE', #2373, 0.8800000000000005596 ) ;
#3706 = B_SPLINE_CURVE_WITH_KNOTS ( 'NONE', 3,
 ( #149, #931, #4379, #2252, #509, #955, #70 ),
 .UNSPECIFIED., .F., .F.,
 ( 4, 3, 4 ),
 ( 0.000000000000000000, 0.0003568735380112164797, 0.0007230148547342676434 ),
 .UNSPECIFIED. ) ;
#3707 = CARTESIAN_POINT ( 'NONE',  ( -0.8922005383792708244, 1.545336663013187950, 0.8083333333333390103 ) ) ;
#3708 = CARTESIAN_POINT ( 'NONE',  ( 1.878642024421117718, 0.3117147092536141084, 2.986610494625828949 ) ) ;
#3709 = CARTESIAN_POINT ( 'NONE',  ( -1.764863307568897755, 1.018944305707781828, -5.017708333333335879 ) ) ;
#3710 = CARTESIAN_POINT ( 'NONE',  ( -0.06476160179829998365, -0.1563483373824592626, 0.2202409151620007832 ) ) ;
#3711 = DIRECTION ( 'NONE',  ( -0.000000000000000000, -1.224646799147353207E-16, 1.000000000000000000 ) ) ;
#3712 = ORIENTED_EDGE ( 'NONE', *, *, #4262, .F. ) ;
#3713 = LINE ( 'NONE', #2914, #1660 ) ;
#3714 = CARTESIAN_POINT ( 'NONE',  ( -1.176575538379264874, 2.037888611415577866, -0.1760416666666703434 ) ) ;
#3715 = CARTESIAN_POINT ( 'NONE',  ( -2.495693764988950272E-16, -2.037888611415607176, -4.828124999999998224 ) ) ;
#3716 = DIRECTION ( 'NONE',  ( 0.9238795325112858503, -0.3826834323650920022, 0.000000000000000000 ) ) ;
#3717 = CARTESIAN_POINT ( 'NONE',  ( 1.338300807568906015, -0.7726683315066171787, -2.983333333333325843 ) ) ;
#3718 = ORIENTED_EDGE ( 'NONE', *, *, #2504, .T. ) ;
#3719 = ADVANCED_FACE ( 'NONE', ( #1948 ), #3647, .T. ) ;
#3720 = CARTESIAN_POINT ( 'NONE',  ( 1.154700538379260788, -2.000000000000031530, -6.104166666666665186 ) ) ;
#3721 = CARTESIAN_POINT ( 'NONE',  ( 0.3051615895087289587, 2.025060407590770772, 6.009743952425382396 ) ) ;
#3722 = AXIS2_PLACEMENT_3D ( 'NONE', #1057, #4477, #3228 ) ;
#3723 = ORIENTED_EDGE ( 'NONE', *, *, #4088, .T. ) ;
#3724 = DIRECTION ( 'NONE',  ( -0.000000000000000000, -1.224646799147353207E-16, 1.000000000000000000 ) ) ;
#3725 = CARTESIAN_POINT ( 'NONE',  ( -1.419741087999606632, -0.8628276275499592307, 2.320521840305388661 ) ) ;
#3726 = CARTESIAN_POINT ( 'NONE',  ( -1.385267003826792909, -0.7560228275328069181, 6.579841044881439061 ) ) ;
#3727 = CARTESIAN_POINT ( 'NONE',  ( -1.381458624468311580, 0.3502066986637588086, 6.438319537806443726 ) ) ;
#3728 = CARTESIAN_POINT ( 'NONE',  ( -1.784401076758541871, -1.455437244165656711E-14, -5.287499999999991651 ) ) ;
#3729 = CARTESIAN_POINT ( 'NONE',  ( -1.764863307568897977, -1.018944305707811582, 1.355208333333333348 ) ) ;
#3730 = ORIENTED_EDGE ( 'NONE', *, *, #3570, .F. ) ;
#3731 = CARTESIAN_POINT ( 'NONE',  ( 0.000000000000000000, 2.000000000000000888, 1.887500000000001510 ) ) ;
#3732 = CARTESIAN_POINT ( 'NONE',  ( -1.764863307568897755, 1.018944305707781384, -0.8177083333333360349 ) ) ;
#3733 = ORIENTED_EDGE ( 'NONE', *, *, #2434, .F. ) ;
#3734 = CARTESIAN_POINT ( 'NONE',  ( -0.8922005383792708244, 1.545336663013187284, 3.695833333333339965 ) ) ;
#3735 = CARTESIAN_POINT ( 'NONE',  ( 1.798377806300897275, -0.5475602337876251946, 2.919266130114033686 ) ) ;
#3736 = CARTESIAN_POINT ( 'NONE',  ( -1.764863307568897755, 1.018944305707781606, -4.317708333333334814 ) ) ;
#3737 = DIRECTION ( 'NONE',  ( 8.659560562354884787E-17, 0.7071067811865434649, 0.7071067811865516806 ) ) ;
#3738 = CARTESIAN_POINT ( 'NONE',  ( -0.7846828240533262333, -0.5754184668983779449, 6.525146117474438512 ) ) ;
#3739 = VERTEX_POINT ( 'NONE', #1976 ) ;
#3740 = CARTESIAN_POINT ( 'NONE',  ( -1.892491597964171594E-16, -1.545336663013219036, 1.100000000000005418 ) ) ;
#3741 = CARTESIAN_POINT ( 'NONE',  ( 2.353151076758530191, -1.620765200746927054E-14, 3.790624999999996358 ) ) ;
#3742 = CARTESIAN_POINT ( 'NONE',  ( 1.764863307568898643, 1.018944305707780495, -5.994791666666665186 ) ) ;
#3743 = CARTESIAN_POINT ( 'NONE',  ( 0.3641915525281628763, 1.384240384857945205, 6.571376534311556661 ) ) ;
#3744 = CARTESIAN_POINT ( 'NONE',  ( 1.732050807568890960, -1.000000000000023981, -3.333333333333335258 ) ) ;
#3745 = ORIENTED_EDGE ( 'NONE', *, *, #3922, .T. ) ;
#3746 = CARTESIAN_POINT ( 'NONE',  ( 0.2636244833933286680, -1.261356100933072488, 5.520000000000000462 ) ) ;
#3747 = CARTESIAN_POINT ( 'NONE',  ( 2.097688122752423556, -0.2973012310802300995, 6.236861590283158563 ) ) ;
#3748 = CARTESIAN_POINT ( 'NONE',  ( 1.784401076758541871, -1.572008950055872918E-14, 0.6625000000000074163 ) ) ;
#3749 = ORIENTED_EDGE ( 'NONE', *, *, #3892, .T. ) ;
#3750 = EDGE_CURVE ( 'NONE', #4699, #4551, #3084, .T. ) ;
#3751 = CARTESIAN_POINT ( 'NONE',  ( 0.000000000000000000, 1.145333991425690651E-15, -6.599999999999999645 ) ) ;
#3752 = EDGE_CURVE ( 'NONE', #4505, #5530, #1237, .T. ) ;
#3753 = LINE ( 'NONE', #3286, #831 ) ;
#3754 = CARTESIAN_POINT ( 'NONE',  ( 0.2532255823530153993, -1.978416244007440428, 5.515605852048856228 ) ) ;
#3755 = CARTESIAN_POINT ( 'NONE',  ( -1.732050807568891404, 0.9999999999999933387, -1.495833333333330684 ) ) ;
#3756 = CARTESIAN_POINT ( 'NONE',  ( -1.338300807568906459, 0.7726683315065872026, -4.645833333333325044 ) ) ;
#3757 = EDGE_CURVE ( 'NONE', #2554, #2506, #401, .T. ) ;
#3758 = CARTESIAN_POINT ( 'NONE',  ( 1.764863307568897088, -1.018944305707812914, 2.988541666666666874 ) ) ;
#3759 = VERTEX_POINT ( 'NONE', #1688 ) ;
#3760 = CARTESIAN_POINT ( 'NONE',  ( -2.031466856759378103, 0.2209471874066399610, 5.519999999999999574 ) ) ;
#3761 = ADVANCED_FACE ( 'NONE', ( #4291 ), #1109, .T. ) ;
#3762 = CARTESIAN_POINT ( 'NONE',  ( 2.353151076758530191, -1.552184979994674677E-14, -1.809375000000003064 ) ) ;
#3763 = CARTESIAN_POINT ( 'NONE',  ( 0.8922005383792704913, -1.545336663013219480, 2.645833333333339699 ) ) ;
#3764 = CARTESIAN_POINT ( 'NONE',  ( 0.4214661669264190835, 1.724148484927979119, -6.400462874291520166 ) ) ;
#3765 =( BOUNDED_CURVE ( )  B_SPLINE_CURVE ( 2, ( #4672, #2587, #841, #2562, #4286, #34, #4311 ),
 .UNSPECIFIED., .F., .T. ) 
 B_SPLINE_CURVE_WITH_KNOTS ( ( 3, 2, 2, 3 ),
 ( 0.1734816037395963129, 0.1944444444444444198, 0.2222222222222222099, 0.2500000000000000000 ),
 .UNSPECIFIED. ) 
 CURVE ( )  GEOMETRIC_REPRESENTATION_ITEM ( )  RATIONAL_B_SPLINE_CURVE ( ( 0.9503899758763145744, 0.8988944277173263053, 1.000000000000000000, 0.8660254037844385966, 1.000000000000000000, 0.8660254037844385966, 1.000000000000000000 ) ) 
 REPRESENTATION_ITEM ( '' )  );
#3766 = CARTESIAN_POINT ( 'NONE',  ( -1.764863307568897755, 1.018944305707781606, -2.961458333333331971 ) ) ;
#3767 = CARTESIAN_POINT ( 'NONE',  ( 0.8922005383792717126, 1.545336663013187950, -2.720833333333326109 ) ) ;
#3768 = CARTESIAN_POINT ( 'NONE',  ( 0.8922005383792718236, 1.545336663013187728, -1.408333333333326998 ) ) ;
#3769 = VERTEX_POINT ( 'NONE', #5445 ) ;
#3770 = CARTESIAN_POINT ( 'NONE',  ( -0.3826980794443283207, -1.234094626827385799, 6.467413237156726780 ) ) ;
#3771 = CARTESIAN_POINT ( 'NONE',  ( 0.2536874259130691978, 2.070106209874711453E-15, 5.519999999999999574 ) ) ;
#3772 = CARTESIAN_POINT ( 'NONE',  ( 1.176575538379264652, -2.037888611415608064, -3.369791666666664298 ) ) ;
#3773 = CARTESIAN_POINT ( 'NONE',  ( -1.154700538379263230, -2.000000000000027978, 1.391666666666661945 ) ) ;
#3774 = CARTESIAN_POINT ( 'NONE',  ( -0.8922005383792713795, -1.545336663013218148, -3.858333333333325843 ) ) ;
#3775 = VERTEX_POINT ( 'NONE', #2411 ) ;
#3776 = AXIS2_PLACEMENT_3D ( 'NONE', #1362, #3907, #1805 ) ;
#3777 = CARTESIAN_POINT ( 'NONE',  ( 1.384277204557468943, 1.104448320761612479, 2.620881589939111578 ) ) ;
#3778 = CARTESIAN_POINT ( 'NONE',  ( 2.052058483480984741, -0.3303100945300716518, 6.250900785985007424 ) ) ;
#3779 = CIRCLE ( 'NONE', #1896, 6.361972271885258046 ) ;
#3780 = ORIENTED_EDGE ( 'NONE', *, *, #1391, .F. ) ;
#3781 = CARTESIAN_POINT ( 'NONE',  ( 0.3826980794443263223, -1.234094626827386243, 6.467413237156726780 ) ) ;
#3782 = CARTESIAN_POINT ( 'NONE',  ( 1.154700538379260788, -2.000000000000031530, -1.991666666666670915 ) ) ;
#3783 = CIRCLE ( 'NONE', #2897, 2.121718661993897914 ) ;
#3784 = CARTESIAN_POINT ( 'NONE',  ( -1.850056174816656185, -0.1637473874243855210, 2.857489971139630214 ) ) ;
#3785 = PLANE ( 'NONE',  #3496 ) ;
#3786 = ADVANCED_FACE ( 'NONE', ( #3692 ), #716, .F. ) ;
#3787 = ORIENTED_EDGE ( 'NONE', *, *, #847, .T. ) ;
#3788 = CARTESIAN_POINT ( 'NONE',  ( -1.214287501422800730, 0.2831209356724038728, 5.519999999999999574 ) ) ;
#3789 = CARTESIAN_POINT ( 'NONE',  ( 1.764863307568897088, -1.018944305707812470, -1.867708333333337078 ) ) ;
#3790 = CARTESIAN_POINT ( 'NONE',  ( -0.8922005383792708244, 1.545336663013187728, 2.295833333333339610 ) ) ;
#3791 = CARTESIAN_POINT ( 'NONE',  ( -1.154700538379260788, 2.000000000000001332, 1.858333333333329396 ) ) ;
#3792 = EDGE_CURVE ( 'NONE', #3442, #4125, #2084, .T. ) ;
#3793 = CARTESIAN_POINT ( 'NONE',  ( 1.176575538379264652, -2.037888611415608064, -2.669791666666665897 ) ) ;
#3794 = CARTESIAN_POINT ( 'NONE',  ( -1.784401076758541871, -1.515444937323876870E-14, -0.3874999999999928502 ) ) ;
#3795 = CARTESIAN_POINT ( 'NONE',  ( 1.338300807568906015, -0.7726683315066174007, -1.583333333333326820 ) ) ;
#3796 = VERTEX_POINT ( 'NONE', #3458 ) ;
#3797 = DIRECTION ( 'NONE',  ( 0.000000000000000000, 1.000000000000000000, 2.114691188776102802E-16 ) ) ;
#3798 = CARTESIAN_POINT ( 'NONE',  ( 2.001945947271348114, 0.2791914163811369809, 5.762654260350200452 ) ) ;
#3799 = CARTESIAN_POINT ( 'NONE',  ( -2.353151076758530191, -1.455437244165656711E-14, -5.003124999999998046 ) ) ;
#3800 = CARTESIAN_POINT ( 'NONE',  ( 1.433907949021956390E-12, -1.792972777169009602, -6.369527222830995150 ) ) ;
#3801 = CARTESIAN_POINT ( 'NONE',  ( 1.154700538379263230, -2.000000000000027978, 1.595833333333334769 ) ) ;
#3802 = ORIENTED_EDGE ( 'NONE', *, *, #1904, .T. ) ;
#3803 = CARTESIAN_POINT ( 'NONE',  ( -1.154700538379260566, -2.000000000000033307, -4.820833333333331971 ) ) ;
#3804 = CARTESIAN_POINT ( 'NONE',  ( 2.878373097311964457E-15, -7.583768391913428139E-16, 6.235777398414734662 ) ) ;
#3805 = ORIENTED_EDGE ( 'NONE', *, *, #464, .T. ) ;
#3806 = CARTESIAN_POINT ( 'NONE',  ( -1.784401076758541649, -1.540090954156717603E-14, 1.625000000000005551 ) ) ;
#3807 = CARTESIAN_POINT ( 'NONE',  ( 0.000000000000000000, 2.000000000000001776, -2.312499999999997780 ) ) ;
#3808 = CARTESIAN_POINT ( 'NONE',  ( 0.8922005383792718236, 1.545336663013188172, -5.520833333333325044 ) ) ;
#3809 = CARTESIAN_POINT ( 'NONE',  ( -0.6151383917699086989, -0.6910032105720411710, 6.533202782269164288 ) ) ;
#3810 = B_SPLINE_CURVE_WITH_KNOTS ( 'NONE', 3,
 ( #2699, #3146, #3643, #204, #1432, #3586, #4400, #4425, #1488, #1006, #1461, #2276, #2307, #4454, #1973, #2367, #4809, #2394, #671, #1944, #2729, #5313, #3177, #3670, #582, #5370, #171, #1880 ),
 .UNSPECIFIED., .F., .F.,
 ( 4, 2, 2, 2, 2, 2, 2, 2, 2, 2, 2, 2, 2, 4 ),
 ( 0.007012186226385098281, 0.007351595991189345709, 0.007691005755993593138, 0.008369825285602087994, 0.008709235050406336290, 0.009048644815210584585, 0.009388054580014831146, 0.009727464344819079442, 0.01040628387442757430, 0.01108510340403607089, 0.01142451316884031745, 0.01176392293364456575, 0.01210333269844881404, 0.01244274246325306060 ),
 .UNSPECIFIED. ) ;
#3811 = ORIENTED_EDGE ( 'NONE', *, *, #31, .T. ) ;
#3812 = CARTESIAN_POINT ( 'NONE',  ( 0.3826980794443263223, -1.234094626827386243, 6.467413237156726780 ) ) ;
#3813 = CARTESIAN_POINT ( 'NONE',  ( 1.176575538379266428, 2.037888611415576978, -0.9927083333333363013 ) ) ;
#3814 = CARTESIAN_POINT ( 'NONE',  ( 1.784401076758541871, -1.613800022076776824E-14, 4.075000000000005507 ) ) ;
#3815 = CARTESIAN_POINT ( 'NONE',  ( 1.732050807568890960, -1.000000000000023759, -6.133333333333336412 ) ) ;
#3816 = CARTESIAN_POINT ( 'NONE',  ( 0.2144259247693874881, -2.048024250820237313, 5.640806529666005709 ) ) ;
#3817 = CARTESIAN_POINT ( 'NONE',  ( -1.784401076758541871, -1.498299882135814013E-14, -1.787499999999992761 ) ) ;
#3818 = CARTESIAN_POINT ( 'NONE',  ( 1.784401076758541649, -1.553792328918556033E-14, -0.8249999999999932943 ) ) ;
#3819 = EDGE_LOOP ( 'NONE', ( #949, #3536, #3438, #477 ) ) ;
#3820 = CARTESIAN_POINT ( 'NONE',  ( -1.154700538379263453, 1.999999999999997113, 0.4583333333333308168 ) ) ;
#3821 = CARTESIAN_POINT ( 'NONE',  ( -0.3826980794443177736, 1.234094626827387353, 6.467413237156726780 ) ) ;
#3822 = EDGE_CURVE ( 'NONE', #445, #2578, #1540, .T. ) ;
#3823 = CARTESIAN_POINT ( 'NONE',  ( -2.353151076758530191, -1.481154826947751155E-14, -2.903124999999997957 ) ) ;
#3824 = CARTESIAN_POINT ( 'NONE',  ( -0.1213011159941502770, -1.776799876268168044, -6.385700123731641753 ) ) ;
#3825 = CARTESIAN_POINT ( 'NONE',  ( -0.2790830526408897838, -2.001742563614592019, 5.761623248231878769 ) ) ;
#3826 = ORIENTED_EDGE ( 'NONE', *, *, #5308, .F. ) ;
#3827 = EDGE_CURVE ( 'NONE', #3857, #4800, #5473, .T. ) ;
#3828 = CARTESIAN_POINT ( 'NONE',  ( 1.362259747427714496, 0.2536874259130708076, 5.519999999999999574 ) ) ;
#3829 = CARTESIAN_POINT ( 'NONE',  ( 0.000000000000000000, 2.000000000000001332, -0.9124999999999976463 ) ) ;
#3830 = VERTEX_POINT ( 'NONE', #4732 ) ;
#3831 = CARTESIAN_POINT ( 'NONE',  ( 1.338300807568906903, 0.7726683315065847601, 3.433333333333338899 ) ) ;
#3832 = DIRECTION ( 'NONE',  ( -0.000000000000000000, -1.224646799147353207E-16, 1.000000000000000000 ) ) ;
#3833 = CARTESIAN_POINT ( 'NONE',  ( 2.001945939414561781, -0.2791914077107098824, 5.762654177856538773 ) ) ;
#3834 = CARTESIAN_POINT ( 'NONE',  ( 0.000000000000000000, -4.711997834488155533E-16, 6.599999999999999645 ) ) ;
#3835 = ORIENTED_EDGE ( 'NONE', *, *, #4201, .F. ) ;
#3836 = CARTESIAN_POINT ( 'NONE',  ( -0.2536874259130571518, 1.362259747427716716, 5.519999999999999574 ) ) ;
#3837 = LINE ( 'NONE', #5120, #3951 ) ;
#3838 = CARTESIAN_POINT ( 'NONE',  ( -0.8922005383792708244, 1.545336663013187284, 3.608333333333339166 ) ) ;
#3839 = CARTESIAN_POINT ( 'NONE',  ( 0.000000000000000000, 2.000000000000002220, -5.900000000000001243 ) ) ;
#3840 = CARTESIAN_POINT ( 'NONE',  ( 1.764863307568898643, 1.018944305707779829, -1.794791666666665897 ) ) ;
#3841 = CARTESIAN_POINT ( 'NONE',  ( 0.000000000000000000, 1.545336663013187950, 0.1375000000000073941 ) ) ;
#3842 = DIRECTION ( 'NONE',  ( -0.07992773943613237786, -0.07992773943613246113, -0.9935910189495773537 ) ) ;
#3843 = EDGE_LOOP ( 'NONE', ( #3390, #1056, #114, #2205 ) ) ;
#3844 = DIRECTION ( 'NONE',  ( 0.000000000000000000, 0.000000000000000000, 1.000000000000000000 ) ) ;
#3845 = CARTESIAN_POINT ( 'NONE',  ( 1.732050807568892292, 0.9999999999999913403, -0.3291666666666647201 ) ) ;
#3846 = CARTESIAN_POINT ( 'NONE',  ( 0.8922005383792704913, -1.545336663013218592, -3.654166666666658347 ) ) ;
#3847 = CARTESIAN_POINT ( 'NONE',  ( 0.8922005383792716016, 1.545336663013187950, -5.608333333333327175 ) ) ;
#3848 = EDGE_CURVE ( 'NONE', #3642, #534, #1289, .T. ) ;
#3849 = PLANE ( 'NONE',  #1467 ) ;
#3850 = EDGE_LOOP ( 'NONE', ( #4009, #4715, #4219, #1979 ) ) ;
#3851 = CARTESIAN_POINT ( 'NONE',  ( 1.234094626827384023, 0.3826980794443300415, 6.467413237156727668 ) ) ;
#3852 = CARTESIAN_POINT ( 'NONE',  ( -0.2917822747239912085, 2.013052336805463138, 5.882448275415797845 ) ) ;
#3853 = ORIENTED_EDGE ( 'NONE', *, *, #2775, .F. ) ;
#3854 = ADVANCED_FACE ( 'NONE', ( #3531 ), #5203, .T. ) ;
#3855 = CARTESIAN_POINT ( 'NONE',  ( 1.338300807568907125, 0.7726683315065860924, -5.579166666666658614 ) ) ;
#3856 = VECTOR ( 'NONE', #1891, 1000.000000000000000 ) ;
#3857 = VERTEX_POINT ( 'NONE', #1379 ) ;
#3858 = CARTESIAN_POINT ( 'NONE',  ( 0.000000000000000000, 1.545336663013187284, 3.550000000000006040 ) ) ;
#3859 =( NAMED_UNIT ( * ) PLANE_ANGLE_UNIT ( ) SI_UNIT ( $, .RADIAN. ) );
#3860 = CARTESIAN_POINT ( 'NONE',  ( 1.338300807568907125, 0.7726683315065860924, -5.579166666666658614 ) ) ;
#3861 = AXIS2_PLACEMENT_3D ( 'NONE', #2143, #3844, #2595 ) ;
#3862 = CARTESIAN_POINT ( 'NONE',  ( 0.8922005383792703803, -1.545336663013219258, -0.1541666666666592911 ) ) ;
#3863 = ORIENTED_EDGE ( 'NONE', *, *, #5284, .T. ) ;
#3864 = CARTESIAN_POINT ( 'NONE',  ( -0.2541964601463158058, 2.082636196188725197, 6.009744002194839396 ) ) ;
#3865 = CIRCLE ( 'NONE', #1996, 2.121718661993897914 ) ;
#3866 = CARTESIAN_POINT ( 'NONE',  ( 0.000000000000000000, 2.037888611415577866, -0.2343750000000028033 ) ) ;
#3867 = CARTESIAN_POINT ( 'NONE',  ( 0.000000000000000000, -4.711997834488155533E-16, 6.599999999999999645 ) ) ;
#3868 = CARTESIAN_POINT ( 'NONE',  ( 0.8922005383792703803, -1.545336663013218592, -4.441666666666659324 ) ) ;
#3869 = VECTOR ( 'NONE', #891, 1000.000000000000227 ) ;
#3870 = CARTESIAN_POINT ( 'NONE',  ( 0.000000000000000000, 2.037888611415578310, -1.678124999999998757 ) ) ;
#3871 = CARTESIAN_POINT ( 'NONE',  ( 1.338300807568907125, 0.7726683315065856483, -2.866666666666660035 ) ) ;
#3872 = CARTESIAN_POINT ( 'NONE',  ( -2.449293598294727122E-16, -2.000000000000031086, -2.050000000000003819 ) ) ;
#3873 = ORIENTED_EDGE ( 'NONE', *, *, #3104, .F. ) ;
#3874 = CARTESIAN_POINT ( 'NONE',  ( -2.309401076758522464, -1.516516503273131213E-14, -0.03749999999999808348 ) ) ;
#3875 = LINE ( 'NONE', #4401, #4582 ) ;
#3876 = CARTESIAN_POINT ( 'NONE',  ( 0.000000000000000000, 1.545336663013188838, -6.162499999999991651 ) ) ;
#3877 = LINE ( 'NONE', #1748, #3337 ) ;
#3878 = CARTESIAN_POINT ( 'NONE',  ( -0.3177086153809228208, -2.036042748710472416, 6.129120929389992867 ) ) ;
#3879 = VERTEX_POINT ( 'NONE', #3071 ) ;
#3880 = AXIS2_PLACEMENT_3D ( 'NONE', #2429, #769, #208 ) ;
#3881 = DIRECTION ( 'NONE',  ( -0.000000000000000000, -1.224646799147353207E-16, 1.000000000000000000 ) ) ;
#3882 = CARTESIAN_POINT ( 'NONE',  ( 0.000000000000000000, 2.000000000000002220, -5.200000000000001954 ) ) ;
#3883 = CARTESIAN_POINT ( 'NONE',  ( -1.892491597964171594E-16, -1.545336663013218148, -5.112499999999991829 ) ) ;
#3884 = CARTESIAN_POINT ( 'NONE',  ( -1.338300807568906459, -0.7726683315066168456, 2.383333333333339077 ) ) ;
#3885 = DIRECTION ( 'NONE',  ( 0.1045058763748857728, -0.02078751127481496749, 0.9943069954385902465 ) ) ;
#3886 = ADVANCED_FACE ( 'NONE', ( #11 ), #4319, .T. ) ;
#3887 = CARTESIAN_POINT ( 'NONE',  ( -1.338300807568906459, -0.7726683315066158464, -5.929166666666659147 ) ) ;
#3888 = CARTESIAN_POINT ( 'NONE',  ( 0.000000000000000000, 1.545336663013188172, -1.262499999999992850 ) ) ;
#3889 = EDGE_LOOP ( 'NONE', ( #3009, #3688, #4346, #4338 ) ) ;
#3890 = PLANE ( 'NONE',  #296 ) ;
#3891 = CARTESIAN_POINT ( 'NONE',  ( 0.8862046390814565244, 1.362573702138895060, 2.216014130064215326 ) ) ;
#3892 = EDGE_CURVE ( 'NONE', #5153, #4844, #1684, .T. ) ;
#3893 = DIRECTION ( 'NONE',  ( -0.000000000000000000, -1.224646799147353207E-16, 1.000000000000000000 ) ) ;
#3894 = CARTESIAN_POINT ( 'NONE',  ( -1.784401076758541649, -1.471510733404465857E-14, -3.974999999999992539 ) ) ;
#3895 = CARTESIAN_POINT ( 'NONE',  ( 1.338300807568907125, 0.7726683315065856483, -2.166666666666659857 ) ) ;
#3896 = CARTESIAN_POINT ( 'NONE',  ( -1.330523465946947370, -0.3513924484429629125, 6.449601193357406004 ) ) ;
#3897 = ORIENTED_EDGE ( 'NONE', *, *, #2560, .T. ) ;
#3898 = CARTESIAN_POINT ( 'NONE',  ( -0.2981763064969557564, 2.377675977536287550E-15, 0.2693673207834478833 ) ) ;
#3899 = CIRCLE ( 'NONE', #2745, 3.877262088330835965 ) ;
#3900 = CYLINDRICAL_SURFACE ( 'NONE', #108, 2.000000000000000888 ) ;
#3901 = EDGE_CURVE ( 'NONE', #1618, #4551, #991, .T. ) ;
#3902 = CARTESIAN_POINT ( 'NONE',  ( 0.8922005383792704913, -1.545336663013218370, -6.454166666666658614 ) ) ;
#3903 = CARTESIAN_POINT ( 'NONE',  ( -1.784401076758541649, -1.480083260998497128E-14, -3.274999999999992806 ) ) ;
#3904 = CARTESIAN_POINT ( 'NONE',  ( -1.764863307568897977, -1.018944305707811804, 4.155208333333333393 ) ) ;
#3905 = CARTESIAN_POINT ( 'NONE',  ( 0.2831209356723893844, -1.214287501422804949, 5.519999999999999574 ) ) ;
#3906 = EDGE_LOOP ( 'NONE', ( #3176, #5511, #2374, #4090, #5483, #3566, #1786, #5006, #3805, #2521, #345, #5262, #3547, #366, #1691, #3043, #510, #5291, #2422, #4637, #1423, #527, #4694, #5436 ) ) ;
#3907 = DIRECTION ( 'NONE',  ( 0.000000000000000000, 1.224646799147352961E-16, -1.000000000000000000 ) ) ;
#3908 = CARTESIAN_POINT ( 'NONE',  ( 0.000000000000000000, 2.070106209874711453E-15, 6.599999999999999645 ) ) ;
#3909 = CARTESIAN_POINT ( 'NONE',  ( 1.322728515866201437, 1.496536883150082486, 3.215311179658045138 ) ) ;
#3910 = CARTESIAN_POINT ( 'NONE',  ( -1.338300807568906237, 0.7726683315065862034, 2.266666666666672381 ) ) ;
#3911 = PERSON_AND_ORGANIZATION ( #2497, #1810 ) ;
#3912 = CARTESIAN_POINT ( 'NONE',  ( -0.6318599298583307267, -1.545336663013217482, -6.553811896062461173 ) ) ;
#3913 = CARTESIAN_POINT ( 'NONE',  ( -1.338300807568906459, 0.7726683315065868696, -1.845833333333326109 ) ) ;
#3914 = EDGE_CURVE ( 'NONE', #2254, #2851, #3573, .T. ) ;
#3915 = EDGE_CURVE ( 'NONE', #1537, #4331, #1322, .T. ) ;
#3916 = ORIENTED_EDGE ( 'NONE', *, *, #1320, .T. ) ;
#3917 = CARTESIAN_POINT ( 'NONE',  ( -1.732050807568891626, -1.000000000000023537, 2.733333333333328952 ) ) ;
#3918 = CARTESIAN_POINT ( 'NONE',  ( -1.176575538379265984, -2.037888611415607620, 0.05729166666666295898 ) ) ;
#3919 = CARTESIAN_POINT ( 'NONE',  ( 1.338300807568906015, -0.7726683315066180668, 3.316666666666672203 ) ) ;
#3920 = CARTESIAN_POINT ( 'NONE',  ( 0.1241365853432254418, -1.814065253157581159, 2.749576628650160171 ) ) ;
#3921 = CARTESIAN_POINT ( 'NONE',  ( -1.892491597964171594E-16, -1.545336663013218592, -0.9999999999999935607 ) ) ;
#3922 = EDGE_CURVE ( 'NONE', #3514, #2706, #1850, .T. ) ;
#3923 = CARTESIAN_POINT ( 'NONE',  ( -2.047395140491270027, -0.3306731578647273961, 6.252470311563133265 ) ) ;
#3924 = ORIENTED_EDGE ( 'NONE', *, *, #590, .T. ) ;
#3925 = CARTESIAN_POINT ( 'NONE',  ( 1.154700538379262120, 2.000000000000000000, 2.441666666666662433 ) ) ;
#3926 = CARTESIAN_POINT ( 'NONE',  ( 1.784401076758541871, -1.512001256897652759E-14, -4.237499999999991829 ) ) ;
#3927 = CARTESIAN_POINT ( 'NONE',  ( -1.176575538379264874, 2.037888611415578755, -6.476041666666668917 ) ) ;
#3928 = CARTESIAN_POINT ( 'NONE',  ( 1.338300807568907125, 0.7726683315065852042, 1.420833333333339832 ) ) ;
#3929 = DIRECTION ( 'NONE',  ( 0.000000000000000000, -1.000000000000000000, 0.000000000000000000 ) ) ;
#3930 = EDGE_LOOP ( 'NONE', ( #2792, #2473, #5415, #4117, #789, #1222, #748, #1315, #4187, #1943, #2524, #2570, #4609, #1451, #3561, #691, #1160, #3511, #4350, #3457, #5227, #5312, #503, #2020, #3523, #2212, #3811, #4212, #3749, #2873, #4108, #3087, #2921, #2161, #1150, #3723, #2419, #2131, #974, #3897, #1246, #1053 ) ) ;
#3931 = CARTESIAN_POINT ( 'NONE',  ( 1.677611085159009363, -0.05003798056947497686, -6.497507605325382407 ) ) ;
#3932 = CYLINDRICAL_SURFACE ( 'NONE', #2169, 2.000000000000000888 ) ;
#3933 =( BOUNDED_CURVE ( )  B_SPLINE_CURVE ( 2, ( #4192, #356, #3627, #4496, #4713, #3773, #1695 ),
 .UNSPECIFIED., .F., .F. ) 
 B_SPLINE_CURVE_WITH_KNOTS ( ( 3, 2, 2, 3 ),
 ( 0.1666666666666667684, 0.1944444444444445030, 0.2222222222222221821, 0.2499999999999999167 ),
 .UNSPECIFIED. ) 
 CURVE ( )  GEOMETRIC_REPRESENTATION_ITEM ( )  RATIONAL_B_SPLINE_CURVE ( ( 0.9999999999999994449, 0.8660254037844392627, 1.000000000000000000, 0.8660254037844387076, 1.000000000000000000, 0.8660254037844391517, 0.9999999999999995559 ) ) 
 REPRESENTATION_ITEM ( '' )  );
#3934 = CARTESIAN_POINT ( 'NONE',  ( 0.8922005383792704913, -1.545336663013218592, -3.654166666666658347 ) ) ;
#3935 = DIRECTION ( 'NONE',  ( 0.000000000000000000, 0.000000000000000000, 1.000000000000000000 ) ) ;
#3936 = CARTESIAN_POINT ( 'NONE',  ( -0.8922005383792707134, 1.545336663013188394, -4.004166666666658436 ) ) ;
#3937 = EDGE_LOOP ( 'NONE', ( #5192, #4082, #1723, #2401 ) ) ;
#3938 = CARTESIAN_POINT ( 'NONE',  ( 2.449293598294707893E-16, 2.000000000000000444, 6.599999999999999645 ) ) ;
#3939 = CARTESIAN_POINT ( 'NONE',  ( 0.000000000000000000, 2.000000000000001776, -1.700000000000002842 ) ) ;
#3940 = VECTOR ( 'NONE', #4501, 999.9999999999998863 ) ;
#3941 = CARTESIAN_POINT ( 'NONE',  ( 4.839804150230338033E-16, 3.951999999999998181, 5.160000000000003695 ) ) ;
#3942 = CARTESIAN_POINT ( 'NONE',  ( -1.338300807568906459, 0.7726683315065873137, -5.433333333333326465 ) ) ;
#3943 = CARTESIAN_POINT ( 'NONE',  ( -1.338300807568906459, -0.7726683315066162905, -2.516666666666659946 ) ) ;
#3944 = VECTOR ( 'NONE', #373, 1000.000000000000000 ) ;
#3945 = CARTESIAN_POINT ( 'NONE',  ( 1.384240384857944539, 0.3641915525281644306, 6.571376534311556661 ) ) ;
#3946 = VERTEX_POINT ( 'NONE', #4033 ) ;
#3947 = CARTESIAN_POINT ( 'NONE',  ( 0.2275697390572327672, 2.059598714811824660, 5.762654258533580709 ) ) ;
#3948 = DIRECTION ( 'NONE',  ( 0.000000000000000000, -0.1045284632676538317, 0.9945218953682734009 ) ) ;
#3949 = CARTESIAN_POINT ( 'NONE',  ( -1.892491597964171594E-16, -1.545336663013218148, -4.412499999999991651 ) ) ;
#3950 = EDGE_CURVE ( 'NONE', #3217, #3796, #3810, .T. ) ;
#3951 = VECTOR ( 'NONE', #1293, 1000.000000000000000 ) ;
#3952 = CARTESIAN_POINT ( 'NONE',  ( -1.764863307568897977, -1.018944305707810694, -6.301041666666668206 ) ) ;
#3953 = CARTESIAN_POINT ( 'NONE',  ( -2.353151076758530191, -1.566880102888066074E-14, 4.096874999999999822 ) ) ;
#3954 = CARTESIAN_POINT ( 'NONE',  ( -0.5754184668983688411, 0.7846828240533317844, 6.525146117474438512 ) ) ;
#3955 = ORIENTED_EDGE ( 'NONE', *, *, #1352, .F. ) ;
#3956 = LOCAL_TIME ( 4, 1, 0.000000000000000000, #1835 ) ;
#3957 = ORIENTED_EDGE ( 'NONE', *, *, #3513, .T. ) ;
#3958 = CARTESIAN_POINT ( 'NONE',  ( -1.797929785054001028, 0.5230067468427621602, -6.294138672331636819 ) ) ;
#3959 = CARTESIAN_POINT ( 'NONE',  ( 0.2940686089498926181, -2.099546433507369692, 6.236374569529128387 ) ) ;
#3960 = CARTESIAN_POINT ( 'NONE',  ( 0.000000000000000000, 1.545336663013188616, -4.849999999999993427 ) ) ;
#3961 = APPROVAL_ROLE ( '' ) ;
#3962 = B_SPLINE_CURVE_WITH_KNOTS ( 'NONE', 3,
 ( #5367, #1485, #280, #611, #2304, #1999, #3699, #1572, #2333, #4029, #200, #1909, #638, #3230, #4060, #3443, #4147, #1756, #23, #1601, #3488, #3313, #5012, #3415, #3909, #5110, #1702, #1278 ),
 .UNSPECIFIED., .F., .F.,
 ( 4, 2, 2, 2, 2, 2, 2, 2, 2, 2, 2, 2, 2, 4 ),
 ( 0.01837367952768471577, 0.01872540615740444364, 0.01907713278712417498, 0.01978058604656363073, 0.02013231267628336207, 0.02048403930600308995, 0.02083576593572281782, 0.02118749256544254916, 0.02153921919516227704, 0.02189094582488200491, 0.02224267245460173625, 0.02259439908432146413, 0.02329785234376092334, 0.02400130560320037909 ),
 .UNSPECIFIED. ) ;
#3963 = CARTESIAN_POINT ( 'NONE',  ( 1.784401076758541649, -1.529146312085715932E-14, -2.837499999999991918 ) ) ;
#3964 = DIRECTION ( 'NONE',  ( 0.000000000000000000, -0.9945218953682734009, -0.1045284632676529157 ) ) ;
#3965 = CARTESIAN_POINT ( 'NONE',  ( -0.8922005383792713795, -1.545336663013218148, -3.070833333333326198 ) ) ;
#3966 = ORIENTED_EDGE ( 'NONE', *, *, #2598, .F. ) ;
#3967 = ORIENTED_EDGE ( 'NONE', *, *, #4195, .T. ) ;
#3968 = FACE_OUTER_BOUND ( 'NONE', #3278, .T. ) ;
#3969 = CARTESIAN_POINT ( 'NONE',  ( -0.7038255543714088125, -0.4945611972164601911, 5.519999999999999574 ) ) ;
#3970 = CARTESIAN_POINT ( 'NONE',  ( 2.036553692936420745, -0.2013947372879736075, 5.519999999999999574 ) ) ;
#3971 = DIRECTION ( 'NONE',  ( 0.07992773943613237786, 0.07992773943613247500, 0.9935910189495774647 ) ) ;
#3972 = CARTESIAN_POINT ( 'NONE',  ( 0.8922005383792704913, -1.545336663013219258, 0.5458333333333404980 ) ) ;
#3973 = LINE ( 'NONE', #4807, #313 ) ;
#3974 = ORIENTED_EDGE ( 'NONE', *, *, #5498, .F. ) ;
#3975 = CARTESIAN_POINT ( 'NONE',  ( -0.8922005383792713795, -1.545336663013218592, 1.129166666666672869 ) ) ;
#3976 = CARTESIAN_POINT ( 'NONE',  ( -2.449293598294727122E-16, -2.000000000000031530, -0.6500000000000039080 ) ) ;
#3977 = CARTESIAN_POINT ( 'NONE',  ( 0.000000000000000000, -2.168404344971008868E-16, 4.639527424989594806 ) ) ;
#3978 = CARTESIAN_POINT ( 'NONE',  ( -1.176575538379265984, -2.037888611415606732, -6.242708333333334636 ) ) ;
#3979 = CARTESIAN_POINT ( 'NONE',  ( -1.764863307568897755, 1.018944305707780940, 4.038541666666667140 ) ) ;
#3980 = FACE_OUTER_BOUND ( 'NONE', #3333, .T. ) ;
#3981 = ORIENTED_EDGE ( 'NONE', *, *, #5143, .F. ) ;
#3982 = EDGE_CURVE ( 'NONE', #3004, #1014, #3779, .T. ) ;
#3983 = EDGE_CURVE ( 'NONE', #3830, #3502, #4134, .T. ) ;
#3984 = VERTEX_POINT ( 'NONE', #614 ) ;
#3985 = CARTESIAN_POINT ( 'NONE',  ( 0.000000000000000000, 1.545336663013187506, 2.937500000000006661 ) ) ;
#3986 = CARTESIAN_POINT ( 'NONE',  ( -0.2470785409745827610, 1.774393204749805220, -6.375256812943621121 ) ) ;
#3987 = CARTESIAN_POINT ( 'NONE',  ( 0.6151383917699086989, 0.6910032105720395057, 6.533202782269164288 ) ) ;
#3988 = CARTESIAN_POINT ( 'NONE',  ( -1.338300807568906459, 0.7726683315065873137, -5.433333333333326465 ) ) ;
#3989 = CARTESIAN_POINT ( 'NONE',  ( -0.5754184668983750583, -0.7846828240533287868, 6.525146117474438512 ) ) ;
#3990 = EDGE_CURVE ( 'NONE', #2366, #1208, #1912, .T. ) ;
#3991 = CARTESIAN_POINT ( 'NONE',  ( -2.083693914953162807, -0.3158432856577471082, 6.240789915302316082 ) ) ;
#3992 = CARTESIAN_POINT ( 'NONE',  ( 1.338300807568907125, 0.7726683315065852042, 0.7208333333333402093 ) ) ;
#3993 = CARTESIAN_POINT ( 'NONE',  ( 0.8922005383792704913, -1.545336663013218814, -2.254166666666659768 ) ) ;
#3994 = ORIENTED_EDGE ( 'NONE', *, *, #2144, .F. ) ;
#3995 = CARTESIAN_POINT ( 'NONE',  ( -1.330523465946944484, 0.3513924484429728490, 6.449601193357406004 ) ) ;
#3996 = CARTESIAN_POINT ( 'NONE',  ( 1.154700538379257901, -2.000000000000037748, 2.295833333333334281 ) ) ;
#3997 =( BOUNDED_CURVE ( )  B_SPLINE_CURVE ( 3, ( #4158, #5405, #5376, #3299 ),
 .UNSPECIFIED., .F., .F. ) 
 B_SPLINE_CURVE_WITH_KNOTS ( ( 4, 4 ),
 ( 2.946332657651816955, 3.336852649527770609 ),
 .UNSPECIFIED. ) 
 CURVE ( )  GEOMETRIC_REPRESENTATION_ITEM ( )  RATIONAL_B_SPLINE_CURVE ( ( 1.000000000000000000, 0.9873315052531757008, 0.9873315052531757008, 1.000000000000000000 ) ) 
 REPRESENTATION_ITEM ( '' )  );
#3998 = CARTESIAN_POINT ( 'NONE',  ( -0.7074342277974818849, 1.869037157087518164, 3.233921031512932309 ) ) ;
#3999 = CARTESIAN_POINT ( 'NONE',  ( 1.281394194403184139, -0.3621833151897302372, 6.459303098324777004 ) ) ;
#4000 = CARTESIAN_POINT ( 'NONE',  ( 1.338300807568906015, -0.7726683315066176228, 0.5166666666666734908 ) ) ;
#4001 = CARTESIAN_POINT ( 'NONE',  ( -1.281394194403184139, -0.3621833151897281278, 6.459303098324777892 ) ) ;
#4002 = EDGE_LOOP ( 'NONE', ( #653, #4031, #2779, #3607, #4954, #238, #2453 ) ) ;
#4003 = CARTESIAN_POINT ( 'NONE',  ( 1.338300807568907125, 0.7726683315065852042, 1.420833333333339832 ) ) ;
#4004 = CARTESIAN_POINT ( 'NONE',  ( -1.338300807568906459, -0.7726683315066164015, -1.116666666666660257 ) ) ;
#4005 = CARTESIAN_POINT ( 'NONE',  ( 1.338300807568907125, 0.7726683315065852042, 1.420833333333339832 ) ) ;
#4006 = CARTESIAN_POINT ( 'NONE',  ( 0.000000000000000000, 2.037888611415578755, -6.534375000000001599 ) ) ;
#4007 = CARTESIAN_POINT ( 'NONE',  ( -0.8922005383792708244, 1.545336663013187728, 1.595833333333339876 ) ) ;
#4008 = CARTESIAN_POINT ( 'NONE',  ( 0.2409104857557352319, -2.015786671495919169, 5.519999999999999574 ) ) ;
#4009 = ORIENTED_EDGE ( 'NONE', *, *, #4328, .F. ) ;
#4010 = ORIENTED_EDGE ( 'NONE', *, *, #188, .F. ) ;
#4011 = CARTESIAN_POINT ( 'NONE',  ( 1.764863307568897088, -1.018944305707812692, 2.332291666666662433 ) ) ;
#4012 = B_SPLINE_CURVE_WITH_KNOTS ( 'NONE', 3,
 ( #4015, #1924, #1863, #4411, #3600, #1442, #3130, #2259, #1018, #2682, #3959, #97, #959, #3189, #183, #1892 ),
 .UNSPECIFIED., .F., .F.,
 ( 4, 3, 3, 3, 3, 4 ),
 ( 5.421010862427522170E-20, 2.075118737069632226E-05, 4.150691503886989642E-05, 6.216187880023571022E-05, 8.234179707201652002E-05, 8.472829037962353719E-05 ),
 .UNSPECIFIED. ) ;
#4013 = CARTESIAN_POINT ( 'NONE',  ( -0.8922005383792708244, 1.545336663013187284, 3.695833333333339965 ) ) ;
#4014 = CARTESIAN_POINT ( 'NONE',  ( -0.4910081156545229586, 1.732971271264871715, -6.365558833496482549 ) ) ;
#4015 = CARTESIAN_POINT ( 'NONE',  ( 0.3306731578647194580, -2.047395140491272691, 6.252470311563134153 ) ) ;
#4016 = CARTESIAN_POINT ( 'NONE',  ( -1.784401076758541871, -1.454365678216402999E-14, -5.374999999999992895 ) ) ;
#4017 = FACE_OUTER_BOUND ( 'NONE', #2680, .T. ) ;
#4018 = APPROVAL_STATUS ( 'not_yet_approved' ) ;
#4019 = CARTESIAN_POINT ( 'NONE',  ( -0.8922005383792713795, -1.545336663013218148, -3.770833333333325044 ) ) ;
#4020 = EDGE_CURVE ( 'NONE', #2513, #1051, #4362, .T. ) ;
#4021 = CARTESIAN_POINT ( 'NONE',  ( 1.154700538379259012, -2.000000000000034195, -1.291666666666670293 ) ) ;
#4022 = CARTESIAN_POINT ( 'NONE',  ( -0.8922005383792708244, 1.545336663013188394, -2.604166666666659413 ) ) ;
#4023 = B_SPLINE_CURVE_WITH_KNOTS ( 'NONE', 3,
 ( #5449, #1088, #4202, #2503, #1625, #2838, #786, #364, #278, #3697, #4558, #2387, #2080, #3784, #5365, #666, #5480, #1655, #4509, #1997, #1541, #4590, #4085, #251, #1967, #4145, #3259, #2448 ),
 .UNSPECIFIED., .F., .F.,
 ( 4, 2, 2, 2, 2, 2, 2, 2, 2, 2, 2, 2, 2, 4 ),
 ( 0.01256944398665954185, 0.01329497342928768859, 0.01365773815060176283, 0.01402050287191583533, 0.01474603231454398207, 0.01510879703585805631, 0.01547156175717212881, 0.01583432647848620131, 0.01619709119980027381, 0.01692262064242842229, 0.01728538536374249479, 0.01764815008505656729, 0.01801091480637063980, 0.01837367952768471577 ),
 .UNSPECIFIED. ) ;
#4024 = EDGE_LOOP ( 'NONE', ( #303, #925, #3153, #4275, #25, #3, #1274, #3554, #178, #2468, #5454, #1794, #2586, #4815, #5525, #1093, #2268, #4777, #1561, #2357, #5369, #5414, #33, #5126, #2335 ) ) ;
#4025 = CARTESIAN_POINT ( 'NONE',  ( 1.732050807568890960, -1.000000000000024203, -1.145833333333331705 ) ) ;
#4026 = CARTESIAN_POINT ( 'NONE',  ( 0.000000000000000000, 2.070106209874711453E-15, 5.519999999999999574 ) ) ;
#4027 = LINE ( 'NONE', #3170, #3192 ) ;
#4028 = CARTESIAN_POINT ( 'NONE',  ( -0.2013947372878998332, 2.036553692936428739, 5.519999999999999574 ) ) ;
#4029 = CARTESIAN_POINT ( 'NONE',  ( 1.608959641262800000, -1.082809706941209926, 3.084215281366158745 ) ) ;
#4030 = CARTESIAN_POINT ( 'NONE',  ( 1.176575538379266428, 2.037888611415576978, 1.063541666666667052 ) ) ;
#4031 = ORIENTED_EDGE ( 'NONE', *, *, #4985, .T. ) ;
#4032 =( BOUNDED_CURVE ( )  B_SPLINE_CURVE ( 2, ( #3568, #2774, #2715, #218, #3657, #4468, #4077 ),
 .UNSPECIFIED., .F., .F. ) 
 B_SPLINE_CURVE_WITH_KNOTS ( ( 3, 2, 2, 3 ),
 ( 0.5000000000000000000, 0.5277777777777777901, 0.5555555555555554692, 0.5833333333333332593 ),
 .UNSPECIFIED. ) 
 CURVE ( )  GEOMETRIC_REPRESENTATION_ITEM ( )  RATIONAL_B_SPLINE_CURVE ( ( 1.000000000000000000, 0.8660254037844387076, 1.000000000000000000, 0.8660254037844387076, 1.000000000000000000, 0.8660254037844392627, 0.9999999999999994449 ) ) 
 REPRESENTATION_ITEM ( '' )  );
#4033 = CARTESIAN_POINT ( 'NONE',  ( -1.381458624468314911, -0.3502066986637482615, 6.438319537806444615 ) ) ;
#4034 = CARTESIAN_POINT ( 'NONE',  ( -1.892491597964171348E-16, -1.545336663013218370, -2.399999999999993250 ) ) ;
#4035 = FACE_OUTER_BOUND ( 'NONE', #1933, .T. ) ;
#4036 = CIRCLE ( 'NONE', #5109, 2.845788555603785408 ) ;
#4037 = CARTESIAN_POINT ( 'NONE',  ( 1.176575538379266428, 2.037888611415577422, -3.792708333333335347 ) ) ;
#4038 = CARTESIAN_POINT ( 'NONE',  ( -1.155263624115372867, -1.044704681654458289, -6.600000000000002309 ) ) ;
#4039 = CARTESIAN_POINT ( 'NONE',  ( 0.000000000000000000, 2.000000000000000888, 3.199999999999996181 ) ) ;
#4040 = ORIENTED_EDGE ( 'NONE', *, *, #1391, .T. ) ;
#4041 = FACE_OUTER_BOUND ( 'NONE', #1411, .T. ) ;
#4042 = CARTESIAN_POINT ( 'NONE',  ( -1.176575538379265984, -2.037888611415608064, 2.857291666666662344 ) ) ;
#4043 = AXIS2_PLACEMENT_3D ( 'NONE', #3524, #194, #1424 ) ;
#4044 = DIRECTION ( 'NONE',  ( 0.9188184237650769415, -0.3805870524817709377, -0.1045284632676538455 ) ) ;
#4045 = CARTESIAN_POINT ( 'NONE',  ( -2.091003355554511778, 0.3085581802691812481, 6.238630262449334829 ) ) ;
#4046 = CIRCLE ( 'NONE', #4315, 2.046487425913060765 ) ;
#4047 = CARTESIAN_POINT ( 'NONE',  ( 0.8922005383792717126, 1.545336663013188394, -6.308333333333325577 ) ) ;
#4048 = CARTESIAN_POINT ( 'NONE',  ( 2.093041481343774990, 0.3059000888266443230, 6.238056148199252249 ) ) ;
#4049 = CALENDAR_DATE ( 2026, 8, 1 ) ;
#4050 = CARTESIAN_POINT ( 'NONE',  ( -1.784401076758541649, -1.464009771759687982E-14, -4.587499999999991473 ) ) ;
#4051 = CARTESIAN_POINT ( 'NONE',  ( 2.309401076758522020, -1.516287520694668236E-14, -4.675000000000001599 ) ) ;
#4052 = CARTESIAN_POINT ( 'NONE',  ( 0.8922005383792717126, 1.545336663013187728, -2.020833333333325932 ) ) ;
#4053 = CIRCLE ( 'NONE', #1647, 0.1999999999999996503 ) ;
#4054 = ORIENTED_EDGE ( 'NONE', *, *, #935, .T. ) ;
#4055 = CARTESIAN_POINT ( 'NONE',  ( 0.000000000000000000, 2.070106209874711453E-15, 6.235777398414628969 ) ) ;
#4056 = ADVANCED_FACE ( 'NONE', ( #1658 ), #22, .T. ) ;
#4057 = CARTESIAN_POINT ( 'NONE',  ( 2.309401076758522020, -1.542005103476762681E-14, -2.575000000000001510 ) ) ;
#4058 = CARTESIAN_POINT ( 'NONE',  ( 1.978834712860427780, -0.2536874259130768028, 5.519999999999999574 ) ) ;
#4059 = CARTESIAN_POINT ( 'NONE',  ( 0.2536874259130690867, 1.311313062439114940, 5.520000000000000462 ) ) ;
#4060 = CARTESIAN_POINT ( 'NONE',  ( 1.925513697800528057, -0.3273978476410482341, 3.122003983168891494 ) ) ;
#4061 = CARTESIAN_POINT ( 'NONE',  ( -2.053309058436222134, -0.2785519552942689048, 5.756570194515775007 ) ) ;
#4062 = VERTEX_POINT ( 'NONE', #4118 ) ;
#4063 = DIRECTION ( 'NONE',  ( 0.000000000000000000, 1.000000000000000000, 2.114691188776102802E-16 ) ) ;
#4064 = ADVANCED_FACE ( 'NONE', ( #1179 ), #2959, .T. ) ;
#4065 = CARTESIAN_POINT ( 'NONE',  ( 1.338300807568906903, 0.7726683315065854263, -1.466666666666659902 ) ) ;
#4066 = CARTESIAN_POINT ( 'NONE',  ( -1.784401076758541871, -1.481154826947751155E-14, -3.187499999999992006 ) ) ;
#4067 = DIRECTION ( 'NONE',  ( -1.000000000000000000, 0.000000000000000000, -0.000000000000000000 ) ) ;
#4068 = CARTESIAN_POINT ( 'NONE',  ( 2.309401076758522020, -1.584867741446919982E-14, 0.9249999999999967137 ) ) ;
#4069 = DIRECTION ( 'NONE',  ( 0.9945218953682734009, 0.000000000000000000, -0.1045284632676529435 ) ) ;
#4070 = CIRCLE ( 'NONE', #52, 2.000000000000000888 ) ;
#4071 = EDGE_LOOP ( 'NONE', ( #545, #5059, #4662, #4104 ) ) ;
#4072 = CARTESIAN_POINT ( 'NONE',  ( -0.2013947372879659747, -2.036553692936422522, 5.519999999999999574 ) ) ;
#4073 = CARTESIAN_POINT ( 'NONE',  ( 1.764863307568898643, 1.018944305707779607, 1.748958333333329840 ) ) ;
#4074 = CARTESIAN_POINT ( 'NONE',  ( 1.338300807568906015, -0.7726683315066180668, 3.404166666666673002 ) ) ;
#4075 = CARTESIAN_POINT ( 'NONE',  ( 2.309401076758522464, -1.508786559049890677E-14, -5.287499999999997868 ) ) ;
#4076 = CARTESIAN_POINT ( 'NONE',  ( 0.8922005383792704913, -1.545336663013218592, -4.441666666666659324 ) ) ;
#4077 = CARTESIAN_POINT ( 'NONE',  ( -2.449293598294727122E-16, -2.000000000000031530, -0.6500000000000039080 ) ) ;
#4078 = PERSON_AND_ORGANIZATION_ROLE ( 'creator' ) ;
#4079 = FACE_OUTER_BOUND ( 'NONE', #4791, .T. ) ;
#4080 = CARTESIAN_POINT ( 'NONE',  ( 2.309401076758522464, -1.500214031455859722E-14, -5.987499999999998934 ) ) ;
#4081 = CARTESIAN_POINT ( 'NONE',  ( -1.338300807568906459, -0.7726683315066161795, -3.129166666666659324 ) ) ;
#4082 = ORIENTED_EDGE ( 'NONE', *, *, #1281, .T. ) ;
#4083 = CARTESIAN_POINT ( 'NONE',  ( -0.2536874259130716402, 4.764122889755377455E-15, 5.519999999999999574 ) ) ;
#4084 = CARTESIAN_POINT ( 'NONE',  ( -1.237294757821877589, 0.3987862243729538569, 6.620481711399901492 ) ) ;
#4085 = CARTESIAN_POINT ( 'NONE',  ( -0.8175969801373322854, -1.706095683177674793, 2.952782680887196420 ) ) ;
#4086 = CARTESIAN_POINT ( 'NONE',  ( -0.6709742978741763952, 0.2779266541832610127, 5.519999999999999574 ) ) ;
#4087 = EDGE_CURVE ( 'NONE', #905, #321, #735, .T. ) ;
#4088 = EDGE_CURVE ( 'NONE', #2275, #3984, #1503, .T. ) ;
#4089 = DIRECTION ( 'NONE',  ( 0.000000000000000000, 0.000000000000000000, 1.000000000000000000 ) ) ;
#4090 = ORIENTED_EDGE ( 'NONE', *, *, #2319, .T. ) ;
#4091 = DIRECTION ( 'NONE',  ( 0.000000000000000000, 0.3420201433256693235, 0.9396926207859082059 ) ) ;
#4092 = CARTESIAN_POINT ( 'NONE',  ( 1.338300807568905793, -0.7726683315066171787, -2.283333333333326998 ) ) ;
#4093 = CARTESIAN_POINT ( 'NONE',  ( -1.784401076758541871, -1.541162520105971630E-14, 1.712500000000006128 ) ) ;
#4094 = EDGE_CURVE ( 'NONE', #4836, #150, #5468, .T. ) ;
#4095 = CARTESIAN_POINT ( 'NONE',  ( -1.176575538379265984, -2.037888611415606732, -5.542708333333334458 ) ) ;
#4096 = FACE_OUTER_BOUND ( 'NONE', #2128, .T. ) ;
#4097 = CARTESIAN_POINT ( 'NONE',  ( 0.7508616654473474483, 1.384240384857945205, 6.530735867793092453 ) ) ;
#4098 = ORIENTED_EDGE ( 'NONE', *, *, #491, .T. ) ;
#4099 = CARTESIAN_POINT ( 'NONE',  ( 0.000000000000000000, 1.545336663013187284, 4.250000000000005329 ) ) ;
#4100 = CARTESIAN_POINT ( 'NONE',  ( 1.784401076758541871, -1.606299060431998949E-14, 3.462500000000006573 ) ) ;
#4101 = CARTESIAN_POINT ( 'NONE',  ( -2.034153965820719279, -0.2143225729869256135, 5.519999999999999574 ) ) ;
#4102 = CARTESIAN_POINT ( 'NONE',  ( 0.8922005383792717126, 1.545336663013187950, -4.208333333333325932 ) ) ;
#4103 = DIRECTION ( 'NONE',  ( -1.042986496104373884E-14, -0.9945218953682734009, 0.1045284632676535819 ) ) ;
#4104 = ORIENTED_EDGE ( 'NONE', *, *, #3173, .F. ) ;
#4105 = CARTESIAN_POINT ( 'NONE',  ( -2.309401076758522020, -1.498299882135814013E-14, -1.525000000000003242 ) ) ;
#4106 = CARTESIAN_POINT ( 'NONE',  ( 0.6511679539964922991, 1.469555801989165245, 2.088265261765180014 ) ) ;
#4107 = CARTESIAN_POINT ( 'NONE',  ( 0.8922005383792717126, 1.545336663013187284, 0.7791666666666741126 ) ) ;
#4108 = ORIENTED_EDGE ( 'NONE', *, *, #1790, .T. ) ;
#4109 = DIRECTION ( 'NONE',  ( -0.000000000000000000, -1.224646799147353207E-16, 1.000000000000000000 ) ) ;
#4110 = DIRECTION ( 'NONE',  ( -0.000000000000000000, -1.224646799147353207E-16, 1.000000000000000000 ) ) ;
#4111 = CYLINDRICAL_SURFACE ( 'NONE', #5191, 0.3888000000000001455 ) ;
#4112 = B_SPLINE_CURVE_WITH_KNOTS ( 'NONE', 3,
 ( #2314, #151, #1496, #1412, #2402, #4905, #1041 ),
 .UNSPECIFIED., .F., .F.,
 ( 4, 3, 4 ),
 ( 0.000000000000000000, 0.0003568735380113224605, 0.0007230148547343725942 ),
 .UNSPECIFIED. ) ;
#4113 = DIRECTION ( 'NONE',  ( -0.000000000000000000, -1.224646799147353207E-16, 1.000000000000000000 ) ) ;
#4114 = CARTESIAN_POINT ( 'NONE',  ( -2.047395140491270027, -0.3306731578647273961, 6.252470311563133265 ) ) ;
#4115 =( BOUNDED_CURVE ( )  B_SPLINE_CURVE ( 2, ( #899, #3021, #454, #529, #4295, #1350, #1327 ),
 .UNSPECIFIED., .F., .F. ) 
 B_SPLINE_CURVE_WITH_KNOTS ( ( 3, 2, 2, 3 ),
 ( 0.8333333333333334814, 0.8611111111111113825, 0.8888888888888890616, 0.9166666666666669627 ),
 .UNSPECIFIED. ) 
 CURVE ( )  GEOMETRIC_REPRESENTATION_ITEM ( )  RATIONAL_B_SPLINE_CURVE ( ( 0.9999999999999994449, 0.8660254037844392627, 1.000000000000000000, 0.8660254037844387076, 1.000000000000000000, 0.8660254037844371533, 1.000000000000001554 ) ) 
 REPRESENTATION_ITEM ( '' )  );
#4116 = CARTESIAN_POINT ( 'NONE',  ( -1.764863307568897755, 1.018944305707781384, 1.238541666666666874 ) ) ;
#4117 = ORIENTED_EDGE ( 'NONE', *, *, #4169, .T. ) ;
#4118 = CARTESIAN_POINT ( 'NONE',  ( 0.000000000000000000, 2.000000000000002220, -5.812499999999996447 ) ) ;
#4119 = CARTESIAN_POINT ( 'NONE',  ( 0.000000000000000000, 1.545336663013187728, 0.7500000000000063283 ) ) ;
#4120 = CARTESIAN_POINT ( 'NONE',  ( 1.338300807568906015, -0.7726683315066180668, 4.104166666666673180 ) ) ;
#4121 = CARTESIAN_POINT ( 'NONE',  ( -1.732050807568891404, 0.9999999999999928946, 1.916666666666662744 ) ) ;
#4122 = CARTESIAN_POINT ( 'NONE',  ( 0.000000000000000000, 2.037888611415578310, -5.134375000000002132 ) ) ;
#4123 = DIRECTION ( 'NONE',  ( -0.1045058763748857034, -0.02078751127481452687, -0.9943069954385902465 ) ) ;
#4124 = FACE_OUTER_BOUND ( 'NONE', #1778, .T. ) ;
#4125 = VERTEX_POINT ( 'NONE', #2871 ) ;
#4126 = CARTESIAN_POINT ( 'NONE',  ( -1.732050807568891626, -1.000000000000022871, -4.179166666666663588 ) ) ;
#4127 = CARTESIAN_POINT ( 'NONE',  ( -2.353151076758530191, -1.515980720298504199E-14, -0.05937500000000389688 ) ) ;
#4128 = EDGE_CURVE ( 'NONE', #882, #2940, #3406, .T. ) ;
#4129 = CARTESIAN_POINT ( 'NONE',  ( 2.353151076758530191, -1.525931614237953850E-14, -3.953124999999998668 ) ) ;
#4130 = AXIS2_PLACEMENT_3D ( 'NONE', #4690, #4276, #4659 ) ;
#4131 = CARTESIAN_POINT ( 'NONE',  ( 0.7758462417557656643, -0.3213660356514390637, 6.599999999999999645 ) ) ;
#4132 = CARTESIAN_POINT ( 'NONE',  ( -1.784401076758541871, -1.462938205810434270E-14, -4.674999999999992717 ) ) ;
#4133 = EDGE_LOOP ( 'NONE', ( #1431, #4310, #2085 ) ) ;
#4134 = CIRCLE ( 'NONE', #2351, 2.050799999999993517 ) ;
#4135 = ORIENTED_EDGE ( 'NONE', *, *, #4395, .T. ) ;
#4136 = CARTESIAN_POINT ( 'NONE',  ( -2.103128811297161338, -0.2801310354326197460, 6.235782945370653252 ) ) ;
#4137 = AXIS2_PLACEMENT_3D ( 'NONE', #4448, #2270, #608 ) ;
#4138 = CARTESIAN_POINT ( 'NONE',  ( -1.732050807568891626, -1.000000000000022871, -3.566666666666669094 ) ) ;
#4139 = CARTESIAN_POINT ( 'NONE',  ( -0.8922005383792708244, 1.545336663013187950, -0.5041666666666593244 ) ) ;
#4140 = ORIENTED_EDGE ( 'NONE', *, *, #5316, .F. ) ;
#4141 = CARTESIAN_POINT ( 'NONE',  ( 2.035913483625626075, 0.2078686931306694130, 5.519999999999999574 ) ) ;
#4142 = AXIS2_PLACEMENT_3D ( 'NONE', #1624, #723, #785 ) ;
#4143 = EDGE_CURVE ( 'NONE', #882, #3372, #316, .T. ) ;
#4144 = FACE_OUTER_BOUND ( 'NONE', #4133, .T. ) ;
#4145 = CARTESIAN_POINT ( 'NONE',  ( -0.2411340992736923927, -1.887412389009940794, 2.982688243206588652 ) ) ;
#4146 = FACE_OUTER_BOUND ( 'NONE', #3906, .T. ) ;
#4147 = CARTESIAN_POINT ( 'NONE',  ( 1.959290746600328204, 0.02233695084806011991, 3.139294614672412553 ) ) ;
#4148 = CARTESIAN_POINT ( 'NONE',  ( -2.059598705290097698, -0.2275697282438651770, 5.762654158291487860 ) ) ;
#4149 = VERTEX_POINT ( 'NONE', #3788 ) ;
#4150 = CARTESIAN_POINT ( 'NONE',  ( 2.449293598294707893E-16, 2.000000000000000444, 6.599999999999999645 ) ) ;
#4151 = CARTESIAN_POINT ( 'NONE',  ( 1.764863307568898643, 1.018944305707779829, -2.451041666666669894 ) ) ;
#4152 = AXIS2_PLACEMENT_3D ( 'NONE', #1552, #648, #1611 ) ;
#4153 = CARTESIAN_POINT ( 'NONE',  ( -1.338300807568906459, -0.7726683315066169566, 2.470833333333338988 ) ) ;
#4154 = CARTESIAN_POINT ( 'NONE',  ( -2.309401076758522020, -1.541162520105971630E-14, 1.974999999999995870 ) ) ;
#4155 =( BOUNDED_CURVE ( )  B_SPLINE_CURVE ( 2, ( #1372, #3010, #1708, #918, #2665, #5090, #4700 ),
 .UNSPECIFIED., .F., .T. ) 
 B_SPLINE_CURVE_WITH_KNOTS ( ( 3, 2, 2, 3 ),
 ( 0.5833333333333331483, 0.6111111111111110494, 0.6388888888888886175, 0.6666666666666665186 ),
 .UNSPECIFIED. ) 
 CURVE ( )  GEOMETRIC_REPRESENTATION_ITEM ( )  RATIONAL_B_SPLINE_CURVE ( ( 1.000000000000000444, 0.8660254037844380415, 1.000000000000000000, 0.8660254037844385966, 1.000000000000000000, 0.8660254037844397068, 0.9999999999999988898 ) ) 
 REPRESENTATION_ITEM ( '' )  );
#4156 = CARTESIAN_POINT ( 'NONE',  ( -1.176575538379264874, 2.037888611415578310, -4.376041666666668384 ) ) ;
#4157 = CARTESIAN_POINT ( 'NONE',  ( 0.3217390710198037018, 2.076570482417933849, 6.242948610872475435 ) ) ;
#4158 = CARTESIAN_POINT ( 'NONE',  ( -1.214287501422800730, 0.2831209356724038728, 5.519999999999999574 ) ) ;
#4159 = VERTEX_POINT ( 'NONE', #3731 ) ;
#4160 = CARTESIAN_POINT ( 'NONE',  ( 0.000000000000000000, -4.711997834488155533E-16, 6.599999999999999645 ) ) ;
#4161 = CARTESIAN_POINT ( 'NONE',  ( 1.732050807568890960, -1.000000000000024425, -0.4458333333333315274 ) ) ;
#4162 = CARTESIAN_POINT ( 'NONE',  ( -2.495693764988950272E-16, -2.037888611415607176, -5.528124999999998401 ) ) ;
#4163 = CARTESIAN_POINT ( 'NONE',  ( 0.3641915525281604338, -1.384240384857946538, 6.571376534311556661 ) ) ;
#4164 = EDGE_CURVE ( 'NONE', #4619, #445, #1140, .T. ) ;
#4165 = EDGE_CURVE ( 'NONE', #3514, #823, #2255, .T. ) ;
#4166 = VERTEX_POINT ( 'NONE', #3471 ) ;
#4167 = LINE ( 'NONE', #1988, #725 ) ;
#4168 = CARTESIAN_POINT ( 'NONE',  ( 1.420846800423461120, 0.6384811547218171013, 2.021058132754355974 ) ) ;
#4169 = EDGE_CURVE ( 'NONE', #1495, #2888, #3540, .T. ) ;
#4170 = CARTESIAN_POINT ( 'NONE',  ( -1.338300807568906459, -0.7726683315066165125, -0.3291666666666594465 ) ) ;
#4171 = ORIENTED_EDGE ( 'NONE', *, *, #4471, .F. ) ;
#4172 = DIRECTION ( 'NONE',  ( 0.3826834323650917802, -0.9238795325112859613, -1.325057219789758459E-14 ) ) ;
#4173 = CARTESIAN_POINT ( 'NONE',  ( -2.309401076758522464, -1.490798920491036769E-14, -2.137499999999998401 ) ) ;
#4174 = FACE_OUTER_BOUND ( 'NONE', #605, .T. ) ;
#4175 = DIRECTION ( 'NONE',  ( 0.000000000000000000, -1.000000000000000000, -1.224646799147353207E-16 ) ) ;
#4176 = CARTESIAN_POINT ( 'NONE',  ( -0.8922005383792713795, -1.545336663013217926, -5.170833333333324511 ) ) ;
#4177 = CARTESIAN_POINT ( 'NONE',  ( 0.000000000000000000, 2.037888611415577422, 3.221875000000000266 ) ) ;
#4178 = ORIENTED_EDGE ( 'NONE', *, *, #4020, .T. ) ;
#4179 = CARTESIAN_POINT ( 'NONE',  ( -1.991935950791006382, 0.2525715775880578162, 5.519999999999999574 ) ) ;
#4180 = CARTESIAN_POINT ( 'NONE',  ( -1.764863307568897755, 1.018944305707781606, -1.517708333333336101 ) ) ;
#4181 = ORIENTED_EDGE ( 'NONE', *, *, #696, .F. ) ;
#4182 = CARTESIAN_POINT ( 'NONE',  ( -0.8922005383792713795, -1.545336663013218592, 3.929166666666672914 ) ) ;
#4183 = CARTESIAN_POINT ( 'NONE',  ( 1.168451384314588060, -1.450381515783189412, 2.837670134041342607 ) ) ;
#4184 = CARTESIAN_POINT ( 'NONE',  ( -1.764863307568897755, 1.018944305707781606, -0.8614583333333321047 ) ) ;
#4185 = CARTESIAN_POINT ( 'NONE',  ( 1.338300807568907125, 0.7726683315065854263, -0.6791666666666594798 ) ) ;
#4186 = CARTESIAN_POINT ( 'NONE',  ( -1.892491597964171594E-16, -1.545336663013218592, -0.9999999999999935607 ) ) ;
#4187 = ORIENTED_EDGE ( 'NONE', *, *, #2866, .T. ) ;
#4188 = CARTESIAN_POINT ( 'NONE',  ( 0.000000000000000000, 1.545336663013187728, 1.450000000000005729 ) ) ;
#4189 = DIRECTION ( 'NONE',  ( 0.000000000000000000, 0.3420201433256693235, 0.9396926207859082059 ) ) ;
#4190 = CARTESIAN_POINT ( 'NONE',  ( 0.000000000000000000, 2.037888611415578755, -5.878124999999998046 ) ) ;
#4191 =( BOUNDED_CURVE ( )  B_SPLINE_CURVE ( 2, ( #3525, #1343, #4753, #919, #1399, #2642, #2136 ),
 .UNSPECIFIED., .F., .T. ) 
 B_SPLINE_CURVE_WITH_KNOTS ( ( 3, 2, 2, 3 ),
 ( 0.6666666666666665186, 0.6944444444444443088, 0.7222222222222220989, 0.7500000000000000000 ),
 .UNSPECIFIED. ) 
 CURVE ( )  GEOMETRIC_REPRESENTATION_ITEM ( )  RATIONAL_B_SPLINE_CURVE ( ( 1.000000000000001110, 0.8660254037844374864, 1.000000000000000000, 0.8660254037844385966, 1.000000000000000000, 0.8660254037844385966, 1.000000000000000000 ) ) 
 REPRESENTATION_ITEM ( '' )  );
#4192 = CARTESIAN_POINT ( 'NONE',  ( 0.000000000000000000, 2.000000000000001332, 1.099999999999996758 ) ) ;
#4193 = CARTESIAN_POINT ( 'NONE',  ( -1.338300807568906459, -0.7726683315066161795, -3.216666666666659236 ) ) ;
#4194 = ORIENTED_EDGE ( 'NONE', *, *, #2017, .T. ) ;
#4195 = EDGE_CURVE ( 'NONE', #4513, #2513, #5280, .T. ) ;
#4196 = CARTESIAN_POINT ( 'NONE',  ( 1.691338161020375264, -0.4103977367101083185, 2.536967052721677884 ) ) ;
#4197 = CARTESIAN_POINT ( 'NONE',  ( 0.000000000000000000, 1.587067879703701223, 2.125906470810125626 ) ) ;
#4198 = ORIENTED_EDGE ( 'NONE', *, *, #2324, .T. ) ;
#4199 = CARTESIAN_POINT ( 'NONE',  ( 0.4945611972164575820, 0.7038255543714093676, 5.519999999999999574 ) ) ;
#4200 = DIRECTION ( 'NONE',  ( 0.000000000000000000, -1.000000000000000000, 0.000000000000000000 ) ) ;
#4201 = EDGE_CURVE ( 'NONE', #3145, #563, #4155, .T. ) ;
#4202 = CARTESIAN_POINT ( 'NONE',  ( -0.4855367558852291543, 1.756479308174377918, 2.728157390037403651 ) ) ;
#4203 = CARTESIAN_POINT ( 'NONE',  ( -0.3826980794443177736, 1.234094626827387353, 6.467413237156726780 ) ) ;
#4204 = ORIENTED_EDGE ( 'NONE', *, *, #4704, .T. ) ;
#4205 = CARTESIAN_POINT ( 'NONE',  ( -1.732050807568891626, -1.000000000000022649, -4.266666666666669272 ) ) ;
#4206 = CARTESIAN_POINT ( 'NONE',  ( 1.764863307568897088, -1.018944305707812692, -0.4677083333333368897 ) ) ;
#4207 = CARTESIAN_POINT ( 'NONE',  ( 0.000000000000000000, 1.545336663013187728, 2.237500000000006484 ) ) ;
#4208 = CARTESIAN_POINT ( 'NONE',  ( 1.154700538379257013, 2.000000000000011102, -5.958333333333335702 ) ) ;
#4209 = CARTESIAN_POINT ( 'NONE',  ( -2.495693764988950272E-16, -2.037888611415608064, -0.6281249999999998224 ) ) ;
#4210 = CARTESIAN_POINT ( 'NONE',  ( 1.338300807568906015, -0.7726683315066172897, -2.195833333333326198 ) ) ;
#4211 = CARTESIAN_POINT ( 'NONE',  ( -1.338300807568906459, 0.7726683315065867586, -0.5333333333333266646 ) ) ;
#4212 = ORIENTED_EDGE ( 'NONE', *, *, #2835, .T. ) ;
#4213 = CARTESIAN_POINT ( 'NONE',  ( -1.338300807568906459, 0.7726683315065864255, 1.566666666666672425 ) ) ;
#4214 = CARTESIAN_POINT ( 'NONE',  ( 2.025060407590545619, 0.3051615895087320673, 6.009743952425397495 ) ) ;
#4215 = CARTESIAN_POINT ( 'NONE',  ( -1.176575538379265984, -2.037888611415606732, -5.586458333333331083 ) ) ;
#4216 = ORIENTED_EDGE ( 'NONE', *, *, #1798, .T. ) ;
#4217 = CARTESIAN_POINT ( 'NONE',  ( -0.8869929932444101661, -1.406055741537943105, -6.517540479360220296 ) ) ;
#4218 = DIRECTION ( 'NONE',  ( 0.3826834323650952219, 0.9238795325112845180, -0.000000000000000000 ) ) ;
#4219 = ORIENTED_EDGE ( 'NONE', *, *, #5216, .T. ) ;
#4220 = B_SPLINE_CURVE_WITH_KNOTS ( 'NONE', 3,
 ( #279, #5424, #4642, #4532, #365, #2058, #1571 ),
 .UNSPECIFIED., .F., .F.,
 ( 4, 3, 4 ),
 ( 8.741117365843378158E-19, 0.0003660475592682710042, 0.0007396894117281275832 ),
 .UNSPECIFIED. ) ;
#4221 = AXIS2_PLACEMENT_3D ( 'NONE', #3289, #3260, #4951 ) ;
#4222 = CARTESIAN_POINT ( 'NONE',  ( -2.449293598294727122E-16, -2.000000000000031530, 0.1375000000000017597 ) ) ;
#4223 = CARTESIAN_POINT ( 'NONE',  ( 0.000000000000000000, 2.070106209874711453E-15, 6.235777398414628969 ) ) ;
#4224 = AXIS2_PLACEMENT_3D ( 'NONE', #4131, #298, #3218 ) ;
#4225 = ORIENTED_EDGE ( 'NONE', *, *, #2733, .F. ) ;
#4226 = CARTESIAN_POINT ( 'NONE',  ( 0.8922005383792703803, -1.545336663013219258, 1.858333333333338722 ) ) ;
#4227 = CARTESIAN_POINT ( 'NONE',  ( -2.449293598294727122E-16, -2.000000000000031086, -1.962499999999998135 ) ) ;
#4228 = CONICAL_SURFACE ( 'NONE', #2624, 1.562500000000005107, 0.7853981633974426169 ) ;
#4229 = CARTESIAN_POINT ( 'NONE',  ( -0.8922005383792707134, 1.545336663013188616, -6.104166666666658969 ) ) ;
#4230 = DIRECTION ( 'NONE',  ( -0.000000000000000000, -1.224646799147353207E-16, 1.000000000000000000 ) ) ;
#4231 = ADVANCED_FACE ( 'NONE', ( #4339 ), #3494, .T. ) ;
#4232 = TOROIDAL_SURFACE ( 'NONE', #2179, 3.086842986109005871, 0.8800000000000001155 ) ;
#4233 = ORIENTED_EDGE ( 'NONE', *, *, #2214, .F. ) ;
#4234 = CARTESIAN_POINT ( 'NONE',  ( 1.362259747427714496, 0.2536874259130708076, 5.519999999999999574 ) ) ;
#4235 = CARTESIAN_POINT ( 'NONE',  ( 1.764863307568898643, 1.018944305707780051, -3.151041666666670071 ) ) ;
#4236 = CARTESIAN_POINT ( 'NONE',  ( 0.8922005383792704913, -1.545336663013219480, 3.958333333333338810 ) ) ;
#4237 = DIRECTION ( 'NONE',  ( 0.000000000000000000, -0.9967800569107642117, 0.08018427617041630484 ) ) ;
#4238 = DIRECTION ( 'NONE',  ( -0.000000000000000000, -1.224646799147353207E-16, 1.000000000000000000 ) ) ;
#4239 = CARTESIAN_POINT ( 'NONE',  ( -1.338300807568906459, 0.7726683315065867586, -1.145833333333325932 ) ) ;
#4240 = ADVANCED_FACE ( 'NONE', ( #866 ), #3052, .F. ) ;
#4241 = CARTESIAN_POINT ( 'NONE',  ( 0.000000000000000000, 1.545336663013187950, -0.6499999999999934719 ) ) ;
#4242 = VERTEX_POINT ( 'NONE', #1290 ) ;
#4243 = CARTESIAN_POINT ( 'NONE',  ( 0.000000000000000000, -2.948506443715970327E-16, 5.160000000000002807 ) ) ;
#4244 = CARTESIAN_POINT ( 'NONE',  ( -2.449293598294727122E-16, -2.000000000000031086, -1.962499999999998135 ) ) ;
#4245 = VECTOR ( 'NONE', #2009, 1000.000000000000000 ) ;
#4246 = B_SPLINE_CURVE_WITH_KNOTS ( 'NONE', 3,
 ( #4784, #526, #580, #2305, #4562, #5398, #5338 ),
 .UNSPECIFIED., .F., .F.,
 ( 4, 3, 4 ),
 ( 0.000000000000000000, 0.0003568722073023491092, 0.0007230148547360380372 ),
 .UNSPECIFIED. ) ;
#4247 = CARTESIAN_POINT ( 'NONE',  ( -1.176575538379265984, -2.037888611415606732, -6.286458333333332149 ) ) ;
#4248 = CARTESIAN_POINT ( 'NONE',  ( -0.8922005383792712685, -1.545336663013217704, -5.258333333333325754 ) ) ;
#4249 = AXIS2_PLACEMENT_3D ( 'NONE', #2460, #1130, #3649 ) ;
#4250 = LINE ( 'NONE', #434, #5129 ) ;
#4251 = ORIENTED_EDGE ( 'NONE', *, *, #3541, .F. ) ;
#4252 = PRODUCT_RELATED_PRODUCT_CATEGORY ( 'detail', '', ( #1323 ) ) ;
#4253 = CARTESIAN_POINT ( 'NONE',  ( 0.000000000000000000, 2.000000000000001332, 1.099999999999996758 ) ) ;
#4254 =( BOUNDED_CURVE ( )  B_SPLINE_CURVE ( 2, ( #798, #709, #4126, #5048, #294, #5465, #2462 ),
 .UNSPECIFIED., .F., .F. ) 
 B_SPLINE_CURVE_WITH_KNOTS ( ( 3, 2, 2, 3 ),
 ( 0.2499999999999997224, 0.2777777777777775681, 0.3055555555555554137, 0.3333333333333332593 ),
 .UNSPECIFIED. ) 
 CURVE ( )  GEOMETRIC_REPRESENTATION_ITEM ( )  RATIONAL_B_SPLINE_CURVE ( ( 1.000000000000001332, 0.8660254037844372643, 1.000000000000000000, 0.8660254037844385966, 1.000000000000000000, 0.8660254037844391517, 0.9999999999999994449 ) ) 
 REPRESENTATION_ITEM ( '' )  );
#4255 = ORIENTED_EDGE ( 'NONE', *, *, #126, .T. ) ;
#4256 = CARTESIAN_POINT ( 'NONE',  ( -0.8922005383792712685, -1.545336663013218592, 3.141666666666672381 ) ) ;
#4257 = CARTESIAN_POINT ( 'NONE',  ( 0.000000000000000000, -7.931280772166249496E-17, 3.399999999999999911 ) ) ;
#4258 = CARTESIAN_POINT ( 'NONE',  ( 2.105291015465787119, -0.2808027965246492896, 6.256865758730182137 ) ) ;
#4259 = CARTESIAN_POINT ( 'NONE',  ( 1.338300807568906015, -0.7726683315066174007, -1.495833333333326021 ) ) ;
#4260 = ORIENTED_EDGE ( 'NONE', *, *, #4903, .T. ) ;
#4261 = FACE_OUTER_BOUND ( 'NONE', #3843, .T. ) ;
#4262 = EDGE_CURVE ( 'NONE', #3616, #2620, #520, .T. ) ;
#4263 = CARTESIAN_POINT ( 'NONE',  ( -0.8922005383792708244, 1.545336663013187284, 2.908333333333339432 ) ) ;
#4264 = CARTESIAN_POINT ( 'NONE',  ( 0.8922005383792703803, -1.545336663013218592, -5.141666666666658614 ) ) ;
#4265 = CARTESIAN_POINT ( 'NONE',  ( 0.8922005383792717126, 1.545336663013187728, -1.320833333333325976 ) ) ;
#4266 = CARTESIAN_POINT ( 'NONE',  ( -1.338300807568906459, -0.7726683315066166235, 0.2833333333333398762 ) ) ;
#4267 = ORIENTED_EDGE ( 'NONE', *, *, #1669, .F. ) ;
#4268 = CARTESIAN_POINT ( 'NONE',  ( 2.309401076758522464, -1.543076669426016708E-14, -2.487499999999998934 ) ) ;
#4269 = CARTESIAN_POINT ( 'NONE',  ( -1.732050807568891404, 0.9999999999999931166, 0.5166666666666634988 ) ) ;
#4270 = CARTESIAN_POINT ( 'NONE',  ( 2.036136423993120115, 0.2009207453104788488, 5.515605850571559721 ) ) ;
#4271 = CARTESIAN_POINT ( 'NONE',  ( 1.338300807568906015, -0.7726683315066169566, -4.995833333333325577 ) ) ;
#4272 = EDGE_CURVE ( 'NONE', #3272, #1288, #3765, .T. ) ;
#4273 = CARTESIAN_POINT ( 'NONE',  ( 0.8922005383792703803, -1.545336663013218148, -6.541666666666658969 ) ) ;
#4274 = CARTESIAN_POINT ( 'NONE',  ( -0.9388984326324686380, -1.243847558047033175, -6.599999999999998757 ) ) ;
#4275 = ORIENTED_EDGE ( 'NONE', *, *, #3246, .T. ) ;
#4276 = DIRECTION ( 'NONE',  ( -0.000000000000000000, -1.224646799147353207E-16, 1.000000000000000000 ) ) ;
#4277 = CARTESIAN_POINT ( 'NONE',  ( 2.048024209131665163, -0.2144258774088821651, 5.640806090607028089 ) ) ;
#4278 = ORIENTED_EDGE ( 'NONE', *, *, #2094, .F. ) ;
#4279 = CARTESIAN_POINT ( 'NONE',  ( -1.892491597964171594E-16, -1.545336663013218148, -5.812499999999992006 ) ) ;
#4280 = ORIENTED_EDGE ( 'NONE', *, *, #2144, .T. ) ;
#4281 = CARTESIAN_POINT ( 'NONE',  ( 0.000000000000000000, 1.545336663013187506, 2.150000000000005684 ) ) ;
#4282 = PERSON_AND_ORGANIZATION ( #2497, #1810 ) ;
#4283 = CARTESIAN_POINT ( 'NONE',  ( -2.309401076758522020, -1.455437244165656711E-14, -5.025000000000002132 ) ) ;
#4284 = CARTESIAN_POINT ( 'NONE',  ( -0.8922005383792713795, -1.545336663013218148, -0.9708333333333261095 ) ) ;
#4285 = ORIENTED_EDGE ( 'NONE', *, *, #5390, .F. ) ;
#4286 = CARTESIAN_POINT ( 'NONE',  ( 1.732050807568890960, -1.000000000000024647, 3.054166666666668029 ) ) ;
#4287 = DIRECTION ( 'NONE',  ( 0.000000000000000000, -1.000000000000000000, 0.000000000000000000 ) ) ;
#4288 = B_SPLINE_CURVE_WITH_KNOTS ( 'NONE', 3,
 ( #128, #5184, #2318, #1046, #1390, #1415, #2772 ),
 .UNSPECIFIED., .F., .F.,
 ( 4, 3, 4 ),
 ( 8.741117365843378158E-19, 0.0003660488896454513314, 0.0007396894117264699465 ),
 .UNSPECIFIED. ) ;
#4289 = CARTESIAN_POINT ( 'NONE',  ( 0.000000000000000000, 1.545336663013187506, 4.250000000000005329 ) ) ;
#4290 = CARTESIAN_POINT ( 'NONE',  ( -0.8922005383792713795, -1.545336663013217704, -5.958333333333325932 ) ) ;
#4291 = FACE_OUTER_BOUND ( 'NONE', #3345, .T. ) ;
#4292 = CARTESIAN_POINT ( 'NONE',  ( -1.784401076758541871, -1.481154826947751155E-14, -3.187499999999993339 ) ) ;
#4293 = CARTESIAN_POINT ( 'NONE',  ( -1.338300807568906459, -0.7726683315066165125, -0.4166666666666602459 ) ) ;
#4294 = VERTEX_POINT ( 'NONE', #1735 ) ;
#4295 = CARTESIAN_POINT ( 'NONE',  ( -1.732050807568891626, -1.000000000000022871, -2.866666666666668917 ) ) ;
#4296 = CARTESIAN_POINT ( 'NONE',  ( -1.892491597964171594E-16, -1.545336663013218148, -5.112499999999991829 ) ) ;
#4297 = CARTESIAN_POINT ( 'NONE',  ( 0.000000000000000000, 2.000000000000001776, -2.312499999999997780 ) ) ;
#4298 = CARTESIAN_POINT ( 'NONE',  ( -2.013052336805457365, 0.2917822747240304548, 5.882448275415797845 ) ) ;
#4299 = EDGE_LOOP ( 'NONE', ( #3685, #3051, #203, #223 ) ) ;
#4300 = EDGE_CURVE ( 'NONE', #965, #4149, #3036, .T. ) ;
#4301 = CARTESIAN_POINT ( 'NONE',  ( 0.000000000000000000, 1.797605106156307864, 2.704352746443269506 ) ) ;
#4302 = CARTESIAN_POINT ( 'NONE',  ( -2.059393133959860567, 0.2274517295774891867, 5.761622436611165021 ) ) ;
#4303 = CARTESIAN_POINT ( 'NONE',  ( 1.784401076758541871, -1.512001256897652759E-14, -4.237499999999991829 ) ) ;
#4304 = ADVANCED_FACE ( 'NONE', ( #471 ), #3890, .T. ) ;
#4305 = AXIS2_PLACEMENT_3D ( 'NONE', #963, #4914, #516 ) ;
#4306 = CARTESIAN_POINT ( 'NONE',  ( 1.338300807568905793, -0.7726683315066177338, 1.916666666666672292 ) ) ;
#4307 = CARTESIAN_POINT ( 'NONE',  ( 1.732050807568890960, -1.000000000000023981, -5.433333333333336235 ) ) ;
#4308 = VECTOR ( 'NONE', #3330, 999.9999999999998863 ) ;
#4309 = CARTESIAN_POINT ( 'NONE',  ( -1.338300807568906459, 0.7726683315065869806, -2.545833333333326287 ) ) ;
#4310 = ORIENTED_EDGE ( 'NONE', *, *, #550, .T. ) ;
#4311 = CARTESIAN_POINT ( 'NONE',  ( -2.449293598294727122E-16, -2.000000000000031974, 2.937500000000000888 ) ) ;
#4312 = CARTESIAN_POINT ( 'NONE',  ( 3.780292382408851861E-16, 3.086842986109005871, 4.280000000000001137 ) ) ;
#4313 = CARTESIAN_POINT ( 'NONE',  ( 1.338300807568906015, -0.7726683315066180668, 4.016666666666672825 ) ) ;
#4314 = CARTESIAN_POINT ( 'NONE',  ( -0.8922005383792707134, 1.545336663013188616, -6.191666666666659324 ) ) ;
#4315 = AXIS2_PLACEMENT_3D ( 'NONE', #4334, #3935, #5139 ) ;
#4316 = CARTESIAN_POINT ( 'NONE',  ( -1.338300807568906459, -0.7726683315066165125, -1.116666666666660257 ) ) ;
#4317 = CARTESIAN_POINT ( 'NONE',  ( -0.2809264502844893707, 2.102990981537185444, 6.235794016437477438 ) ) ;
#4318 = VERTEX_POINT ( 'NONE', #575 ) ;
#4319 = CYLINDRICAL_SURFACE ( 'NONE', #1361, 0.3888000000000000345 ) ;
#4320 = CARTESIAN_POINT ( 'NONE',  ( 0.000000000000000000, 2.000000000000001776, -4.412499999999996980 ) ) ;
#4321 = CARTESIAN_POINT ( 'NONE',  ( 0.8922005383792704913, -1.545336663013218592, -5.754166666666658436 ) ) ;
#4322 = CARTESIAN_POINT ( 'NONE',  ( -1.784401076758541649, -1.437220623028339826E-14, -6.774999999999993250 ) ) ;
#4323 = CARTESIAN_POINT ( 'NONE',  ( 0.000000000000000000, 1.545336663013187728, 2.237500000000006484 ) ) ;
#4324 = CARTESIAN_POINT ( 'NONE',  ( -0.1007740199734737802, -1.545336663013217926, -6.599999999999985434 ) ) ;
#4325 = ORIENTED_EDGE ( 'NONE', *, *, #4977, .F. ) ;
#4326 = CONICAL_SURFACE ( 'NONE', #2278, 2.159999999999992149, 0.1047197551196600018 ) ;
#4327 = CARTESIAN_POINT ( 'NONE',  ( 1.510837740241191884, -0.6650481188081958095, -6.525331486509253764 ) ) ;
#4328 = EDGE_CURVE ( 'NONE', #4408, #3514, #1452, .T. ) ;
#4329 = CARTESIAN_POINT ( 'NONE',  ( -2.081652823194258595, 0.2531638122453908624, 6.000215771722415603 ) ) ;
#4330 =( BOUNDED_CURVE ( )  B_SPLINE_CURVE ( 2, ( #4320, #4810, #479, #2621, #2200, #5128, #2700 ),
 .UNSPECIFIED., .F., .F. ) 
 B_SPLINE_CURVE_WITH_KNOTS ( ( 3, 2, 2, 3 ),
 ( 0.3333333333333332593, 0.3611111111111110494, 0.3888888888888887840, 0.4166666666666665741 ),
 .UNSPECIFIED. ) 
 CURVE ( )  GEOMETRIC_REPRESENTATION_ITEM ( )  RATIONAL_B_SPLINE_CURVE ( ( 1.000000000000000444, 0.8660254037844380415, 1.000000000000000000, 0.8660254037844385966, 1.000000000000000000, 0.8660254037844388186, 0.9999999999999997780 ) ) 
 REPRESENTATION_ITEM ( '' )  );
#4331 = VERTEX_POINT ( 'NONE', #2751 ) ;
#4332 = CARTESIAN_POINT ( 'NONE',  ( 0.000000000000000000, 1.545336663013188616, -5.462499999999991473 ) ) ;
#4333 = CARTESIAN_POINT ( 'NONE',  ( 0.8922005383792703803, -1.545336663013219258, 1.158333333333338766 ) ) ;
#4334 = CARTESIAN_POINT ( 'NONE',  ( -1.104752714767961652E-16, -3.686639984749217460E-15, 5.519999999999999574 ) ) ;
#4335 = CARTESIAN_POINT ( 'NONE',  ( 0.000000000000000000, 2.000000000000001332, 0.3999999999999970801 ) ) ;
#4336 = EDGE_CURVE ( 'NONE', #2632, #2851, #5305, .T. ) ;
#4337 = CARTESIAN_POINT ( 'NONE',  ( 0.8922005383792703803, -1.545336663013218814, -0.8541666666666593022 ) ) ;
#4338 = ORIENTED_EDGE ( 'NONE', *, *, #1426, .T. ) ;
#4339 = FACE_OUTER_BOUND ( 'NONE', #3197, .T. ) ;
#4340 = PLANE ( 'NONE',  #3251 ) ;
#4341 = AXIS2_PLACEMENT_3D ( 'NONE', #2012, #2070, #3797 ) ;
#4342 = CARTESIAN_POINT ( 'NONE',  ( -1.338300807568906459, -0.7726683315066169566, 3.083333333333338366 ) ) ;
#4343 = CARTESIAN_POINT ( 'NONE',  ( 1.784401076758541649, -1.502357163354367145E-14, -5.024999999999993250 ) ) ;
#4344 = CARTESIAN_POINT ( 'NONE',  ( 1.784401076758541871, -1.545219801324524447E-14, -1.524999999999993472 ) ) ;
#4345 = CYLINDRICAL_SURFACE ( 'NONE', #5319, 2.000000000000000888 ) ;
#4346 = ORIENTED_EDGE ( 'NONE', *, *, #4566, .F. ) ;
#4347 = CARTESIAN_POINT ( 'NONE',  ( 0.000000000000000000, 1.545336663013187950, 0.8375000000000065725 ) ) ;
#4348 = DIRECTION ( 'NONE',  ( -4.188538737677001009E-17, -0.3420201433256696011, 0.9396926207859082059 ) ) ;
#4349 = CARTESIAN_POINT ( 'NONE',  ( 0.8922005383792704913, -1.545336663013218592, -4.354166666666658969 ) ) ;
#4350 = ORIENTED_EDGE ( 'NONE', *, *, #4911, .T. ) ;
#4351 = CARTESIAN_POINT ( 'NONE',  ( -2.495693764988950272E-16, -2.037888611415607176, -6.884375000000002132 ) ) ;
#4352 = CARTESIAN_POINT ( 'NONE',  ( -1.338300807568906459, -0.7726683315066169566, 2.470833333333338988 ) ) ;
#4353 = CARTESIAN_POINT ( 'NONE',  ( -1.732050807568891404, 0.9999999999999935607, -3.595833333333330106 ) ) ;
#4354 = ORIENTED_EDGE ( 'NONE', *, *, #935, .F. ) ;
#4355 = CARTESIAN_POINT ( 'NONE',  ( 0.9471925147174009574, -1.295319999974965386, -6.561311517628484857 ) ) ;
#4356 = CARTESIAN_POINT ( 'NONE',  ( -2.100544671380350614, 0.2914548753566206241, 6.236152449227973626 ) ) ;
#4357 = ORIENTED_EDGE ( 'NONE', *, *, #3105, .T. ) ;
#4358 = CARTESIAN_POINT ( 'NONE',  ( 1.338300807568907125, 0.7726683315065860924, -6.366666666666659147 ) ) ;
#4359 = EDGE_CURVE ( 'NONE', #2620, #5332, #2349, .T. ) ;
#4360 = CARTESIAN_POINT ( 'NONE',  ( -2.449293598294727122E-16, -2.000000000000030642, -6.162499999999997868 ) ) ;
#4361 = DIRECTION ( 'NONE',  ( 0.000000000000000000, 1.224646799147352961E-16, -1.000000000000000000 ) ) ;
#4362 =( BOUNDED_CURVE ( )  B_SPLINE_CURVE ( 2, ( #1604, #4537, #3317, #763, #5039, #2482, #1575 ),
 .UNSPECIFIED., .F., .F. ) 
 B_SPLINE_CURVE_WITH_KNOTS ( ( 3, 2, 2, 3 ),
 ( 0.5833333333333332593, 0.6111111111111110494, 0.6388888888888888395, 0.6666666666666666297 ),
 .UNSPECIFIED. ) 
 CURVE ( )  GEOMETRIC_REPRESENTATION_ITEM ( )  RATIONAL_B_SPLINE_CURVE ( ( 1.000000000000000444, 0.8660254037844381525, 1.000000000000000000, 0.8660254037844387076, 1.000000000000000000, 0.8660254037844387076, 1.000000000000000000 ) ) 
 REPRESENTATION_ITEM ( '' )  );
#4363 = CARTESIAN_POINT ( 'NONE',  ( 1.732050807568890960, -1.000000000000024203, -1.233333333333337167 ) ) ;
#4364 = ORIENTED_EDGE ( 'NONE', *, *, #3848, .T. ) ;
#4365 = ORIENTED_EDGE ( 'NONE', *, *, #5308, .T. ) ;
#4366 = CARTESIAN_POINT ( 'NONE',  ( -2.309401076758522020, -1.549735047700003217E-14, 2.674999999999995826 ) ) ;
#4367 = EDGE_CURVE ( 'NONE', #5339, #1574, #1091, .T. ) ;
#4368 = CARTESIAN_POINT ( 'NONE',  ( 1.466719193394697918, 0.6289827222740773660, 2.134588648907441488 ) ) ;
#4369 = CARTESIAN_POINT ( 'NONE',  ( 1.433907949021956390E-12, -1.792972777169009602, -6.369527222830995150 ) ) ;
#4370 = CARTESIAN_POINT ( 'NONE',  ( 1.784401076758541649, -1.493784635760335874E-14, -5.724999999999991651 ) ) ;
#4371 = CARTESIAN_POINT ( 'NONE',  ( -0.8922005383792713795, -1.545336663013218148, -1.058333333333326909 ) ) ;
#4372 = CARTESIAN_POINT ( 'NONE',  ( 0.000000000000000000, -4.711997834488155533E-16, 6.599999999999999645 ) ) ;
#4373 = VERTEX_POINT ( 'NONE', #2780 ) ;
#4374 = CARTESIAN_POINT ( 'NONE',  ( 0.000000000000000000, 2.000000000000001776, -2.312499999999997780 ) ) ;
#4375 = DIRECTION ( 'NONE',  ( 3.485155683545281724E-15, 0.9945218953682734009, 0.1045284632676538317 ) ) ;
#4376 = CARTESIAN_POINT ( 'NONE',  ( 0.8922005383792717126, 1.545336663013188394, -6.220833333333324333 ) ) ;
#4377 = CARTESIAN_POINT ( 'NONE',  ( 2.353151076758530191, -1.500749814430486104E-14, -6.009375000000003020 ) ) ;
#4378 = CARTESIAN_POINT ( 'NONE',  ( -1.892491597964171594E-16, -1.545336663013219036, 1.187500000000006217 ) ) ;
#4379 = CARTESIAN_POINT ( 'NONE',  ( -0.2531638122453384043, 2.081652823194254154, 6.000215771722305469 ) ) ;
#4380 = EDGE_LOOP ( 'NONE', ( #414, #459, #1639, #3530 ) ) ;
#4381 = ORIENTED_EDGE ( 'NONE', *, *, #1119, .F. ) ;
#4382 = CARTESIAN_POINT ( 'NONE',  ( -0.3178112645239466461, -2.081946249364015511, 6.241296139684464173 ) ) ;
#4383 = DIRECTION ( 'NONE',  ( -0.000000000000000000, -1.224646799147353207E-16, 1.000000000000000000 ) ) ;
#4384 = CARTESIAN_POINT ( 'NONE',  ( 0.8922005383792704913, -1.545336663013218592, -5.841666666666658791 ) ) ;
#4385 = ORIENTED_EDGE ( 'NONE', *, *, #3360, .T. ) ;
#4386 = CARTESIAN_POINT ( 'NONE',  ( 0.8922005383792703803, -1.545336663013218814, -2.954166666666658614 ) ) ;
#4387 = CARTESIAN_POINT ( 'NONE',  ( 1.384240384857943651, -0.7508616654473531105, 6.530735867793092453 ) ) ;
#4388 = CARTESIAN_POINT ( 'NONE',  ( 1.176575538379266428, 2.037888611415576978, 0.3635416666666678176 ) ) ;
#4389 = VERTEX_POINT ( 'NONE', #2300 ) ;
#4390 = CARTESIAN_POINT ( 'NONE',  ( -1.732050807568891626, -1.000000000000023537, 2.820833333333334636 ) ) ;
#4391 = CARTESIAN_POINT ( 'NONE',  ( 1.732050807568892514, 0.9999999999999915623, -0.4166666666666702379 ) ) ;
#4392 = VECTOR ( 'NONE', #1175, 1000.000000000000000 ) ;
#4393 = CARTESIAN_POINT ( 'NONE',  ( 2.020202320488377890, -0.2369099609811801954, 5.519999999999999574 ) ) ;
#4394 = CARTESIAN_POINT ( 'NONE',  ( -0.2448196554927897783, 2.010395872630271086, 5.519999999999999574 ) ) ;
#4395 = EDGE_CURVE ( 'NONE', #1288, #4242, #4718, .T. ) ;
#4396 = CARTESIAN_POINT ( 'NONE',  ( 0.8922005383792717126, 1.545336663013187950, -2.808333333333326465 ) ) ;
#4397 = CIRCLE ( 'NONE', #3249, 2.046487425913060765 ) ;
#4398 = CARTESIAN_POINT ( 'NONE',  ( -0.3240004585797920944, 2.072835460008759956, 6.244117629312499140 ) ) ;
#4399 = VERTEX_POINT ( 'NONE', #3636 ) ;
#4400 = CARTESIAN_POINT ( 'NONE',  ( -1.058310357895957177, -1.447007518952289962, 2.650991902294737912 ) ) ;
#4401 = CARTESIAN_POINT ( 'NONE',  ( -0.2536874259130691978, 2.076636913961635328E-15, 5.519999999999999574 ) ) ;
#4402 = VECTOR ( 'NONE', #107, 1000.000000000000000 ) ;
#4403 = EDGE_CURVE ( 'NONE', #1951, #874, #4840, .T. ) ;
#4404 = CARTESIAN_POINT ( 'NONE',  ( 0.000000000000000000, 1.545336663013188172, -2.749999999999992895 ) ) ;
#4405 = CARTESIAN_POINT ( 'NONE',  ( -0.8922005383792713795, -1.545336663013218592, 1.129166666666672647 ) ) ;
#4406 = CARTESIAN_POINT ( 'NONE',  ( -1.214287501422804061, -0.2831209356723942139, 5.519999999999999574 ) ) ;
#4407 = EDGE_LOOP ( 'NONE', ( #1964, #3449, #1657, #2664 ) ) ;
#4408 = VERTEX_POINT ( 'NONE', #3578 ) ;
#4409 = CARTESIAN_POINT ( 'NONE',  ( -0.2404725625119452093, -2.070665643403694745, 5.882448275415796957 ) ) ;
#4410 = CARTESIAN_POINT ( 'NONE',  ( 1.647609832938185859, -0.2650224914312209745, -6.507128094216565906 ) ) ;
#4411 = CARTESIAN_POINT ( 'NONE',  ( 0.3265054118153186691, -2.066697242541987389, 6.246092966771985111 ) ) ;
#4412 = CARTESIAN_POINT ( 'NONE',  ( -1.338300807568906459, 0.7726683315065874247, -6.133333333333325754 ) ) ;
#4413 = DIRECTION ( 'NONE',  ( 0.1045284632676537068, 0.000000000000000000, 0.9945218953682734009 ) ) ;
#4414 = CARTESIAN_POINT ( 'NONE',  ( 0.8922005383792718236, 1.545336663013187950, -3.420833333333326287 ) ) ;
#4415 = DIRECTION ( 'NONE',  ( 0.3805870524817592804, -0.9188184237650819375, 0.1045284632676536235 ) ) ;
#4416 = CARTESIAN_POINT ( 'NONE',  ( 2.353151076758530191, -1.577366779802142108E-14, 0.2468750000000005662 ) ) ;
#4417 = ORIENTED_EDGE ( 'NONE', *, *, #5284, .F. ) ;
#4418 = CARTESIAN_POINT ( 'NONE',  ( -2.449293598294727122E-16, -2.000000000000031530, -1.262499999999998401 ) ) ;
#4419 = CARTESIAN_POINT ( 'NONE',  ( -1.239930819840273424, 1.042858068107074931, 2.207060723254174572 ) ) ;
#4420 = CARTESIAN_POINT ( 'NONE',  ( 0.1223053655150746905, -1.809279573193131485, -6.353220426806807097 ) ) ;
#4421 = CARTESIAN_POINT ( 'NONE',  ( 1.784401076758541871, -1.572008950055872918E-14, 0.6625000000000074163 ) ) ;
#4422 = CARTESIAN_POINT ( 'NONE',  ( -1.154700538379261676, -2.000000000000031530, 0.7791666666666682284 ) ) ;
#4423 = ORIENTED_EDGE ( 'NONE', *, *, #2287, .F. ) ;
#4424 =( BOUNDED_CURVE ( )  B_SPLINE_CURVE ( 2, ( #2509, #2537, #3815, #5458, #1580, #4208, #5068 ),
 .UNSPECIFIED., .F., .F. ) 
 B_SPLINE_CURVE_WITH_KNOTS ( ( 3, 2, 2, 3 ),
 ( 0.1038060084077964129, 0.1111111111111111327, 0.1388888888888890061, 0.1666666666666668795 ),
 .UNSPECIFIED. ) 
 CURVE ( )  GEOMETRIC_REPRESENTATION_ITEM ( )  RATIONAL_B_SPLINE_CURVE ( ( 0.9480652107226148484, 0.9647668653403674854, 1.000000000000000000, 0.8660254037844387076, 1.000000000000000000, 0.8660254037844375974, 1.000000000000001110 ) ) 
 REPRESENTATION_ITEM ( '' )  );
#4425 = CARTESIAN_POINT ( 'NONE',  ( -1.299354781659840752, -1.204501181626897566, 2.623279933389361052 ) ) ;
#4426 = CARTESIAN_POINT ( 'NONE',  ( 0.8922005383792716016, 1.545336663013187284, -1.408333333333326998 ) ) ;
#4427 = EDGE_CURVE ( 'NONE', #2706, #3224, #5221, .T. ) ;
#4428 = CARTESIAN_POINT ( 'NONE',  ( -1.338300807568906459, -0.7726683315066167346, 1.070833333333339743 ) ) ;
#4429 = CARTESIAN_POINT ( 'NONE',  ( -1.784401076758541649, -1.462938205810434270E-14, -4.674999999999992717 ) ) ;
#4430 = CARTESIAN_POINT ( 'NONE',  ( 1.338300807568907125, 0.7726683315065852042, 0.7208333333333396542 ) ) ;
#4431 = DIRECTION ( 'NONE',  ( 0.000000000000000000, 0.000000000000000000, 1.000000000000000000 ) ) ;
#4432 = VERTEX_POINT ( 'NONE', #546 ) ;
#4433 = DIRECTION ( 'NONE',  ( 0.3826834323650930569, -0.9238795325112852952, -0.000000000000000000 ) ) ;
#4434 = CARTESIAN_POINT ( 'NONE',  ( -1.764863307568897755, 1.018944305707781384, 1.982291666666663010 ) ) ;
#4435 = EDGE_CURVE ( 'NONE', #5054, #5362, #4474, .T. ) ;
#4436 = CARTESIAN_POINT ( 'NONE',  ( 1.784401076758541871, -1.614871588026030536E-14, 4.162500000000005862 ) ) ;
#4437 = CARTESIAN_POINT ( 'NONE',  ( -6.396075677863227198E-14, 1.778108891324566176, -6.384391108675438353 ) ) ;
#4438 = CARTESIAN_POINT ( 'NONE',  ( 0.5754184668983751694, 0.7846828240533270105, 6.525146117474438512 ) ) ;
#4439 = CARTESIAN_POINT ( 'NONE',  ( -1.338300807568906459, 0.7726683315065875357, -6.833333333333325932 ) ) ;
#4440 = CARTESIAN_POINT ( 'NONE',  ( 0.2536874259130691978, 1.362259747427715162, 5.519999999999999574 ) ) ;
#4441 = B_SPLINE_CURVE_WITH_KNOTS ( 'NONE', 3,
 ( #5241, #3248, #4942, #5268 ),
 .UNSPECIFIED., .F., .F.,
 ( 4, 4 ),
 ( 0.000000000000000000, 0.0003018712239909429238 ),
 .UNSPECIFIED. ) ;
#4442 = APPROVAL_STATUS ( 'not_yet_approved' ) ;
#4443 = CARTESIAN_POINT ( 'NONE',  ( 1.784401076758541649, -1.512001256897652759E-14, -4.237499999999990941 ) ) ;
#4444 = CARTESIAN_POINT ( 'NONE',  ( 0.000000000000000000, 2.000000000000001776, -4.500000000000001776 ) ) ;
#4445 = CARTESIAN_POINT ( 'NONE',  ( -1.764863307568897977, -1.018944305707811360, -0.04479166666666607038 ) ) ;
#4446 = ORIENTED_EDGE ( 'NONE', *, *, #2188, .F. ) ;
#4447 = CARTESIAN_POINT ( 'NONE',  ( -1.381458624468311580, 0.3502066986637588086, 6.438319537806443726 ) ) ;
#4448 = CARTESIAN_POINT ( 'NONE',  ( -3.939435391922204983E-17, -0.2981763064969558119, 0.2693673207834479943 ) ) ;
#4449 = CARTESIAN_POINT ( 'NONE',  ( 1.301231568671944894, -1.502060194787594893, -6.179060838110584264 ) ) ;
#4450 = DIRECTION ( 'NONE',  ( -0.3826834323651017722, -0.9238795325112817425, 0.000000000000000000 ) ) ;
#4451 = CARTESIAN_POINT ( 'NONE',  ( 0.2084880638676663012, 2.035408447248774344, 5.519999999999999574 ) ) ;
#4452 = CARTESIAN_POINT ( 'NONE',  ( -2.495693764988950272E-16, -2.037888611415608064, 1.471874999999999600 ) ) ;
#4453 = EDGE_LOOP ( 'NONE', ( #3061, #4357, #740, #1 ) ) ;
#4454 = CARTESIAN_POINT ( 'NONE',  ( -1.718535802461759854, -0.2903109858410511945, 2.543923366989557788 ) ) ;
#4455 = CARTESIAN_POINT ( 'NONE',  ( -0.8922005383792707134, 1.545336663013187950, -1.991666666666659813 ) ) ;
#4456 = CARTESIAN_POINT ( 'NONE',  ( 2.309401076758522020, -1.524860048288699507E-14, -3.975000000000002753 ) ) ;
#4457 = CARTESIAN_POINT ( 'NONE',  ( -1.764863307568897977, -1.018944305707810916, -4.201041666666668561 ) ) ;
#4458 = LINE ( 'NONE', #617, #4245 ) ;
#4459 = CARTESIAN_POINT ( 'NONE',  ( 0.000000000000000000, -4.711997834488155533E-16, 6.599999999999999645 ) ) ;
#4460 = ORIENTED_EDGE ( 'NONE', *, *, #2877, .F. ) ;
#4461 = CARTESIAN_POINT ( 'NONE',  ( -1.732050807568891404, 0.9999999999999931166, 2.004166666666668206 ) ) ;
#4462 = CARTESIAN_POINT ( 'NONE',  ( 2.353151076758530191, -1.586475090370801023E-14, 0.9906249999999960920 ) ) ;
#4463 = CARTESIAN_POINT ( 'NONE',  ( -1.338300807568906459, 0.7726683315065863145, 3.054166666666673358 ) ) ;
#4464 = CARTESIAN_POINT ( 'NONE',  ( 1.222908433297935415, 1.216723261771323061, -6.440722706678704057 ) ) ;
#4465 = CARTESIAN_POINT ( 'NONE',  ( 1.401258538444111634, -1.427050983124842798, -6.162500000000000533 ) ) ;
#4466 = EDGE_CURVE ( 'NONE', #1169, #4318, #2446, .T. ) ;
#4467 = CARTESIAN_POINT ( 'NONE',  ( -0.8922005383792713795, -1.545336663013217926, -5.958333333333325932 ) ) ;
#4468 = CARTESIAN_POINT ( 'NONE',  ( -1.154700538379264563, -2.000000000000026645, -0.7083333333333374782 ) ) ;
#4469 = DIRECTION ( 'NONE',  ( -0.000000000000000000, -1.224646799147353207E-16, 1.000000000000000000 ) ) ;
#4470 = CARTESIAN_POINT ( 'NONE',  ( 1.338300807568906015, -0.7726683315066176228, 0.6041666666666742902 ) ) ;
#4471 = EDGE_CURVE ( 'NONE', #1300, #3577, #2538, .T. ) ;
#4472 = CARTESIAN_POINT ( 'NONE',  ( 1.176575538379264652, -2.037888611415608509, 0.1302083333333337312 ) ) ;
#4473 = ORIENTED_EDGE ( 'NONE', *, *, #126, .F. ) ;
#4474 = LINE ( 'NONE', #4917, #3427 ) ;
#4475 = CARTESIAN_POINT ( 'NONE',  ( -1.426247446692816556, 0.7816721355206069921, 2.224275489758423596 ) ) ;
#4476 = VECTOR ( 'NONE', #3194, 999.9999999999998863 ) ;
#4477 = DIRECTION ( 'NONE',  ( 0.9188184237650778297, 0.3805870524817687728, 0.1045284632676537762 ) ) ;
#4478 = CARTESIAN_POINT ( 'NONE',  ( -0.2476865024442850838, 2.004590400338929435, 5.519999999999999574 ) ) ;
#4479 = CARTESIAN_POINT ( 'NONE',  ( 1.978834712860428668, 0.2536874259130706966, 5.519999999999999574 ) ) ;
#4480 = CARTESIAN_POINT ( 'NONE',  ( -2.353151076758530191, -1.532589992511940043E-14, 1.296875000000000000 ) ) ;
#4481 = EDGE_LOOP ( 'NONE', ( #5501, #1921 ) ) ;
#4482 = CARTESIAN_POINT ( 'NONE',  ( 1.338300807568906015, -0.7726683315066178448, 2.004166666666672647 ) ) ;
#4483 = CIRCLE ( 'NONE', #2709, 2.121718661993897914 ) ;
#4484 = CARTESIAN_POINT ( 'NONE',  ( -0.8922005383792707134, 1.545336663013187950, -1.291666666666660079 ) ) ;
#4485 = DIRECTION ( 'NONE',  ( -0.000000000000000000, -1.224646799147353207E-16, 1.000000000000000000 ) ) ;
#4486 = AXIS2_PLACEMENT_3D ( 'NONE', #2662, #4361, #1393 ) ;
#4487 = AXIS2_PLACEMENT_3D ( 'NONE', #3659, #4945, #688 ) ;
#4488 = CARTESIAN_POINT ( 'NONE',  ( 1.764863307568897088, -1.018944305707812026, -4.667708333333335347 ) ) ;
#4489 = CYLINDRICAL_SURFACE ( 'NONE', #838, 2.000000000000000888 ) ;
#4490 = CARTESIAN_POINT ( 'NONE',  ( 3.351658741328544953E-17, 0.2536874259130709741, 5.519999999999999574 ) ) ;
#4491 = ORIENTED_EDGE ( 'NONE', *, *, #1745, .F. ) ;
#4492 = CARTESIAN_POINT ( 'NONE',  ( -2.449293598294727122E-16, -2.000000000000031974, 2.237500000000000711 ) ) ;
#4493 = CARTESIAN_POINT ( 'NONE',  ( -1.176575538379265984, -2.037888611415607620, 1.457291666666662433 ) ) ;
#4494 = CIRCLE ( 'NONE', #2091, 2.046487425913060765 ) ;
#4495 = DIRECTION ( 'NONE',  ( -0.000000000000000000, -1.224646799147353207E-16, 1.000000000000000000 ) ) ;
#4496 = CARTESIAN_POINT ( 'NONE',  ( -2.309401076758522020, -1.532589992511940359E-14, 1.274999999999995692 ) ) ;
#4497 = CARTESIAN_POINT ( 'NONE',  ( 2.001742563614590242, -0.2790830526408974444, 5.761623248231879657 ) ) ;
#4498 = DIRECTION ( 'NONE',  ( 0.000000000000000000, -1.000000000000000000, -2.194741239849199837E-16 ) ) ;
#4499 = EDGE_CURVE ( 'NONE', #3239, #4399, #4506, .T. ) ;
#4500 = EDGE_CURVE ( 'NONE', #3984, #708, #3114, .T. ) ;
#4501 = DIRECTION ( 'NONE',  ( -0.07992773943613179499, 0.07992773943613307175, 0.9935910189495774647 ) ) ;
#4502 = CARTESIAN_POINT ( 'NONE',  ( 1.154700538379254127, 2.000000000000015543, -5.870833333333328241 ) ) ;
#4503 = CARTESIAN_POINT ( 'NONE',  ( -1.338300807568906459, -0.7726683315066164015, -1.729166666666659191 ) ) ;
#4504 = AXIS2_PLACEMENT_3D ( 'NONE', #4994, #352, #3301 ) ;
#4505 = VERTEX_POINT ( 'NONE', #2269 ) ;
#4506 = LINE ( 'NONE', #3938, #4402 ) ;
#4507 = CARTESIAN_POINT ( 'NONE',  ( 0.000000000000000000, 1.587067879703701223, 2.125906470810125626 ) ) ;
#4508 = ADVANCED_FACE ( 'NONE', ( #3968 ), #4828, .T. ) ;
#4509 = CARTESIAN_POINT ( 'NONE',  ( -1.474829593781328496, -1.178591479134459608, 2.909979537849511022 ) ) ;
#4510 = CARTESIAN_POINT ( 'NONE',  ( 1.338300807568906015, -0.7726683315066171787, -2.983333333333325843 ) ) ;
#4511 = CARTESIAN_POINT ( 'NONE',  ( 1.338300807568907125, 0.7726683315065852042, 0.6333333333333395210 ) ) ;
#4512 =( BOUNDED_CURVE ( )  B_SPLINE_CURVE ( 2, ( #3413, #412, #1755, #2207, #3441, #4717, #4691 ),
 .UNSPECIFIED., .F., .F. ) 
 B_SPLINE_CURVE_WITH_KNOTS ( ( 3, 2, 2, 3 ),
 ( 0.2499999999999999167, 0.2777777777777777346, 0.3055555555555555802, 0.3333333333333333148 ),
 .UNSPECIFIED. ) 
 CURVE ( )  GEOMETRIC_REPRESENTATION_ITEM ( )  RATIONAL_B_SPLINE_CURVE ( ( 1.000000000000000222, 0.8660254037844382635, 1.000000000000000000, 0.8660254037844387076, 1.000000000000000000, 0.8660254037844387076, 1.000000000000000000 ) ) 
 REPRESENTATION_ITEM ( '' )  );
#4513 = VERTEX_POINT ( 'NONE', #5249 ) ;
#4514 = DIRECTION ( 'NONE',  ( -0.000000000000000000, -0.8660254037844272723, 0.5000000000000197620 ) ) ;
#4515 = CARTESIAN_POINT ( 'NONE',  ( -1.892491597964171348E-16, -1.545336663013218592, 0.4000000000000066835 ) ) ;
#4516 = CARTESIAN_POINT ( 'NONE',  ( 1.338300807568906015, -0.7726683315066177338, 0.6041666666666729579 ) ) ;
#4517 = CARTESIAN_POINT ( 'NONE',  ( -1.176575538379264874, 2.037888611415578755, -5.776041666666668739 ) ) ;
#4518 = FACE_OUTER_BOUND ( 'NONE', #1450, .T. ) ;
#4519 = CARTESIAN_POINT ( 'NONE',  ( -0.8922005383792729338, 1.545336663013185063, -2.691666666666659768 ) ) ;
#4520 = ORIENTED_EDGE ( 'NONE', *, *, #2353, .T. ) ;
#4521 = CARTESIAN_POINT ( 'NONE',  ( -1.176575538379264874, 2.037888611415577422, 1.923958333333329662 ) ) ;
#4522 = CARTESIAN_POINT ( 'NONE',  ( 0.000000000000000000, 1.545336663013187950, 0.7500000000000057732 ) ) ;
#4523 = CARTESIAN_POINT ( 'NONE',  ( -2.048952037832946438, 0.3306177738950212275, 6.251943368290258540 ) ) ;
#4524 = CARTESIAN_POINT ( 'NONE',  ( -1.214287501422804061, -0.2831209356723942139, 5.519999999999999574 ) ) ;
#4525 = CARTESIAN_POINT ( 'NONE',  ( 0.3672000000000000264, 0.000000000000000000, 6.599999999999999645 ) ) ;
#4526 = FACE_OUTER_BOUND ( 'NONE', #2770, .T. ) ;
#4527 = DIRECTION ( 'NONE',  ( -0.000000000000000000, -1.224646799147353207E-16, 1.000000000000000000 ) ) ;
#4528 = CARTESIAN_POINT ( 'NONE',  ( 0.8922005383792717126, 1.545336663013187284, 0.07916666666667400432 ) ) ;
#4529 = EDGE_LOOP ( 'NONE', ( #762, #5085, #2025, #3526, #1546 ) ) ;
#4530 = LINE ( 'NONE', #1227, #2000 ) ;
#4531 = CARTESIAN_POINT ( 'NONE',  ( -2.511505655691384375E-16, -2.050799999999993961, 3.399999999999999467 ) ) ;
#4532 = CARTESIAN_POINT ( 'NONE',  ( 2.013052336805460030, 0.2917822747240114700, 5.882448275415796957 ) ) ;
#4533 = CARTESIAN_POINT ( 'NONE',  ( -1.338300807568906459, 0.7726683315065866475, 0.1666666666666730412 ) ) ;
#4534 = EDGE_CURVE ( 'NONE', #4513, #4242, #3138, .T. ) ;
#4535 = CARTESIAN_POINT ( 'NONE',  ( 2.353151076758530191, -1.603084362584237183E-14, 2.346875000000000266 ) ) ;
#4536 = ORIENTED_EDGE ( 'NONE', *, *, #5178, .T. ) ;
#4537 = CARTESIAN_POINT ( 'NONE',  ( 1.154700538379257679, -2.000000000000037303, 2.908333333333329218 ) ) ;
#4538 = CARTESIAN_POINT ( 'NONE',  ( -1.892491597964171348E-16, -1.545336663013218592, -0.2999999999999934386 ) ) ;
#4539 = EDGE_LOOP ( 'NONE', ( #2171, #270, #3704, #179 ) ) ;
#4540 = CARTESIAN_POINT ( 'NONE',  ( 0.8922005383792704913, -1.545336663013219258, 0.4583333333333388104 ) ) ;
#4541 =( BOUNDED_CURVE ( )  B_SPLINE_CURVE ( 2, ( #2600, #2998, #382, #3436, #1330, #5469, #854 ),
 .UNSPECIFIED., .F., .F. ) 
 B_SPLINE_CURVE_WITH_KNOTS ( ( 3, 2, 2, 3 ),
 ( 0.1666666666666665741, 0.1944444444444442810, 0.2222222222222220156, 0.2499999999999997224 ),
 .UNSPECIFIED. ) 
 CURVE ( )  GEOMETRIC_REPRESENTATION_ITEM ( )  RATIONAL_B_SPLINE_CURVE ( ( 1.000000000000000222, 0.8660254037844383745, 1.000000000000000000, 0.8660254037844385966, 1.000000000000000000, 0.8660254037844399289, 0.9999999999999986677 ) ) 
 REPRESENTATION_ITEM ( '' )  );
#4542 = CARTESIAN_POINT ( 'NONE',  ( 1.764863307568897088, -1.018944305707812248, -3.267708333333334991 ) ) ;
#4543 = CARTESIAN_POINT ( 'NONE',  ( 0.3275868806890472329, 2.064942806641236750, 6.246641223995141878 ) ) ;
#4544 = LINE ( 'NONE', #4490, #2016 ) ;
#4545 = ORIENTED_EDGE ( 'NONE', *, *, #672, .T. ) ;
#4546 = CARTESIAN_POINT ( 'NONE',  ( -0.3513924484429597483, -1.330523465946949369, 6.449601193357405116 ) ) ;
#4547 = CARTESIAN_POINT ( 'NONE',  ( -2.495693764988950272E-16, -2.037888611415608509, 2.915624999999995914 ) ) ;
#4548 = CARTESIAN_POINT ( 'NONE',  ( -1.176575538379264874, 2.037888611415578755, -5.119791666666665186 ) ) ;
#4549 = CARTESIAN_POINT ( 'NONE',  ( -1.978834712860428668, -0.2536874259130720843, 5.519999999999999574 ) ) ;
#4550 = VERTEX_POINT ( 'NONE', #1965 ) ;
#4551 = VERTEX_POINT ( 'NONE', #1623 ) ;
#4552 = CARTESIAN_POINT ( 'NONE',  ( 0.2831209356723893844, -1.214287501422804949, 5.519999999999999574 ) ) ;
#4553 = CARTESIAN_POINT ( 'NONE',  ( -2.449293598294727122E-16, -2.000000000000031086, -3.450000000000001954 ) ) ;
#4554 = CARTESIAN_POINT ( 'NONE',  ( -1.892491597964171594E-16, -1.545336663013218814, -0.2124999999999926392 ) ) ;
#4555 = ORIENTED_EDGE ( 'NONE', *, *, #3792, .F. ) ;
#4556 = DIRECTION ( 'NONE',  ( 0.000000000000000000, -0.1045284632676539566, 0.9945218953682734009 ) ) ;
#4557 = CARTESIAN_POINT ( 'NONE',  ( 0.3826980794443283762, 1.234094626827384023, 6.467413237156726780 ) ) ;
#4558 = CARTESIAN_POINT ( 'NONE',  ( -1.793167570772469022, 0.4378522799243339536, 2.826054133228891541 ) ) ;
#4559 = CARTESIAN_POINT ( 'NONE',  ( 0.000000000000000000, 2.000000000000001332, -0.2124999999999974964 ) ) ;
#4560 = B_SPLINE_CURVE_WITH_KNOTS ( 'NONE', 3,
 ( #1936, #1028, #3998, #5251, #3141, #2724 ),
 .UNSPECIFIED., .F., .F.,
 ( 4, 2, 4 ),
 ( 2.349283252240482503E-15, 0.0005373135327599563599, 0.001074627065517563471 ),
 .UNSPECIFIED. ) ;
#4561 = DIRECTION ( 'NONE',  ( -1.000000000000000000, 0.000000000000000000, -0.000000000000000000 ) ) ;
#4562 = CARTESIAN_POINT ( 'NONE',  ( -2.059393216598892185, -0.2274518242601654971, 5.761623314804401375 ) ) ;
#4563 = ORIENTED_EDGE ( 'NONE', *, *, #2504, .F. ) ;
#4564 = CARTESIAN_POINT ( 'NONE',  ( -2.035408447248771679, 0.2084880638676858688, 5.519999999999999574 ) ) ;
#4565 = CARTESIAN_POINT ( 'NONE',  ( 1.176575538379266428, 2.037888611415576978, -1.692708333333336590 ) ) ;
#4566 = EDGE_CURVE ( 'NONE', #5399, #3739, #3783, .T. ) ;
#4567 = CARTESIAN_POINT ( 'NONE',  ( -1.784401076758541871, -1.558307575294034488E-14, 3.112500000000006040 ) ) ;
#4568 = EDGE_CURVE ( 'NONE', #708, #1707, #328, .T. ) ;
#4569 = CARTESIAN_POINT ( 'NONE',  ( 0.6077244663818784920, 1.863742374273719582, 3.140705987748455996 ) ) ;
#4570 = CARTESIAN_POINT ( 'NONE',  ( -1.176575538379265984, -2.037888611415607176, -4.142708333333334991 ) ) ;
#4571 = LINE ( 'NONE', #5345, #1202 ) ;
#4572 = CARTESIAN_POINT ( 'NONE',  ( 0.000000000000000000, 3.877262088330835965, 5.281987470879276891 ) ) ;
#4573 = ORIENTED_EDGE ( 'NONE', *, *, #1001, .F. ) ;
#4574 = CARTESIAN_POINT ( 'NONE',  ( -1.338300807568906459, 0.7726683315065865365, 0.8666666666666723584 ) ) ;
#4575 = CARTESIAN_POINT ( 'NONE',  ( 0.000000000000000000, 2.070106209874711453E-15, 5.519999999999999574 ) ) ;
#4576 = CARTESIAN_POINT ( 'NONE',  ( -2.495693764988950272E-16, -2.037888611415607620, -2.728124999999997691 ) ) ;
#4577 =( BOUNDED_CURVE ( )  B_SPLINE_CURVE ( 2, ( #290, #4519, #3622, #5320, #2822, #4901, #5346, #1520, #3271, #3238, #1100, #678, #2400, #5152, #3430, #4680, #2541, #3042, #2512, #1324, #3795, #2593, #1215, #3768, #4707, #3017, #4730, #3379, #2939, #848, #4186, #3456, #2569, #3818, #1239, #2965, #4241, #2489, #4211, #1638, #4293, #451, #4650, #2992, #5095, #3402, #9, #2141, #403, #5046, #2170, #5463, #4266, #3355, #5071, #1265, #4626, #1716, #873, #426, #376 ),
 .UNSPECIFIED., .F., .F. ) 
 B_SPLINE_CURVE_WITH_KNOTS ( ( 3, 2, 2, 2, 2, 2, 2, 2, 2, 2, 2, 2, 2, 2, 2, 2, 2, 2, 2, 2, 2, 2, 2, 2, 2, 2, 2, 2, 2, 2, 3 ),
 ( 0.1666666666666667684, 0.1944444444444445586, 0.2222222222222223209, 0.2500000000000001110, 0.2777777777777779011, 0.3055555555555556912, 0.3333333333333333703, 0.3611111111111111605, 0.3888888888888889506, 0.4166666666666667407, 0.4444444444444445308, 0.4722222222222223209, 0.5000000000000001110, 0.5277777777777779011, 0.5555555555555555802, 0.5833333333333334814, 0.6111111111111112715, 0.6388888888888889506, 0.6666666666666667407, 0.6944444444444444198, 0.7222222222222223209, 0.7500000000000000000, 0.7777777777777779011, 0.8055555555555556912, 0.8333333333333333703, 0.8611111111111111605, 0.8888888888888888395, 0.9166666666666667407, 0.9444444444444444198, 0.9722222222222222099, 1.000000000000000000 ),
 .UNSPECIFIED. ) 
 CURVE ( )  GEOMETRIC_REPRESENTATION_ITEM ( )  RATIONAL_B_SPLINE_CURVE ( ( 0.9999999999999994449, 0.8660254037844392627, 1.000000000000000000, 0.8660254037844387076, 1.000000000000000000, 0.8660254037844387076, 1.000000000000000000, 0.8660254037844387076, 1.000000000000000000, 0.8660254037844387076, 1.000000000000000000, 0.8660254037844387076, 1.000000000000000000, 0.8660254037844387076, 1.000000000000000000, 0.8660254037844387076, 1.000000000000000000, 0.8660254037844387076, 1.000000000000000000, 0.8660254037844387076, 1.000000000000000000, 0.8660254037844387076, 1.000000000000000000, 0.8660254037844387076, 1.000000000000000000, 0.8660254037844387076, 1.000000000000000000, 0.8660254037844387076, 1.000000000000000000, 0.8660254037844387076, 1.000000000000000000, 0.8660254037844387076, 1.000000000000000000, 0.8660254037844387076, 1.000000000000000000, 0.8660254037844387076, 1.000000000000000000, 0.8660254037844387076, 1.000000000000000000, 0.8660254037844387076, 1.000000000000000000, 0.8660254037844387076, 1.000000000000000000, 0.8660254037844387076, 1.000000000000000000, 0.8660254037844387076, 1.000000000000000000, 0.8660254037844387076, 1.000000000000000000, 0.8660254037844387076, 1.000000000000000000, 0.8660254037844387076, 1.000000000000000000, 0.8660254037844387076, 1.000000000000000000, 0.8660254037844387076, 1.000000000000000000, 0.8660254037844387076, 1.000000000000000000, 0.8660254037844387076, 1.000000000000000000 ) ) 
 REPRESENTATION_ITEM ( '' )  );
#4578 = EDGE_CURVE ( 'NONE', #1566, #1537, #4530, .T. ) ;
#4579 = CARTESIAN_POINT ( 'NONE',  ( -1.986006295168969871, -0.2532457960641147365, 5.519999999999999574 ) ) ;
#4580 = CARTESIAN_POINT ( 'NONE',  ( 1.784401076758541871, -1.519502218542430318E-14, -3.624999999999992895 ) ) ;
#4581 = ORIENTED_EDGE ( 'NONE', *, *, #3109, .T. ) ;
#4582 = VECTOR ( 'NONE', #1719, 1000.000000000000000 ) ;
#4583 = CARTESIAN_POINT ( 'NONE',  ( 0.2536874259130666998, -1.362259747427716272, 5.519999999999999574 ) ) ;
#4584 = CIRCLE ( 'NONE', #2713, 6.359696215217525150 ) ;
#4585 = CARTESIAN_POINT ( 'NONE',  ( -2.449293598294727122E-16, -2.000000000000031530, -0.5624999999999983347 ) ) ;
#4586 = CARTESIAN_POINT ( 'NONE',  ( -1.338300807568906459, 0.7726683315065867586, -0.4458333333333258652 ) ) ;
#4587 = ORIENTED_EDGE ( 'NONE', *, *, #2797, .F. ) ;
#4588 = CARTESIAN_POINT ( 'NONE',  ( 0.5343434567956825143, 0.6077826837533993887, 5.520000000000000462 ) ) ;
#4589 = CARTESIAN_POINT ( 'NONE',  ( 1.237294757821881364, -0.3987862243729464184, 6.620481711399901492 ) ) ;
#4590 = CARTESIAN_POINT ( 'NONE',  ( -0.9235712426753661664, -1.648621777420371526, 2.946630693729903161 ) ) ;
#4591 = DIRECTION ( 'NONE',  ( 0.1045058763748857034, 0.02078751127481476974, -0.9943069954385902465 ) ) ;
#4592 = CARTESIAN_POINT ( 'NONE',  ( 0.8922005383792717126, 1.545336663013188172, -5.520833333333325044 ) ) ;
#4593 = CARTESIAN_POINT ( 'NONE',  ( -2.353151076758530191, -1.549735047700002901E-14, 2.696874999999999911 ) ) ;
#4594 = ORIENTED_EDGE ( 'NONE', *, *, #2287, .T. ) ;
#4595 = CARTESIAN_POINT ( 'NONE',  ( 0.3513924484429574169, -1.330523465946949369, 6.449601193357405116 ) ) ;
#4596 = CARTESIAN_POINT ( 'NONE',  ( 0.000000000000000000, 2.037888611415577866, -1.634375000000003020 ) ) ;
#4597 = AXIS2_PLACEMENT_3D ( 'NONE', #562, #3100, #1855 ) ;
#4598 = CARTESIAN_POINT ( 'NONE',  ( -1.338300807568906459, 0.7726683315065863145, 3.054166666666673358 ) ) ;
#4599 = CARTESIAN_POINT ( 'NONE',  ( 1.829273328268481213, 0.5531899015431025468, 3.005226507650216483 ) ) ;
#4600 = CARTESIAN_POINT ( 'NONE',  ( 1.176575538379266428, 2.037888611415576978, -1.036458333333332371 ) ) ;
#4601 = CARTESIAN_POINT ( 'NONE',  ( -0.8922005383792713795, -1.545336663013218148, -3.070833333333326198 ) ) ;
#4602 = DIRECTION ( 'NONE',  ( 0.1045058763748857034, 0.02078751127481452340, 0.9943069954385901354 ) ) ;
#4603 = EDGE_LOOP ( 'NONE', ( #3284, #619, #833, #1460 ) ) ;
#4604 = ADVANCED_FACE ( 'NONE', ( #362 ), #4228, .T. ) ;
#4605 = CARTESIAN_POINT ( 'NONE',  ( -0.3502066986637449864, -1.381458624468316465, 6.438319537806442838 ) ) ;
#4606 = CARTESIAN_POINT ( 'NONE',  ( 1.154700538379261232, 2.000000000000002665, -0.2708333333333307613 ) ) ;
#4607 = CARTESIAN_POINT ( 'NONE',  ( 1.176575538379266428, 2.037888611415577422, -4.536458333333331261 ) ) ;
#4608 = FACE_OUTER_BOUND ( 'NONE', #5182, .T. ) ;
#4609 = ORIENTED_EDGE ( 'NONE', *, *, #3287, .T. ) ;
#4610 = EDGE_CURVE ( 'NONE', #966, #1325, #1596, .T. ) ;
#4611 =( BOUNDED_CURVE ( )  B_SPLINE_CURVE ( 2, ( #5009, #1172, #2898, #758, #1732, #5062, #4335 ),
 .UNSPECIFIED., .F., .T. ) 
 B_SPLINE_CURVE_WITH_KNOTS ( ( 3, 2, 2, 3 ),
 ( 0.7500000000000000000, 0.7777777777777777901, 0.8055555555555556912, 0.8333333333333334814 ),
 .UNSPECIFIED. ) 
 CURVE ( )  GEOMETRIC_REPRESENTATION_ITEM ( )  RATIONAL_B_SPLINE_CURVE ( ( 1.000000000000000000, 0.8660254037844387076, 1.000000000000000000, 0.8660254037844387076, 1.000000000000000000, 0.8660254037844381525, 1.000000000000000444 ) ) 
 REPRESENTATION_ITEM ( '' )  );
#4612 = LINE ( 'NONE', #246, #2087 ) ;
#4613 = AXIS2_PLACEMENT_3D ( 'NONE', #3425, #1295, #4702 ) ;
#4614 = VERTEX_POINT ( 'NONE', #5007 ) ;
#4615 = DIRECTION ( 'NONE',  ( -0.3826834323650930569, 0.9238795325112852952, -0.000000000000000000 ) ) ;
#4616 = CARTESIAN_POINT ( 'NONE',  ( -1.154700538379261676, -2.000000000000031086, -2.020833333333332593 ) ) ;
#4617 = CARTESIAN_POINT ( 'NONE',  ( 0.3306534476493249164, -2.098156001281129779, 6.252282781390399613 ) ) ;
#4618 = DIRECTION ( 'NONE',  ( 0.1045284632676536929, 1.243449787580175483E-14, -0.9945218953682734009 ) ) ;
#4619 = VERTEX_POINT ( 'NONE', #3781 ) ;
#4620 = DIRECTION ( 'NONE',  ( 0.000000000000000000, -1.000000000000000000, 0.000000000000000000 ) ) ;
#4621 = CARTESIAN_POINT ( 'NONE',  ( -1.176575538379264874, 2.037888611415578310, -2.976041666666668917 ) ) ;
#4622 = CARTESIAN_POINT ( 'NONE',  ( 0.000000000000000000, 1.545336663013187506, 3.637500000000006395 ) ) ;
#4623 = CARTESIAN_POINT ( 'NONE',  ( 1.499316947792072030, 1.215197046107217460, 3.057103496294550915 ) ) ;
#4624 = CARTESIAN_POINT ( 'NONE',  ( 0.000000000000000000, 2.037888611415578310, -3.078124999999998668 ) ) ;
#4625 = CARTESIAN_POINT ( 'NONE',  ( -0.8922005383792713795, -1.545336663013218148, -0.9708333333333262205 ) ) ;
#4626 = CARTESIAN_POINT ( 'NONE',  ( 1.338300807568906015, -0.7726683315066176228, 0.5166666666666734908 ) ) ;
#4627 = ORIENTED_EDGE ( 'NONE', *, *, #1861, .F. ) ;
#4628 = LINE ( 'NONE', #2852, #4693 ) ;
#4629 = CARTESIAN_POINT ( 'NONE',  ( 1.978416243866736535, 0.2532255821977514865, 5.515605850571559721 ) ) ;
#4630 = CARTESIAN_POINT ( 'NONE',  ( 0.000000000000000000, 2.037888611415578310, -3.778124999999997957 ) ) ;
#4631 = CARTESIAN_POINT ( 'NONE',  ( -0.8922005383792707134, 1.545336663013188616, -6.191666666666659324 ) ) ;
#4632 = CARTESIAN_POINT ( 'NONE',  ( -0.2009207454415782301, -2.036136424108543785, 5.515605851786924418 ) ) ;
#4633 = ORIENTED_EDGE ( 'NONE', *, *, #4534, .T. ) ;
#4634 = DIRECTION ( 'NONE',  ( 1.042986496104374199E-14, 0.9945218953682735119, -0.1045284632676535957 ) ) ;
#4635 = EDGE_CURVE ( 'NONE', #1404, #5248, #890, .T. ) ;
#4636 = ORIENTED_EDGE ( 'NONE', *, *, #1281, .F. ) ;
#4637 = ORIENTED_EDGE ( 'NONE', *, *, #4803, .T. ) ;
#4638 = CARTESIAN_POINT ( 'NONE',  ( -0.2536874259130690312, -1.311313062439116051, 5.520000000000000462 ) ) ;
#4639 = CARTESIAN_POINT ( 'NONE',  ( -0.8197738976300074087, -1.464888102928841862, 2.368228730977034679 ) ) ;
#4640 = CARTESIAN_POINT ( 'NONE',  ( 1.154700538379260788, -2.000000000000031086, -5.491666666666669805 ) ) ;
#4641 = EDGE_CURVE ( 'NONE', #4743, #680, #4870, .T. ) ;
#4642 = CARTESIAN_POINT ( 'NONE',  ( 2.001742563614591575, 0.2790830526408911716, 5.761623248231878769 ) ) ;
#4643 = ORIENTED_EDGE ( 'NONE', *, *, #1904, .F. ) ;
#4644 = DIRECTION ( 'NONE',  ( 0.9945218953682734009, 0.000000000000000000, -0.1045284632676528880 ) ) ;
#4645 = CARTESIAN_POINT ( 'NONE',  ( 1.764863307568898643, 1.018944305707779607, -0.3510416666666700825 ) ) ;
#4646 = CARTESIAN_POINT ( 'NONE',  ( 0.8922005383792704913, -1.545336663013219480, 4.045833333333339610 ) ) ;
#4647 = CYLINDRICAL_SURFACE ( 'NONE', #2529, 0.3887999999999999790 ) ;
#4648 = CARTESIAN_POINT ( 'NONE',  ( -1.176575538379264874, 2.037888611415578310, -2.319791666666664920 ) ) ;
#4649 = CARTESIAN_POINT ( 'NONE',  ( -1.338300807568906459, -0.7726683315066165125, -1.029166666666659680 ) ) ;
#4650 = CARTESIAN_POINT ( 'NONE',  ( -1.892491597964171594E-16, -1.545336663013218814, -0.2999999999999934386 ) ) ;
#4651 = ORIENTED_EDGE ( 'NONE', *, *, #4944, .F. ) ;
#4652 = CARTESIAN_POINT ( 'NONE',  ( 1.683145360599995533, -0.1753800449433915165, 1.961759516076265308 ) ) ;
#4653 = CARTESIAN_POINT ( 'NONE',  ( -2.449293598294727122E-16, -2.000000000000031530, -0.5624999999999983347 ) ) ;
#4654 = CARTESIAN_POINT ( 'NONE',  ( -1.764863307568897977, -1.018944305707810916, -3.544791666666665009 ) ) ;
#4655 = CARTESIAN_POINT ( 'NONE',  ( 0.000000000000000000, 1.545336663013188394, -5.549999999999992717 ) ) ;
#4656 = CARTESIAN_POINT ( 'NONE',  ( -1.082708096909055007, -1.102637102105849864, -6.600000000000000533 ) ) ;
#4657 = ORIENTED_EDGE ( 'NONE', *, *, #1762, .T. ) ;
#4658 = VECTOR ( 'NONE', #1767, 999.9999999999998863 ) ;
#4659 = DIRECTION ( 'NONE',  ( 0.000000000000000000, -1.000000000000000000, 0.000000000000000000 ) ) ;
#4660 = CARTESIAN_POINT ( 'NONE',  ( -0.4945611972164576930, -0.7038255543714110329, 5.519999999999999574 ) ) ;
#4661 = AXIS2_PLACEMENT_3D ( 'NONE', #1349, #88, #3479 ) ;
#4662 = ORIENTED_EDGE ( 'NONE', *, *, #1329, .F. ) ;
#4663 = EDGE_CURVE ( 'NONE', #5348, #292, #4584, .T. ) ;
#4664 = CARTESIAN_POINT ( 'NONE',  ( -1.784401076758541649, -1.557236009344780776E-14, 3.025000000000005240 ) ) ;
#4665 = EDGE_CURVE ( 'NONE', #1707, #1920, #2053, .T. ) ;
#4666 = CYLINDRICAL_SURFACE ( 'NONE', #299, 0.3887999999999999790 ) ;
#4667 = CIRCLE ( 'NONE', #28, 3.877262088330835965 ) ;
#4668 = CARTESIAN_POINT ( 'NONE',  ( -0.8922005383792713795, -1.545336663013217704, -5.170833333333325399 ) ) ;
#4669 = CARTESIAN_POINT ( 'NONE',  ( 0.8922005383792703803, -1.545336663013218814, -2.254166666666659324 ) ) ;
#4670 = CIRCLE ( 'NONE', #4845, 3.086842986109005871 ) ;
#4671 = ORIENTED_EDGE ( 'NONE', *, *, #3016, .F. ) ;
#4672 = CARTESIAN_POINT ( 'NONE',  ( 0.4993186560825109144, 1.936667467503897511, 3.260428147091726458 ) ) ;
#4673 = EDGE_CURVE ( 'NONE', #4389, #1495, #784, .T. ) ;
#4674 = CARTESIAN_POINT ( 'NONE',  ( -1.176575538379265984, -2.037888611415607176, -2.742708333333336856 ) ) ;
#4675 = CARTESIAN_POINT ( 'NONE',  ( -0.8922005383792713795, -1.545336663013218592, 2.441666666666671759 ) ) ;
#4676 = CARTESIAN_POINT ( 'NONE',  ( 0.000000000000000000, 1.545336663013188838, -6.249999999999992895 ) ) ;
#4677 = VECTOR ( 'NONE', #2762, 1000.000000000000000 ) ;
#4678 = CARTESIAN_POINT ( 'NONE',  ( 2.353151076758530191, -1.568794252208110836E-14, -0.4531249999999991118 ) ) ;
#4679 = CARTESIAN_POINT ( 'NONE',  ( 1.338300807568907125, 0.7726683315065853153, 0.02083333333334057985 ) ) ;
#4680 = CARTESIAN_POINT ( 'NONE',  ( -1.784401076758541649, -1.497228316186559985E-14, -1.874999999999993339 ) ) ;
#4681 = ORIENTED_EDGE ( 'NONE', *, *, #1291, .F. ) ;
#4682 = DIRECTION ( 'NONE',  ( 0.9945218953682732899, -3.590947493042047393E-15, -0.1045284632676538178 ) ) ;
#4683 = DIRECTION ( 'NONE',  ( 0.000000000000000000, 0.000000000000000000, 1.000000000000000000 ) ) ;
#4684 = CARTESIAN_POINT ( 'NONE',  ( 2.353151076758530191, -1.612192673152895467E-14, 3.090624999999996181 ) ) ;
#4685 = AXIS2_PLACEMENT_3D ( 'NONE', #1949, #289, #207 ) ;
#4686 = CARTESIAN_POINT ( 'NONE',  ( 0.000000000000000000, 1.545336663013188394, -4.062499999999991118 ) ) ;
#4687 = CARTESIAN_POINT ( 'NONE',  ( -1.189349784789422992, -1.013337722292705356, -6.599999999999999645 ) ) ;
#4688 = CARTESIAN_POINT ( 'NONE',  ( -0.2917822747240100267, -2.013052336805460474, 5.882448275415796957 ) ) ;
#4689 = ORIENTED_EDGE ( 'NONE', *, *, #267, .T. ) ;
#4690 = CARTESIAN_POINT ( 'NONE',  ( 0.000000000000000000, -4.711997834488155533E-16, 6.599999999999999645 ) ) ;
#4691 = CARTESIAN_POINT ( 'NONE',  ( 0.000000000000000000, 2.000000000000001332, 1.799999999999996270 ) ) ;
#4692 = CARTESIAN_POINT ( 'NONE',  ( 1.784401076758541871, -1.503428729303621172E-14, -4.937499999999992006 ) ) ;
#4693 = VECTOR ( 'NONE', #2431, 999.9999999999998863 ) ;
#4694 = ORIENTED_EDGE ( 'NONE', *, *, #4367, .T. ) ;
#4695 = CARTESIAN_POINT ( 'NONE',  ( 1.338300807568905793, -0.7726683315066179558, 3.316666666666672647 ) ) ;
#4696 = CARTESIAN_POINT ( 'NONE',  ( -1.384240384857937434, 0.7508616654473612151, 6.530735867793092453 ) ) ;
#4697 = CARTESIAN_POINT ( 'NONE',  ( 1.338300807568907125, 0.7726683315065860924, -6.279166666666658791 ) ) ;
#4698 = CARTESIAN_POINT ( 'NONE',  ( -1.784401076758541649, -1.515444937323876870E-14, -0.3874999999999929057 ) ) ;
#4699 = VERTEX_POINT ( 'NONE', #3662 ) ;
#4700 = CARTESIAN_POINT ( 'NONE',  ( 0.000000000000000000, 2.000000000000001332, 1.187500000000001776 ) ) ;
#4701 = CARTESIAN_POINT ( 'NONE',  ( 0.000000000000000000, -4.711997834488155533E-16, 6.599999999999999645 ) ) ;
#4702 = DIRECTION ( 'NONE',  ( -0.3826834323650917802, 0.9238795325112859613, -1.413280714320630139E-14 ) ) ;
#4703 = CARTESIAN_POINT ( 'NONE',  ( 1.338300807568907125, 0.7726683315065859814, -4.966666666666658791 ) ) ;
#4704 = EDGE_CURVE ( 'NONE', #4827, #3577, #4948, .T. ) ;
#4705 = CARTESIAN_POINT ( 'NONE',  ( -2.353151076758530191, -1.481154826947751155E-14, -2.903124999999999289 ) ) ;
#4706 = CARTESIAN_POINT ( 'NONE',  ( 1.784401076758541871, -1.529146312085715301E-14, -2.837499999999992362 ) ) ;
#4707 = CARTESIAN_POINT ( 'NONE',  ( 0.000000000000000000, 1.545336663013188172, -1.349999999999993650 ) ) ;
#4708 = ORIENTED_EDGE ( 'NONE', *, *, #4578, .T. ) ;
#4709 = CARTESIAN_POINT ( 'NONE',  ( 1.311313062439115162, -0.2536874259130745823, 5.519999999999999574 ) ) ;
#4710 = DESIGN_CONTEXT ( 'detailed design', #2707, 'design' ) ;
#4711 = CARTESIAN_POINT ( 'NONE',  ( 0.000000000000000000, -4.711997834488155533E-16, 6.599999999999999645 ) ) ;
#4712 = CARTESIAN_POINT ( 'NONE',  ( -1.338300807568906459, 0.7726683315065872026, -4.645833333333325044 ) ) ;
#4713 = CARTESIAN_POINT ( 'NONE',  ( -1.732050807568891626, -1.000000000000023537, 1.333333333333329263 ) ) ;
#4714 = CARTESIAN_POINT ( 'NONE',  ( 1.732050807568892292, 0.9999999999999913403, 1.770833333333335258 ) ) ;
#4715 = ORIENTED_EDGE ( 'NONE', *, *, #4944, .T. ) ;
#4716 = CARTESIAN_POINT ( 'NONE',  ( -0.2850210447816775017, -2.102497545137968160, 6.235777398414955819 ) ) ;
#4717 = CARTESIAN_POINT ( 'NONE',  ( 1.154700538379262120, 2.000000000000000444, 1.741666666666662922 ) ) ;
#4718 =( BOUNDED_CURVE ( )  B_SPLINE_CURVE ( 2, ( #3608, #164, #4390, #224, #634, #1481, #5333 ),
 .UNSPECIFIED., .F., .F. ) 
 B_SPLINE_CURVE_WITH_KNOTS ( ( 3, 2, 2, 3 ),
 ( 0.2500000000000000000, 0.2777777777777777346, 0.3055555555555555247, 0.3333333333333332593 ),
 .UNSPECIFIED. ) 
 CURVE ( )  GEOMETRIC_REPRESENTATION_ITEM ( )  RATIONAL_B_SPLINE_CURVE ( ( 1.000000000000000000, 0.8660254037844385966, 1.000000000000000000, 0.8660254037844385966, 1.000000000000000000, 0.8660254037844391517, 0.9999999999999994449 ) ) 
 REPRESENTATION_ITEM ( '' )  );
#4719 = CARTESIAN_POINT ( 'NONE',  ( -1.892491597964171594E-16, -1.545336663013218148, -4.412499999999991651 ) ) ;
#4720 = CARTESIAN_POINT ( 'NONE',  ( 0.8922005383792716016, 1.545336663013186840, 3.491666666666672469 ) ) ;
#4721 = FACE_OUTER_BOUND ( 'NONE', #5137, .T. ) ;
#4722 = CARTESIAN_POINT ( 'NONE',  ( -1.732050807568891626, -1.000000000000022649, -4.966666666666669450 ) ) ;
#4723 = CARTESIAN_POINT ( 'NONE',  ( -1.892491597964171594E-16, -1.545336663013218592, -2.312499999999992450 ) ) ;
#4724 = ORIENTED_EDGE ( 'NONE', *, *, #1556, .F. ) ;
#4725 = CARTESIAN_POINT ( 'NONE',  ( -0.2779266541832450255, 0.6709742978741821684, 5.519999999999999574 ) ) ;
#4726 = DIRECTION ( 'NONE',  ( 0.000000000000000000, 1.000000000000000000, 2.114691188776102802E-16 ) ) ;
#4727 = CARTESIAN_POINT ( 'NONE',  ( 1.338300807568907125, 0.7726683315065848712, 3.433333333333338899 ) ) ;
#4728 = CARTESIAN_POINT ( 'NONE',  ( 1.338300807568907125, 0.7726683315065858704, -4.266666666666659502 ) ) ;
#4729 = CARTESIAN_POINT ( 'NONE',  ( -1.784401076758541871, -1.488655788592528714E-14, -2.574999999999993516 ) ) ;
#4730 = CARTESIAN_POINT ( 'NONE',  ( -1.338300807568906459, 0.7726683315065867586, -1.233333333333326731 ) ) ;
#4731 = ORIENTED_EDGE ( 'NONE', *, *, #3827, .F. ) ;
#4732 = CARTESIAN_POINT ( 'NONE',  ( 0.000000000000000000, 2.050799999999993073, 3.400000000000000355 ) ) ;
#4733 = EDGE_CURVE ( 'NONE', #1618, #1014, #1143, .T. ) ;
#4734 = ADVANCED_FACE ( 'NONE', ( #722 ), #1471, .T. ) ;
#4735 = CARTESIAN_POINT ( 'NONE',  ( -1.892491597964171594E-16, -1.545336663013217926, -6.512499999999992184 ) ) ;
#4736 = CARTESIAN_POINT ( 'NONE',  ( -1.338300807568906459, -0.7726683315066157354, -6.016666666666659502 ) ) ;
#4737 = CARTESIAN_POINT ( 'NONE',  ( -0.8922005383792713795, -1.545336663013218592, 1.829166666666673047 ) ) ;
#4738 = DIRECTION ( 'NONE',  ( 0.9945218953682734009, -1.056125886013260926E-14, 0.1045284632676538317 ) ) ;
#4739 = EDGE_LOOP ( 'NONE', ( #2931, #2953, #2926, #1590 ) ) ;
#4740 = EDGE_CURVE ( 'NONE', #5392, #3796, #825, .T. ) ;
#4741 = CARTESIAN_POINT ( 'NONE',  ( 1.076535748627248656, -1.354388870773446163, 2.477705395498653207 ) ) ;
#4742 = CARTESIAN_POINT ( 'NONE',  ( -0.2790830526408710210, 2.001742563614594683, 5.761623248231879657 ) ) ;
#4743 = VERTEX_POINT ( 'NONE', #2515 ) ;
#4744 = CARTESIAN_POINT ( 'NONE',  ( -0.8922005383792713795, -1.545336663013217704, -6.570833333333325754 ) ) ;
#4745 = B_SPLINE_CURVE_WITH_KNOTS ( 'NONE', 3,
 ( #5389, #4168, #1989, #1564, #3252, #4106, #781, #4197 ),
 .UNSPECIFIED., .F., .F.,
 ( 4, 2, 2, 4 ),
 ( 1.573401125851808068E-17, 0.0004901473035174571747, 0.0009802946070348987368, 0.001960589214069781427 ),
 .UNSPECIFIED. ) ;
#4746 = CIRCLE ( 'NONE', #632, 6.361972271885258046 ) ;
#4747 = CARTESIAN_POINT ( 'NONE',  ( 1.338300807568906903, 0.7726683315065848712, 2.733333333333338722 ) ) ;
#4748 = CARTESIAN_POINT ( 'NONE',  ( 0.000000000000000000, 1.587067879703701223, 2.125906470810125626 ) ) ;
#4749 = CARTESIAN_POINT ( 'NONE',  ( 0.8922005383792703803, -1.545336663013218814, -1.554166666666659369 ) ) ;
#4750 = VERTEX_POINT ( 'NONE', #5466 ) ;
#4751 = CARTESIAN_POINT ( 'NONE',  ( -1.154700538379264563, -2.000000000000027089, 2.791666666666662522 ) ) ;
#4752 = VECTOR ( 'NONE', #4829, 1000.000000000000000 ) ;
#4753 = CARTESIAN_POINT ( 'NONE',  ( 1.732050807568892292, 0.9999999999999913403, 1.070833333333335080 ) ) ;
#4754 = CARTESIAN_POINT ( 'NONE',  ( -0.8922005383792708244, 1.545336663013187728, 1.508333333333339077 ) ) ;
#4755 = CARTESIAN_POINT ( 'NONE',  ( 1.784401076758541649, -1.485212108166304287E-14, -6.424999999999993605 ) ) ;
#4756 = CONICAL_SURFACE ( 'NONE', #1905, 1.562500000000005107, 0.7853981633974426169 ) ;
#4757 = CARTESIAN_POINT ( 'NONE',  ( 1.784401076758541871, -1.553792328918556349E-14, -0.8249999999999932943 ) ) ;
#4758 = CARTESIAN_POINT ( 'NONE',  ( -1.732050807568891404, 0.9999999999999933387, 0.6041666666666681840 ) ) ;
#4759 = ORIENTED_EDGE ( 'NONE', *, *, #3387, .F. ) ;
#4760 = CARTESIAN_POINT ( 'NONE',  ( 1.214287501422803395, -0.2831209356723964898, 5.519999999999999574 ) ) ;
#4761 = CARTESIAN_POINT ( 'NONE',  ( 0.000000000000000000, 2.000000000000000888, 2.499999999999996003 ) ) ;
#4762 = CARTESIAN_POINT ( 'NONE',  ( -0.8922005383792708244, 1.545336663013188616, -6.804166666666659147 ) ) ;
#4763 = CARTESIAN_POINT ( 'NONE',  ( 2.353151076758530191, -1.492177286836454517E-14, -6.709375000000001421 ) ) ;
#4764 = CARTESIAN_POINT ( 'NONE',  ( 1.338300807568907125, 0.7726683315065850932, 2.120833333333340232 ) ) ;
#4765 = ADVANCED_FACE ( 'NONE', ( #429 ), #495, .F. ) ;
#4766 = CARTESIAN_POINT ( 'NONE',  ( 0.2261220390463012375, -2.028667683851149039, 5.519999999999999574 ) ) ;
#4767 = AXIS2_PLACEMENT_3D ( 'NONE', #1108, #569, #627 ) ;
#4768 = ORIENTED_EDGE ( 'NONE', *, *, #5309, .T. ) ;
#4769 = CONICAL_SURFACE ( 'NONE', #2823, 2.159999999999992149, 0.1047197551196600018 ) ;
#4770 = CARTESIAN_POINT ( 'NONE',  ( -1.879908390063199430, 0.1607592265525244202, -6.279748766636370938 ) ) ;
#4771 = CARTESIAN_POINT ( 'NONE',  ( 1.381458624468315133, -0.3502066986637509260, 6.438319537806444615 ) ) ;
#4772 = EDGE_CURVE ( 'NONE', #2851, #4373, #1654, .T. ) ;
#4773 = CARTESIAN_POINT ( 'NONE',  ( -0.8922005383792713795, -1.545336663013218148, -3.770833333333325488 ) ) ;
#4774 = CARTESIAN_POINT ( 'NONE',  ( 0.000000000000000000, 2.070106209874711453E-15, 5.519999999999999574 ) ) ;
#4775 = CARTESIAN_POINT ( 'NONE',  ( 1.338300807568907125, 0.7726683315065858704, -4.179166666666659147 ) ) ;
#4776 = CARTESIAN_POINT ( 'NONE',  ( 1.338300807568906015, -0.7726683315066172897, -2.195833333333326198 ) ) ;
#4777 = ORIENTED_EDGE ( 'NONE', *, *, #2598, .T. ) ;
#4778 = CARTESIAN_POINT ( 'NONE',  ( 1.154700538379269226, -2.000000000000017764, -3.304166666666664032 ) ) ;
#4779 = CARTESIAN_POINT ( 'NONE',  ( 1.565092291995688223, 0.2353403116953851903, 2.098213694379750027 ) ) ;
#4780 =( BOUNDED_SURFACE ( )  B_SPLINE_SURFACE ( 1, 2, ( 
 ( #3081, #2208, #5425, #74, #1728, #4744, #2184, #439, #51, #5185, #3465, #3030, #860, #1365, #760, #727, #2059, #2900, #4279, #486, #2155, #1781, #3855, #4592, #4332, #2450, #2031, #3728, #5162, #4176, #3883, #1336, #3003, #4692, #5136, #2478, #3055, #911, #3756, #5451, #2634, #1309, #4719, #885, #2606, #4303, #938, #217, #1443, #568, #3542, #5240, #4821, #4773, #961, #3934, #1416, #3162, #539, #4851, #98, #2659, #2743, #1864, #2773, #1893, #1475, #3107, #3567, #1926, #2714, #2261, #5267 ),
 ( #156, #2683, #4439, #1808, #3517, #1832, #2348, #3131, #129, #987, #4358, #4047, #1392, #1019, #4412, #2320, #4881, #4467, #1047, #4384, #2291, #597, #626, #3601, #5326, #3628, #3988, #4016, #184, #5296, #3190, #1501, #513, #2232, #5215, #4795, #3960, #2436, #1164, #4132, #2378, #2856, #3305, #4076, #269, #5384, #243, #4102, #3219, #2495, #2406, #1559, #1528, #3774, #1107, #1136, #5470, #4580, #3277, #300, #778, #2887, #655, #326, #4193, #2019, #747, #4969, #3717, #3684, #2467, #5413, #4909 ) ),
 .UNSPECIFIED., .F., .F., .F. ) 
 B_SPLINE_SURFACE_WITH_KNOTS ( ( 2, 2 ),
 ( 3, 2, 2, 2, 2, 2, 2, 2, 2, 2, 2, 2, 2, 2, 2, 2, 2, 2, 2, 2, 2, 2, 2, 2, 2, 2, 2, 2, 2, 2, 2, 2, 2, 2, 2, 2, 3 ),
 ( 0.000000000000000000, 1.000000000000000000 ),
 ( 0.000000000000000000, 0.02777777777777777624, 0.05555555555555555247, 0.08333333333333332871, 0.1111111111111111049, 0.1388888888888888951, 0.1666666666666666574, 0.1944444444444444475, 0.2222222222222222099, 0.2500000000000000000, 0.2777777777777777901, 0.3055555555555555802, 0.3333333333333333148, 0.3611111111111111049, 0.3888888888888888951, 0.4166666666666666852, 0.4444444444444444198, 0.4722222222222222099, 0.5000000000000000000, 0.5277777777777777901, 0.5555555555555555802, 0.5833333333333333703, 0.6111111111111111605, 0.6388888888888888395, 0.6666666666666666297, 0.6944444444444444198, 0.7222222222222222099, 0.7500000000000000000, 0.7777777777777777901, 0.8055555555555555802, 0.8333333333333333703, 0.8611111111111111605, 0.8888888888888888395, 0.9166666666666666297, 0.9444444444444444198, 0.9722222222222222099, 1.000000000000000000 ),
 .UNSPECIFIED. ) 
 GEOMETRIC_REPRESENTATION_ITEM ( )  RATIONAL_B_SPLINE_SURFACE ( (
 ( 1.000000000000000000, 0.8660254037844387076, 1.000000000000000000, 0.8660254037844387076, 1.000000000000000000, 0.8660254037844387076, 1.000000000000000000, 0.8660254037844387076, 1.000000000000000000, 0.8660254037844387076, 1.000000000000000000, 0.8660254037844387076, 1.000000000000000000, 0.8660254037844387076, 1.000000000000000000, 0.8660254037844387076, 1.000000000000000000, 0.8660254037844387076, 1.000000000000000000, 0.8660254037844387076, 1.000000000000000000, 0.8660254037844387076, 1.000000000000000000, 0.8660254037844387076, 1.000000000000000000, 0.8660254037844387076, 1.000000000000000000, 0.8660254037844387076, 1.000000000000000000, 0.8660254037844387076, 1.000000000000000000, 0.8660254037844387076, 1.000000000000000000, 0.8660254037844387076, 1.000000000000000000, 0.8660254037844387076, 1.000000000000000000, 0.8660254037844387076, 1.000000000000000000, 0.8660254037844387076, 1.000000000000000000, 0.8660254037844387076, 1.000000000000000000, 0.8660254037844387076, 1.000000000000000000, 0.8660254037844387076, 1.000000000000000000, 0.8660254037844387076, 1.000000000000000000, 0.8660254037844387076, 1.000000000000000000, 0.8660254037844387076, 1.000000000000000000, 0.8660254037844387076, 1.000000000000000000, 0.8660254037844387076, 1.000000000000000000, 0.8660254037844387076, 1.000000000000000000, 0.8660254037844387076, 1.000000000000000000, 0.8660254037844387076, 1.000000000000000000, 0.8660254037844387076, 1.000000000000000000, 0.8660254037844387076, 1.000000000000000000, 0.8660254037844387076, 1.000000000000000000, 0.8660254037844387076, 1.000000000000000000, 0.8660254037844387076, 1.000000000000000000),
 ( 1.000000000000000000, 0.8660254037844387076, 1.000000000000000000, 0.8660254037844387076, 1.000000000000000000, 0.8660254037844387076, 1.000000000000000000, 0.8660254037844387076, 1.000000000000000000, 0.8660254037844387076, 1.000000000000000000, 0.8660254037844387076, 1.000000000000000000, 0.8660254037844387076, 1.000000000000000000, 0.8660254037844387076, 1.000000000000000000, 0.8660254037844387076, 1.000000000000000000, 0.8660254037844387076, 1.000000000000000000, 0.8660254037844387076, 1.000000000000000000, 0.8660254037844387076, 1.000000000000000000, 0.8660254037844387076, 1.000000000000000000, 0.8660254037844387076, 1.000000000000000000, 0.8660254037844387076, 1.000000000000000000, 0.8660254037844387076, 1.000000000000000000, 0.8660254037844387076, 1.000000000000000000, 0.8660254037844387076, 1.000000000000000000, 0.8660254037844387076, 1.000000000000000000, 0.8660254037844387076, 1.000000000000000000, 0.8660254037844387076, 1.000000000000000000, 0.8660254037844387076, 1.000000000000000000, 0.8660254037844387076, 1.000000000000000000, 0.8660254037844387076, 1.000000000000000000, 0.8660254037844387076, 1.000000000000000000, 0.8660254037844387076, 1.000000000000000000, 0.8660254037844387076, 1.000000000000000000, 0.8660254037844387076, 1.000000000000000000, 0.8660254037844387076, 1.000000000000000000, 0.8660254037844387076, 1.000000000000000000, 0.8660254037844387076, 1.000000000000000000, 0.8660254037844387076, 1.000000000000000000, 0.8660254037844387076, 1.000000000000000000, 0.8660254037844387076, 1.000000000000000000, 0.8660254037844387076, 1.000000000000000000, 0.8660254037844387076, 1.000000000000000000) ) ) 
 REPRESENTATION_ITEM ( '' )  SURFACE ( )  );
#4781 = CARTESIAN_POINT ( 'NONE',  ( -1.784401076758541871, -1.557236009344780776E-14, 3.025000000000005240 ) ) ;
#4782 = CARTESIAN_POINT ( 'NONE',  ( -1.154700538379261676, -2.000000000000030198, -5.608333333333336057 ) ) ;
#4783 = CARTESIAN_POINT ( 'NONE',  ( -1.338300807568906459, 0.7726683315065869806, -2.633333333333327086 ) ) ;
#4784 = CARTESIAN_POINT ( 'NONE',  ( -2.103356807430399211, -0.2785322625646379224, 6.235777398414737327 ) ) ;
#4785 = ORIENTED_EDGE ( 'NONE', *, *, #5276, .F. ) ;
#4786 = CARTESIAN_POINT ( 'NONE',  ( 0.2785322625646440842, 2.103356807430387221, 6.235777398414628969 ) ) ;
#4787 = CARTESIAN_POINT ( 'NONE',  ( 1.154700538379257679, -2.000000000000037303, 2.208333333333328596 ) ) ;
#4788 = CARTESIAN_POINT ( 'NONE',  ( -0.8922005383792713795, -1.545336663013217926, -4.470833333333324333 ) ) ;
#4789 = CARTESIAN_POINT ( 'NONE',  ( 1.338300807568906903, 0.7726683315065858704, -4.966666666666658791 ) ) ;
#4790 = CARTESIAN_POINT ( 'NONE',  ( 0.000000000000000000, 1.545336663013187728, 1.537500000000006528 ) ) ;
#4791 = EDGE_LOOP ( 'NONE', ( #5387, #5506, #1413, #2903 ) ) ;
#4792 = ORIENTED_EDGE ( 'NONE', *, *, #5244, .F. ) ;
#4793 = CARTESIAN_POINT ( 'NONE',  ( -1.789582809013946285, -0.6952866414302635301, -6.246594190502787747 ) ) ;
#4794 = CARTESIAN_POINT ( 'NONE',  ( 1.044915003004124460E-15, 0.2981763064969575328, 0.2693673207834479388 ) ) ;
#4795 = CARTESIAN_POINT ( 'NONE',  ( 0.8922005383792717126, 1.545336663013188172, -4.908333333333326109 ) ) ;
#4796 = ADVANCED_FACE ( 'NONE', ( #12 ), #406, .T. ) ;
#4797 = CARTESIAN_POINT ( 'NONE',  ( 0.8922005383792718236, 1.545336663013187950, -4.120833333333325577 ) ) ;
#4798 = CARTESIAN_POINT ( 'NONE',  ( 0.000000000000000000, 1.545336663013187950, 0.8375000000000065725 ) ) ;
#4799 = CARTESIAN_POINT ( 'NONE',  ( 1.784401076758541871, -1.529146312085715301E-14, -2.837499999999992362 ) ) ;
#4800 = VERTEX_POINT ( 'NONE', #4244 ) ;
#4801 = DIRECTION ( 'NONE',  ( -0.9238795325112858503, 0.3826834323650920022, -0.000000000000000000 ) ) ;
#4802 = CARTESIAN_POINT ( 'NONE',  ( 2.353151076758530191, -1.577902562776769437E-14, 0.2906249999999965805 ) ) ;
#4803 = EDGE_CURVE ( 'NONE', #2750, #1951, #658, .T. ) ;
#4804 = CARTESIAN_POINT ( 'NONE',  ( 0.9736659667841998100, -1.673265562505366288, -6.230414208222782690 ) ) ;
#4805 = DIRECTION ( 'NONE',  ( -0.000000000000000000, -1.224646799147353207E-16, 1.000000000000000000 ) ) ;
#4806 = CARTESIAN_POINT ( 'NONE',  ( 0.8922005383792704913, -1.545336663013218814, -2.341666666666660568 ) ) ;
#4807 = CARTESIAN_POINT ( 'NONE',  ( -0.3641915525281628763, -1.384240384857946315, 6.571376534311556661 ) ) ;
#4808 = ORIENTED_EDGE ( 'NONE', *, *, #672, .F. ) ;
#4809 = CARTESIAN_POINT ( 'NONE',  ( -1.688040305624149306, 0.3910794872567770475, 2.485697773058133553 ) ) ;
#4810 = CARTESIAN_POINT ( 'NONE',  ( 1.154700538379259678, 2.000000000000006217, -4.470833333333331439 ) ) ;
#4811 = CARTESIAN_POINT ( 'NONE',  ( -1.892491597964171594E-16, -1.545336663013218370, -3.012499999999991740 ) ) ;
#4812 = CARTESIAN_POINT ( 'NONE',  ( -1.338300807568906459, -0.7726683315066160684, -3.216666666666659236 ) ) ;
#4813 = CARTESIAN_POINT ( 'NONE',  ( -1.338300807568906459, -0.7726683315066167346, 1.070833333333339743 ) ) ;
#4814 = CARTESIAN_POINT ( 'NONE',  ( 0.2362816911131740971, -2.020313986387312077, 5.519999999999999574 ) ) ;
#4815 = ORIENTED_EDGE ( 'NONE', *, *, #4471, .T. ) ;
#4816 = DIRECTION ( 'NONE',  ( -0.000000000000000000, -1.224646799147353207E-16, 1.000000000000000000 ) ) ;
#4817 = CARTESIAN_POINT ( 'NONE',  ( 0.000000000000000000, 1.545336663013187950, 0.8375000000000065725 ) ) ;
#4818 = B_SPLINE_CURVE_WITH_KNOTS ( 'NONE', 3,
 ( #985, #3188, #1779, #3159, #934, #2317, #4355, #2711, #2630, #511, #4327, #4410, #3931, #3486, #623, #1156, #1662, #2065, #5402, #1608, #4464, #3321, #793, #3764, #5432, #2090 ),
 .UNSPECIFIED., .F., .F.,
 ( 4, 2, 2, 2, 2, 2, 2, 2, 2, 2, 2, 2, 4 ),
 ( 0.000000000000000000, 0.0003170952745048579574, 0.0006341905490097159148, 0.0009512858235145737638, 0.001268381098019431396, 0.001902571647029147528, 0.002536762196038863226, 0.002853857470543721617, 0.003170952745048579574, 0.003488048019553437532, 0.003805143294058295055, 0.004439333843068011404, 0.005073524392077728186 ),
 .UNSPECIFIED. ) ;
#4819 = CARTESIAN_POINT ( 'NONE',  ( -0.9563676696403504707, 1.564466242521885597, -6.345481308638059481 ) ) ;
#4820 = DIRECTION ( 'NONE',  ( 0.000000000000000000, 0.000000000000000000, 1.000000000000000000 ) ) ;
#4821 = CARTESIAN_POINT ( 'NONE',  ( -1.338300807568906459, -0.7726683315066160684, -3.829166666666658614 ) ) ;
#4822 = CARTESIAN_POINT ( 'NONE',  ( -1.732050807568891404, 0.9999999999999931166, -0.1833333333333361514 ) ) ;
#4823 = CARTESIAN_POINT ( 'NONE',  ( -2.047395140491270027, -0.3306731578647273961, 6.252470311563133265 ) ) ;
#4824 = DIRECTION ( 'NONE',  ( 0.9238795325112858503, -0.3826834323650920022, -0.000000000000000000 ) ) ;
#4825 = CARTESIAN_POINT ( 'NONE',  ( -2.353151076758530191, -1.515444937323876870E-14, -0.1031249999999994810 ) ) ;
#4826 = EDGE_CURVE ( 'NONE', #327, #4750, #2883, .T. ) ;
#4827 = VERTEX_POINT ( 'NONE', #1641 ) ;
#4828 = CYLINDRICAL_SURFACE ( 'NONE', #1635, 2.000000000000000888 ) ;
#4829 = DIRECTION ( 'NONE',  ( 1.000000000000000000, -3.504352895372626839E-15, -0.000000000000000000 ) ) ;
#4830 = VECTOR ( 'NONE', #3971, 999.9999999999998863 ) ;
#4831 = CARTESIAN_POINT ( 'NONE',  ( 2.036317995055056063, -0.2037781729088473659, 5.519999999999999574 ) ) ;
#4832 = CARTESIAN_POINT ( 'NONE',  ( 1.330523465946947814, -0.3513924484429652439, 6.449601193357406004 ) ) ;
#4833 = CARTESIAN_POINT ( 'NONE',  ( 0.000000000000000000, 1.545336663013188394, -3.449999999999993516 ) ) ;
#4834 = EDGE_CURVE ( 'NONE', #3442, #2244, #1447, .T. ) ;
#4835 = CARTESIAN_POINT ( 'NONE',  ( -2.013052460119505227, -0.2917824131876644023, 5.882449592809440908 ) ) ;
#4836 = VERTEX_POINT ( 'NONE', #323 ) ;
#4837 = CARTESIAN_POINT ( 'NONE',  ( -1.784401076758541649, -1.532589992511940359E-14, 1.012500000000006395 ) ) ;
#4838 = CARTESIAN_POINT ( 'NONE',  ( 0.000000000000000000, 1.545336663013187950, -2.049999999999993605 ) ) ;
#4839 = CARTESIAN_POINT ( 'NONE',  ( 1.338300807568906015, -0.7726683315066177338, 1.304166666666672914 ) ) ;
#4840 = CIRCLE ( 'NONE', #385, 6.354903611260525054 ) ;
#4841 = CARTESIAN_POINT ( 'NONE',  ( 1.338300807568905793, -0.7726683315066169566, -4.383333333333325754 ) ) ;
#4842 = CARTESIAN_POINT ( 'NONE',  ( -1.892491597964171594E-16, -1.545336663013218814, 0.4875000000000062061 ) ) ;
#4843 = CARTESIAN_POINT ( 'NONE',  ( 0.2505494481683863128, -1.998792828178985959, 5.519999999999999574 ) ) ;
#4844 = VERTEX_POINT ( 'NONE', #1219 ) ;
#4845 = AXIS2_PLACEMENT_3D ( 'NONE', #4257, #3832, #54 ) ;
#4846 = CYLINDRICAL_SURFACE ( 'NONE', #487, 2.000000000000000888 ) ;
#4847 = CARTESIAN_POINT ( 'NONE',  ( -1.176575538379265984, -2.037888611415607620, 0.05729166666666252183 ) ) ;
#4848 = CARTESIAN_POINT ( 'NONE',  ( 0.000000000000000000, 2.121718661994043575, 6.235777398414628969 ) ) ;
#4849 = CARTESIAN_POINT ( 'NONE',  ( -0.1240677997122040105, 1.782578299342187034, -6.379921700657811279 ) ) ;
#4850 = CARTESIAN_POINT ( 'NONE',  ( -2.094833983762682372, 0.3031426551174653539, 6.237570133143254481 ) ) ;
#4851 = CARTESIAN_POINT ( 'NONE',  ( 0.8922005383792717126, 1.545336663013187950, -3.420833333333325843 ) ) ;
#4852 = CARTESIAN_POINT ( 'NONE',  ( 2.078666698170411831, 0.3203496856486731104, 6.242297865235610033 ) ) ;
#4853 = CIRCLE ( 'NONE', #4597, 1.562500000000005107 ) ;
#4854 = CARTESIAN_POINT ( 'NONE',  ( -2.099546433507367471, -0.2940686089499006672, 6.236374569529129275 ) ) ;
#4855 = PLANE ( 'NONE',  #3064 ) ;
#4856 = CARTESIAN_POINT ( 'NONE',  ( -1.784401076758541871, -1.481154826947751155E-14, -3.187499999999993339 ) ) ;
#4857 = ORIENTED_EDGE ( 'NONE', *, *, #697, .F. ) ;
#4858 = DIRECTION ( 'NONE',  ( -0.000000000000000000, -1.224646799147353207E-16, 1.000000000000000000 ) ) ;
#4859 = CARTESIAN_POINT ( 'NONE',  ( 1.154700538379259456, 2.000000000000005329, -0.3583333333333361126 ) ) ;
#4860 = CARTESIAN_POINT ( 'NONE',  ( 2.449293598294707893E-16, 2.000000000000000444, 6.599999999999999645 ) ) ;
#4861 = LINE ( 'NONE', #4086, #1715 ) ;
#4862 = CARTESIAN_POINT ( 'NONE',  ( 0.2037781729088128102, 2.036317995055060948, 5.519999999999999574 ) ) ;
#4863 = DIRECTION ( 'NONE',  ( 0.000000000000000000, -1.000000000000000000, 0.000000000000000000 ) ) ;
#4864 = EDGE_LOOP ( 'NONE', ( #4267, #2438, #2011, #2236 ) ) ;
#4865 = CARTESIAN_POINT ( 'NONE',  ( -1.338300807568906459, -0.7726683315066168456, 1.770833333333339699 ) ) ;
#4866 = CARTESIAN_POINT ( 'NONE',  ( -0.8922005383792712685, -1.545336663013218148, -1.758333333333326642 ) ) ;
#4867 = CONICAL_SURFACE ( 'NONE', #4341, 2.050799999999993517, 0.3490658503988666728 ) ;
#4868 = CARTESIAN_POINT ( 'NONE',  ( -1.338300807568906459, 0.7726683315065870916, -3.245833333333325577 ) ) ;
#4869 = EDGE_CURVE ( 'NONE', #4331, #1828, #4935, .T. ) ;
#4870 = B_SPLINE_CURVE_WITH_KNOTS ( 'NONE', 3,
 ( #5363, #4141, #1170, #334, #2895, #1993, #2385, #756, #3256, #5393, #2474, #1652, #1567, #3285, #1204, #3368 ),
 .UNSPECIFIED., .F., .F.,
 ( 4, 3, 3, 3, 3, 4 ),
 ( 5.421010862427522170E-20, 1.951660190554433140E-05, 3.904047611926341908E-05, 5.846512373737690208E-05, 7.786064820822452635E-05, 8.495776670908569879E-05 ),
 .UNSPECIFIED. ) ;
#4871 = CARTESIAN_POINT ( 'NONE',  ( -0.8922005383792707134, 1.545336663013188172, -4.091666666666659680 ) ) ;
#4872 = CARTESIAN_POINT ( 'NONE',  ( 0.3031426551174425388, 2.094833983762687257, 6.237570133143254481 ) ) ;
#4873 = CARTESIAN_POINT ( 'NONE',  ( 0.000000000000000000, 2.000000000000001776, -3.712499999999997247 ) ) ;
#4874 = VERTEX_POINT ( 'NONE', #117 ) ;
#4875 = CARTESIAN_POINT ( 'NONE',  ( 0.6077826837533980564, -0.5343434567956855119, 5.520000000000000462 ) ) ;
#4876 = CARTESIAN_POINT ( 'NONE',  ( -1.764863307568897755, 1.018944305707781162, 2.682291666666662966 ) ) ;
#4877 = CARTESIAN_POINT ( 'NONE',  ( -1.764863307568897977, -1.018944305707810472, -6.344791666666663943 ) ) ;
#4878 = ADVANCED_FACE ( 'NONE', ( #976 ), #3045, .T. ) ;
#4879 = CARTESIAN_POINT ( 'NONE',  ( -0.4958275613545557459, -1.935840548666612149, -6.179355230135072929 ) ) ;
#4880 = CARTESIAN_POINT ( 'NONE',  ( 0.000000000000000000, -4.711997834488155533E-16, 6.599999999999999645 ) ) ;
#4881 = CARTESIAN_POINT ( 'NONE',  ( -1.338300807568906459, -0.7726683315066158464, -6.016666666666659502 ) ) ;
#4882 = CARTESIAN_POINT ( 'NONE',  ( 2.103250821954819827, 0.2793326196579696830, 6.235777398414650285 ) ) ;
#4883 = DATE_TIME_ROLE ( 'classification_date' ) ;
#4884 = CARTESIAN_POINT ( 'NONE',  ( 0.8922005383792718236, 1.545336663013188172, -4.820833333333326642 ) ) ;
#4885 = DIRECTION ( 'NONE',  ( 0.9238795325112894030, 0.3826834323650834535, 0.000000000000000000 ) ) ;
#4886 = ORIENTED_EDGE ( 'NONE', *, *, #5050, .F. ) ;
#4887 = CARTESIAN_POINT ( 'NONE',  ( -1.764863307568897755, 1.018944305707781384, 0.5385416666666675845 ) ) ;
#4888 = ORIENTED_EDGE ( 'NONE', *, *, #59, .F. ) ;
#4889 = CARTESIAN_POINT ( 'NONE',  ( 0.000000000000000000, 1.545336663013188394, -2.706249999999992717 ) ) ;
#4890 = FACE_OUTER_BOUND ( 'NONE', #3310, .T. ) ;
#4891 = CARTESIAN_POINT ( 'NONE',  ( -0.2409104857557212986, 2.015786671495920057, 5.519999999999999574 ) ) ;
#4892 = B_SPLINE_CURVE_WITH_KNOTS ( 'NONE', 3,
 ( #4960, #4038, #3182, #1129 ),
 .UNSPECIFIED., .F., .F.,
 ( 4, 4 ),
 ( 0.0006923606631633438379, 0.0008296432924309205415 ),
 .UNSPECIFIED. ) ;
#4893 = CARTESIAN_POINT ( 'NONE',  ( -0.8922005383792713795, -1.545336663013218370, 0.3416666666666733354 ) ) ;
#4894 =( BOUNDED_SURFACE ( )  B_SPLINE_SURFACE ( 1, 2, ( 
 ( #15, #2576, #5499, #4322, #433, #2944, #2519, #4273, #3460, #1244, #1672, #5131, #3048, #4631, #2970, #3407, #4736, #902, #801, #1304, #5100, #2148, #3384, #3847, #4655, #3024, #828, #1721, #2548, #4248, #408, #3150, #2202, #121, #4789, #1435, #3591, #1408, #5232, #4429, #147, #1823, #5259, #3181, #4841, #2703, #531, #1037, #507, #4871, #1800, #5179, #2250, #175, #5287, #2761, #481, #585, #1010, #3124, #2651, #1853, #1464, #3903, #4812, #2734, #2225, #68, #1356, #2310, #3483, #978, #4404 ),
 ( #560, #3074, #929, #2282, #1883, #3508, #4351, #3558, #1775, #4763, #5206, #3533, #4006, #3927, #92, #1382, #3952, #3978, #3098, #953, #2676, #4377, #5433, #3673, #2427, #4517, #4990, #1581, #616, #4095, #3236, #5403, #2040, #5374, #1550, #2878, #4122, #260, #3709, #1609, #3296, #1128, #675, #5020, #4488, #3322, #235, #3620, #2397, #4156, #3736, #1187, #4457, #4570, #1157, #3269, #1066, #288, #2339, #4037, #4959, #737, #646, #206, #5317, #2458, #1916, #2848, #4542, #5344, #1493, #2008, #4899 ) ),
 .UNSPECIFIED., .F., .F., .F. ) 
 B_SPLINE_SURFACE_WITH_KNOTS ( ( 2, 2 ),
 ( 3, 2, 2, 2, 2, 2, 2, 2, 2, 2, 2, 2, 2, 2, 2, 2, 2, 2, 2, 2, 2, 2, 2, 2, 2, 2, 2, 2, 2, 2, 2, 2, 2, 2, 2, 2, 3 ),
 ( 0.000000000000000000, 1.000000000000000000 ),
 ( 0.000000000000000000, 0.02777777777777777624, 0.05555555555555555247, 0.08333333333333332871, 0.1111111111111111049, 0.1388888888888888951, 0.1666666666666666574, 0.1944444444444444475, 0.2222222222222222099, 0.2500000000000000000, 0.2777777777777777901, 0.3055555555555555802, 0.3333333333333333148, 0.3611111111111111049, 0.3888888888888888951, 0.4166666666666666852, 0.4444444444444444198, 0.4722222222222222099, 0.5000000000000000000, 0.5277777777777777901, 0.5555555555555555802, 0.5833333333333333703, 0.6111111111111111605, 0.6388888888888888395, 0.6666666666666666297, 0.6944444444444444198, 0.7222222222222222099, 0.7500000000000000000, 0.7777777777777777901, 0.8055555555555555802, 0.8333333333333333703, 0.8611111111111111605, 0.8888888888888888395, 0.9166666666666666297, 0.9444444444444444198, 0.9722222222222222099, 1.000000000000000000 ),
 .UNSPECIFIED. ) 
 GEOMETRIC_REPRESENTATION_ITEM ( )  RATIONAL_B_SPLINE_SURFACE ( (
 ( 1.000000000000000000, 0.8660254037844387076, 1.000000000000000000, 0.8660254037844387076, 1.000000000000000000, 0.8660254037844387076, 1.000000000000000000, 0.8660254037844387076, 1.000000000000000000, 0.8660254037844387076, 1.000000000000000000, 0.8660254037844387076, 1.000000000000000000, 0.8660254037844387076, 1.000000000000000000, 0.8660254037844387076, 1.000000000000000000, 0.8660254037844387076, 1.000000000000000000, 0.8660254037844387076, 1.000000000000000000, 0.8660254037844387076, 1.000000000000000000, 0.8660254037844387076, 1.000000000000000000, 0.8660254037844387076, 1.000000000000000000, 0.8660254037844387076, 1.000000000000000000, 0.8660254037844387076, 1.000000000000000000, 0.8660254037844387076, 1.000000000000000000, 0.8660254037844387076, 1.000000000000000000, 0.8660254037844387076, 1.000000000000000000, 0.8660254037844387076, 1.000000000000000000, 0.8660254037844387076, 1.000000000000000000, 0.8660254037844387076, 1.000000000000000000, 0.8660254037844387076, 1.000000000000000000, 0.8660254037844387076, 1.000000000000000000, 0.8660254037844387076, 1.000000000000000000, 0.8660254037844387076, 1.000000000000000000, 0.8660254037844387076, 1.000000000000000000, 0.8660254037844387076, 1.000000000000000000, 0.8660254037844387076, 1.000000000000000000, 0.8660254037844387076, 1.000000000000000000, 0.8660254037844387076, 1.000000000000000000, 0.8660254037844387076, 1.000000000000000000, 0.8660254037844387076, 1.000000000000000000, 0.8660254037844387076, 1.000000000000000000, 0.8660254037844387076, 1.000000000000000000, 0.8660254037844387076, 1.000000000000000000, 0.8660254037844387076, 1.000000000000000000),
 ( 1.000000000000000000, 0.8660254037844387076, 1.000000000000000000, 0.8660254037844387076, 1.000000000000000000, 0.8660254037844387076, 1.000000000000000000, 0.8660254037844387076, 1.000000000000000000, 0.8660254037844387076, 1.000000000000000000, 0.8660254037844387076, 1.000000000000000000, 0.8660254037844387076, 1.000000000000000000, 0.8660254037844387076, 1.000000000000000000, 0.8660254037844387076, 1.000000000000000000, 0.8660254037844387076, 1.000000000000000000, 0.8660254037844387076, 1.000000000000000000, 0.8660254037844387076, 1.000000000000000000, 0.8660254037844387076, 1.000000000000000000, 0.8660254037844387076, 1.000000000000000000, 0.8660254037844387076, 1.000000000000000000, 0.8660254037844387076, 1.000000000000000000, 0.8660254037844387076, 1.000000000000000000, 0.8660254037844387076, 1.000000000000000000, 0.8660254037844387076, 1.000000000000000000, 0.8660254037844387076, 1.000000000000000000, 0.8660254037844387076, 1.000000000000000000, 0.8660254037844387076, 1.000000000000000000, 0.8660254037844387076, 1.000000000000000000, 0.8660254037844387076, 1.000000000000000000, 0.8660254037844387076, 1.000000000000000000, 0.8660254037844387076, 1.000000000000000000, 0.8660254037844387076, 1.000000000000000000, 0.8660254037844387076, 1.000000000000000000, 0.8660254037844387076, 1.000000000000000000, 0.8660254037844387076, 1.000000000000000000, 0.8660254037844387076, 1.000000000000000000, 0.8660254037844387076, 1.000000000000000000, 0.8660254037844387076, 1.000000000000000000, 0.8660254037844387076, 1.000000000000000000, 0.8660254037844387076, 1.000000000000000000, 0.8660254037844387076, 1.000000000000000000) ) ) 
 REPRESENTATION_ITEM ( '' )  SURFACE ( )  );
#4895 = CARTESIAN_POINT ( 'NONE',  ( -1.764863307568897755, 1.018944305707781384, 0.5385416666666669183 ) ) ;
#4896 = ORIENTED_EDGE ( 'NONE', *, *, #4427, .F. ) ;
#4897 = CARTESIAN_POINT ( 'NONE',  ( 1.784401076758541649, -1.562364856512587304E-14, -0.1249999999999936023 ) ) ;
#4898 = CARTESIAN_POINT ( 'NONE',  ( 1.338300807568906015, -0.7726683315066171787, -2.895833333333325044 ) ) ;
#4899 = CARTESIAN_POINT ( 'NONE',  ( 0.000000000000000000, 2.037888611415578310, -3.034375000000002487 ) ) ;
#4900 = LINE ( 'NONE', #676, #1558 ) ;
#4901 = CARTESIAN_POINT ( 'NONE',  ( -0.8922005383792713795, -1.545336663013218148, -2.458333333333326820 ) ) ;
#4902 = ORIENTED_EDGE ( 'NONE', *, *, #5113, .F. ) ;
#4903 = EDGE_CURVE ( 'NONE', #3372, #2506, #4330, .T. ) ;
#4904 = ADVANCED_FACE ( 'NONE', ( #2277 ), #1302, .T. ) ;
#4905 = CARTESIAN_POINT ( 'NONE',  ( 2.048024209131635853, 0.2144258774088411978, 5.640806090606707457 ) ) ;
#4906 = CARTESIAN_POINT ( 'NONE',  ( 0.000000000000000000, 2.037888611415577422, 1.865624999999996092 ) ) ;
#4907 = CARTESIAN_POINT ( 'NONE',  ( 1.338300807568907125, 0.7726683315065849822, 2.820833333333339521 ) ) ;
#4908 = DIRECTION ( 'NONE',  ( 0.9945218953682734009, -2.560208959210476004E-17, 0.1045284632676537068 ) ) ;
#4909 = CARTESIAN_POINT ( 'NONE',  ( 0.000000000000000000, 1.545336663013188394, -2.749999999999992895 ) ) ;
#4910 = FACE_OUTER_BOUND ( 'NONE', #470, .T. ) ;
#4911 = EDGE_CURVE ( 'NONE', #5248, #4294, #3875, .T. ) ;
#4912 = CALENDAR_DATE ( 2026, 8, 1 ) ;
#4913 = DIRECTION ( 'NONE',  ( 0.000000000000000000, -0.9945218953682734009, 0.1045284632676529296 ) ) ;
#4914 = DIRECTION ( 'NONE',  ( -1.224646799147353207E-16, -1.224646799147340388E-16, 1.000000000000000000 ) ) ;
#4915 = CARTESIAN_POINT ( 'NONE',  ( 0.8922005383792717126, 1.545336663013187728, -1.320833333333325976 ) ) ;
#4916 = VERTEX_POINT ( 'NONE', #3096 ) ;
#4917 = CARTESIAN_POINT ( 'NONE',  ( 0.000000000000000000, -2.000000000000001332, 6.599999999999999645 ) ) ;
#4918 = DIRECTION ( 'NONE',  ( -0.000000000000000000, -1.224646799147353207E-16, 1.000000000000000000 ) ) ;
#4919 = CARTESIAN_POINT ( 'NONE',  ( 0.3045459132484228948, -2.075861297704351571, 6.003886184098234047 ) ) ;
#4920 = CARTESIAN_POINT ( 'NONE',  ( 0.000000000000000000, 1.545336663013188394, -2.749999999999992895 ) ) ;
#4921 = CARTESIAN_POINT ( 'NONE',  ( 0.2536874259130691978, 1.978834712860429113, 5.519999999999999574 ) ) ;
#4922 = DIRECTION ( 'NONE',  ( -0.000000000000000000, -1.224646799147353207E-16, 1.000000000000000000 ) ) ;
#4923 = VERTEX_POINT ( 'NONE', #3976 ) ;
#4924 = CARTESIAN_POINT ( 'NONE',  ( -1.892491597964171594E-16, -1.545336663013219036, 1.887500000000006395 ) ) ;
#4925 = TOROIDAL_SURFACE ( 'NONE', #5371, 1.154211444396213482, 2.845788555603784964 ) ;
#4926 = CARTESIAN_POINT ( 'NONE',  ( -0.8922005383792712685, -1.545336663013218148, -1.058333333333326909 ) ) ;
#4927 = CARTESIAN_POINT ( 'NONE',  ( 1.154700538379260788, -2.000000000000031530, -4.091666666666667673 ) ) ;
#4928 = CIRCLE ( 'NONE', #2984, 6.354903611260525054 ) ;
#4929 = CARTESIAN_POINT ( 'NONE',  ( 0.000000000000000000, -4.711997834488155533E-16, 6.599999999999999645 ) ) ;
#4930 = CARTESIAN_POINT ( 'NONE',  ( 0.2850210447816693415, 2.102497545137958390, 6.235777398414851014 ) ) ;
#4931 = FACE_OUTER_BOUND ( 'NONE', #2672, .T. ) ;
#4932 = ORIENTED_EDGE ( 'NONE', *, *, #302, .T. ) ;
#4933 = CARTESIAN_POINT ( 'NONE',  ( -0.2264348769808988970, -2.028047264935069816, 5.519999999999999574 ) ) ;
#4934 = CARTESIAN_POINT ( 'NONE',  ( -1.764863307568897977, -1.018944305707811360, 0.6989583333333293513 ) ) ;
#4935 = B_SPLINE_CURVE_WITH_KNOTS ( 'NONE', 3,
 ( #2044, #2942, #3433, #3122, #2173, #505 ),
 .UNSPECIFIED., .F., .F.,
 ( 4, 2, 4 ),
 ( 0.000000000000000000, 0.0005976922519666298889, 0.001195384503933259561 ),
 .UNSPECIFIED. ) ;
#4936 = VECTOR ( 'NONE', #4189, 1000.000000000000114 ) ;
#4937 = DIRECTION ( 'NONE',  ( 0.000000000000000000, -1.000000000000000000, -1.224646799147353207E-16 ) ) ;
#4938 = EDGE_CURVE ( 'NONE', #3348, #5348, #5471, .T. ) ;
#4939 = CARTESIAN_POINT ( 'NONE',  ( -2.449293598294727122E-16, -2.000000000000030642, -5.462499999999996803 ) ) ;
#4940 = CC_DESIGN_APPROVAL ( #1269, ( #1097 ) ) ;
#4941 = CARTESIAN_POINT ( 'NONE',  ( 1.990338328765594023, -0.2663847454560026029, 5.640806925723118148 ) ) ;
#4942 = CARTESIAN_POINT ( 'NONE',  ( -0.6151387054226457041, 0.6910024708207036515, 6.533202845889502619 ) ) ;
#4943 = CARTESIAN_POINT ( 'NONE',  ( -1.732050807568891404, 0.9999999999999933387, -1.583333333333336368 ) ) ;
#4944 = EDGE_CURVE ( 'NONE', #4408, #5472, #4115, .T. ) ;
#4945 = DIRECTION ( 'NONE',  ( -0.000000000000000000, -1.224646799147353207E-16, 1.000000000000000000 ) ) ;
#4946 = CARTESIAN_POINT ( 'NONE',  ( -1.784401076758541871, -1.524017464917908457E-14, 0.3125000000000072720 ) ) ;
#4947 = ORIENTED_EDGE ( 'NONE', *, *, #2361, .T. ) ;
#4948 = LINE ( 'NONE', #1538, #5194 ) ;
#4949 = CARTESIAN_POINT ( 'NONE',  ( -1.154700538379256569, -2.000000000000039968, -5.520833333333330373 ) ) ;
#4950 = LINE ( 'NONE', #4531, #2655 ) ;
#4951 = DIRECTION ( 'NONE',  ( 0.000000000000000000, -1.000000000000000000, -1.224646799147353207E-16 ) ) ;
#4952 = CONICAL_SURFACE ( 'NONE', #1287, 2.050799999999993517, 0.3490658503988666728 ) ;
#4953 = CARTESIAN_POINT ( 'NONE',  ( 1.764863307568898643, 1.018944305707779385, 1.705208333333333437 ) ) ;
#4954 = ORIENTED_EDGE ( 'NONE', *, *, #2017, .F. ) ;
#4955 = CARTESIAN_POINT ( 'NONE',  ( 0.3502066986637428214, -1.381458624468316687, 6.438319537806444615 ) ) ;
#4956 = CARTESIAN_POINT ( 'NONE',  ( -1.892491597964171348E-16, -1.545336663013218370, -0.9999999999999935607 ) ) ;
#4957 = B_SPLINE_CURVE_WITH_KNOTS ( 'NONE', 3,
 ( #461, #4716, #883, #2604, #2681, #5237, #2206, #4382, #96, #1860, #3599, #1830, #566, #537, #1414, #3103 ),
 .UNSPECIFIED., .F., .F.,
 ( 4, 3, 3, 3, 3, 4 ),
 ( 8.581650253827424816E-18, 1.963628368923631029E-05, 3.924458351664809224E-05, 5.927439630917255374E-05, 7.982330348741626660E-05, 8.469264850642988017E-05 ),
 .UNSPECIFIED. ) ;
#4958 = CARTESIAN_POINT ( 'NONE',  ( -1.338300807568906459, 0.7726683315065864255, 1.654166666666673224 ) ) ;
#4959 = CARTESIAN_POINT ( 'NONE',  ( 0.000000000000000000, 2.037888611415578310, -3.734375000000002220 ) ) ;
#4960 = CARTESIAN_POINT ( 'NONE',  ( -1.189349784789422992, -1.013337722292705356, -6.599999999999999645 ) ) ;
#4961 = CYLINDRICAL_SURFACE ( 'NONE', #308, 2.000000000000000888 ) ;
#4962 = ORIENTED_EDGE ( 'NONE', *, *, #1769, .F. ) ;
#4963 = DIRECTION ( 'NONE',  ( 0.000000000000000000, 1.224646799147352961E-16, -1.000000000000000000 ) ) ;
#4964 = CARTESIAN_POINT ( 'NONE',  ( 1.784401076758541649, -1.613800022076776824E-14, 4.075000000000005507 ) ) ;
#4965 = CARTESIAN_POINT ( 'NONE',  ( 1.764863307568897088, -1.018944305707812026, -4.711458333333331083 ) ) ;
#4966 =( BOUNDED_CURVE ( )  B_SPLINE_CURVE ( 3, ( #1410, #3126, #3560, #2312 ),
 .UNSPECIFIED., .F., .F. ) 
 B_SPLINE_CURVE_WITH_KNOTS ( ( 4, 4 ),
 ( 2.751161613710444431, 3.532023693469145798 ),
 .UNSPECIFIED. ) 
 CURVE ( )  GEOMETRIC_REPRESENTATION_ITEM ( )  RATIONAL_B_SPLINE_CURVE ( ( 1.000000000000000000, 0.9498300650479265528, 0.9498300650479265528, 1.000000000000000000 ) ) 
 REPRESENTATION_ITEM ( '' )  );
#4967 = CARTESIAN_POINT ( 'NONE',  ( 0.000000000000000000, 2.000000000000001776, -3.012499999999997513 ) ) ;
#4968 = B_SPLINE_CURVE_WITH_KNOTS ( 'NONE', 3,
 ( #2459, #4930, #2372, #261, #4872, #1158, #1977, #3621, #4157, #2849, #4543, #1038, #3648, #1494, #706, #1099 ),
 .UNSPECIFIED., .F., .F.,
 ( 4, 3, 3, 3, 3, 4 ),
 ( 8.581650253827424816E-18, 1.963628368924635949E-05, 3.924458351666843458E-05, 5.927439630919706349E-05, 7.982330348744475401E-05, 8.469264850645687680E-05 ),
 .UNSPECIFIED. ) ;
#4969 = CARTESIAN_POINT ( 'NONE',  ( 0.8922005383792704913, -1.545336663013218592, -3.041666666666659857 ) ) ;
#4970 = ORIENTED_EDGE ( 'NONE', *, *, #743, .F. ) ;
#4971 = CARTESIAN_POINT ( 'NONE',  ( -1.978416243982489275, 0.2532255823255099014, 5.515605851786924418 ) ) ;
#4972 = CARTESIAN_POINT ( 'NONE',  ( 2.100544671380358608, -0.2914548753565927020, 6.236152449227970962 ) ) ;
#4973 = CARTESIAN_POINT ( 'NONE',  ( -1.892491597964171594E-16, -1.545336663013218592, -0.9124999999999927613 ) ) ;
#4974 = ORIENTED_EDGE ( 'NONE', *, *, #3686, .T. ) ;
#4975 = ADVANCED_FACE ( 'NONE', ( #5155 ), #3900, .T. ) ;
#4976 = DIRECTION ( 'NONE',  ( 0.1045284632676537068, 0.000000000000000000, 0.9945218953682734009 ) ) ;
#4977 = EDGE_CURVE ( 'NONE', #5054, #4513, #2055, .T. ) ;
#4978 = CARTESIAN_POINT ( 'NONE',  ( -1.300138321361377081, -1.040872275635476019, 2.331808707224404920 ) ) ;
#4979 = CARTESIAN_POINT ( 'NONE',  ( 0.2541964613079037982, -2.082636197177629711, 6.009744012983428973 ) ) ;
#4980 = CARTESIAN_POINT ( 'NONE',  ( 0.2779266541832515758, -0.6709742978741808361, 5.519999999999999574 ) ) ;
#4981 = CARTESIAN_POINT ( 'NONE',  ( 0.2536874259130691978, 1.985340245443576901, 5.519999999999999574 ) ) ;
#4982 = CARTESIAN_POINT ( 'NONE',  ( -1.764863307568897755, 1.018944305707781162, 2.638541666666667229 ) ) ;
#4983 = ORIENTED_EDGE ( 'NONE', *, *, #558, .F. ) ;
#4984 = CARTESIAN_POINT ( 'NONE',  ( -2.010073422571224899, 0.2450297871837396890, 5.519999999999999574 ) ) ;
#4985 = EDGE_CURVE ( 'NONE', #981, #3502, #927, .T. ) ;
#4986 = CARTESIAN_POINT ( 'NONE',  ( 2.353151076758530191, -1.535039924806611819E-14, -3.209375000000003642 ) ) ;
#4987 = ORIENTED_EDGE ( 'NONE', *, *, #1223, .F. ) ;
#4988 = CARTESIAN_POINT ( 'NONE',  ( -1.338300807568906459, 0.7726683315065866475, 0.1666666666666723473 ) ) ;
#4989 = CARTESIAN_POINT ( 'NONE',  ( -1.154700538379264563, -2.000000000000026645, 2.091666666666662344 ) ) ;
#4990 = CARTESIAN_POINT ( 'NONE',  ( -1.764863307568897755, 1.018944305707781828, -5.717708333333335169 ) ) ;
#4991 = LINE ( 'NONE', #1519, #4677 ) ;
#4992 = DIRECTION ( 'NONE',  ( -1.000000000000000000, 1.321176534179923510E-16, -0.000000000000000000 ) ) ;
#4993 = ORIENTED_EDGE ( 'NONE', *, *, #3915, .T. ) ;
#4994 = CARTESIAN_POINT ( 'NONE',  ( 0.000000000000000000, -4.711997834488155533E-16, 6.599999999999999645 ) ) ;
#4995 = CARTESIAN_POINT ( 'NONE',  ( 1.176575538379264652, -2.037888611415608953, 3.673958333333329218 ) ) ;
#4996 = CARTESIAN_POINT ( 'NONE',  ( -1.764863307568897977, -1.018944305707810694, -4.244791666666665186 ) ) ;
#4997 = VERTEX_POINT ( 'NONE', #89 ) ;
#4998 = FACE_OUTER_BOUND ( 'NONE', #2833, .T. ) ;
#4999 = APPROVAL ( #4442, 'UNSPECIFIED' ) ;
#5000 = CARTESIAN_POINT ( 'NONE',  ( -2.449293598294727122E-16, -2.000000000000031086, -3.450000000000001954 ) ) ;
#5001 = ORIENTED_EDGE ( 'NONE', *, *, #4143, .T. ) ;
#5002 =( BOUNDED_CURVE ( )  B_SPLINE_CURVE ( 2, ( #372, #3791, #4121, #4154, #5018, #4989, #2457 ),
 .UNSPECIFIED., .F., .F. ) 
 B_SPLINE_CURVE_WITH_KNOTS ( ( 3, 2, 2, 3 ),
 ( 0.3333333333333333148, 0.3611111111111110494, 0.3888888888888888395, 0.4166666666666665741 ),
 .UNSPECIFIED. ) 
 CURVE ( )  GEOMETRIC_REPRESENTATION_ITEM ( )  RATIONAL_B_SPLINE_CURVE ( ( 1.000000000000000000, 0.8660254037844387076, 1.000000000000000000, 0.8660254037844387076, 1.000000000000000000, 0.8660254037844392627, 0.9999999999999994449 ) ) 
 REPRESENTATION_ITEM ( '' )  );
#5003 = CARTESIAN_POINT ( 'NONE',  ( -2.101843025894437833, -0.2875512965274213961, 6.235886225069593891 ) ) ;
#5004 = CARTESIAN_POINT ( 'NONE',  ( 2.091003355554514442, -0.3085581802691685915, 6.238630262449334829 ) ) ;
#5005 = CARTESIAN_POINT ( 'NONE',  ( 0.2791914163811333172, 2.001945947271521309, 5.762654260350180913 ) ) ;
#5006 = ORIENTED_EDGE ( 'NONE', *, *, #2875, .T. ) ;
#5007 = CARTESIAN_POINT ( 'NONE',  ( -1.082708096909055007, -1.102637102105849864, -6.600000000000000533 ) ) ;
#5008 = CARTESIAN_POINT ( 'NONE',  ( -2.449293598294727122E-16, -2.000000000000031974, 2.237500000000000711 ) ) ;
#5009 = CARTESIAN_POINT ( 'NONE',  ( -2.449293598294727122E-16, -2.000000000000031530, 0.04999999999999626965 ) ) ;
#5010 = DIRECTION ( 'NONE',  ( 0.000000000000000000, -1.224646799147353207E-16, 1.000000000000000000 ) ) ;
#5011 = ADVANCED_FACE ( 'NONE', ( #1796 ), #923, .T. ) ;
#5012 = CARTESIAN_POINT ( 'NONE',  ( 1.686068379114764149, 1.032885160020706738, 3.188505075730852845 ) ) ;
#5013 = CARTESIAN_POINT ( 'NONE',  ( 1.176575538379266428, 2.037888611415576534, 3.163541666666667140 ) ) ;
#5014 = ORIENTED_EDGE ( 'NONE', *, *, #3349, .F. ) ;
#5015 = DIRECTION ( 'NONE',  ( 0.1045058763748857450, -0.02078751127481495362, 0.9943069954385901354 ) ) ;
#5016 = CARTESIAN_POINT ( 'NONE',  ( 0.8922005383792716016, 1.545336663013187062, 0.6916666666666733132 ) ) ;
#5017 = CARTESIAN_POINT ( 'NONE',  ( -0.8922005383792713795, -1.545336663013218592, 3.229166666666673180 ) ) ;
#5018 = CARTESIAN_POINT ( 'NONE',  ( -1.732050807568891626, -1.000000000000023537, 2.033333333333329218 ) ) ;
#5019 = EDGE_CURVE ( 'NONE', #3796, #4331, #1396, .T. ) ;
#5020 = CARTESIAN_POINT ( 'NONE',  ( 1.176575538379264652, -2.037888611415608064, -4.726041666666667140 ) ) ;
#5021 = CARTESIAN_POINT ( 'NONE',  ( 0.8922005383792704913, -1.545336663013218814, -0.8541666666666593022 ) ) ;
#5022 = LINE ( 'NONE', #1189, #2466 ) ;
#5023 = ORIENTED_EDGE ( 'NONE', *, *, #3678, .T. ) ;
#5024 = CARTESIAN_POINT ( 'NONE',  ( 1.338300807568906015, -0.7726683315066177338, 1.216666666666672114 ) ) ;
#5025 = CARTESIAN_POINT ( 'NONE',  ( 1.764863307568898643, 1.018944305707779385, 3.148958333333329751 ) ) ;
#5026 = CARTESIAN_POINT ( 'NONE',  ( -1.764863307568897755, 1.018944305707781828, -4.361458333333331439 ) ) ;
#5027 = AXIS2_PLACEMENT_3D ( 'NONE', #3908, #73, #3487 ) ;
#5028 = CARTESIAN_POINT ( 'NONE',  ( 0.000000000000000000, 2.000000000000001776, -3.712499999999997247 ) ) ;
#5029 = CARTESIAN_POINT ( 'NONE',  ( -0.4945611972164519754, 0.7038255543714134754, 5.519999999999999574 ) ) ;
#5030 = ORIENTED_EDGE ( 'NONE', *, *, #5526, .T. ) ;
#5031 = CARTESIAN_POINT ( 'NONE',  ( -2.103250821954819827, -0.2793326196579717369, 6.235777398414650285 ) ) ;
#5032 = LOCAL_TIME ( 4, 1, 0.000000000000000000, #3630 ) ;
#5033 = CARTESIAN_POINT ( 'NONE',  ( -0.8922005383792708244, 1.545336663013187950, 0.1958333333333407977 ) ) ;
#5034 = ORIENTED_EDGE ( 'NONE', *, *, #2875, .F. ) ;
#5035 = FACE_OUTER_BOUND ( 'NONE', #1651, .T. ) ;
#5036 = CARTESIAN_POINT ( 'NONE',  ( 0.2275697282438517710, -2.059598705290101250, 5.762654158291496742 ) ) ;
#5037 = B_SPLINE_CURVE_WITH_KNOTS ( 'NONE', 3,
 ( #3501, #3093, #3477, #5174, #4398, #2619, #1878, #553, #2243, #5200, #1377, #948, #4317, #2646, #64, #1004 ),
 .UNSPECIFIED., .F., .F.,
 ( 4, 3, 3, 3, 3, 4 ),
 ( 0.000000000000000000, 2.075118737069610203E-05, 4.150691503886981510E-05, 6.216187880023465312E-05, 8.234179707201519187E-05, 8.472829037963386422E-05 ),
 .UNSPECIFIED. ) ;
#5038 = VERTEX_POINT ( 'NONE', #3939 ) ;
#5039 = CARTESIAN_POINT ( 'NONE',  ( 1.732050807568892514, 0.9999999999999908962, 3.083333333333329040 ) ) ;
#5040 = CARTESIAN_POINT ( 'NONE',  ( 0.000000000000000000, 2.037888611415578310, -3.734375000000002665 ) ) ;
#5041 = AXIS2_PLACEMENT_3D ( 'NONE', #2798, #357, #3332 ) ;
#5042 = CARTESIAN_POINT ( 'NONE',  ( 0.8922005383792704913, -1.545336663013219480, 3.345833333333339432 ) ) ;
#5043 = CARTESIAN_POINT ( 'NONE',  ( 0.6119732445561659739, -1.726882800251003713, 2.787735396496676454 ) ) ;
#5044 = CARTESIAN_POINT ( 'NONE',  ( 0.2013947372879141273, -2.036553692936428295, 5.519999999999999574 ) ) ;
#5045 = CARTESIAN_POINT ( 'NONE',  ( 0.8922005383792704913, -1.545336663013219258, -0.1541666666666592356 ) ) ;
#5046 = CARTESIAN_POINT ( 'NONE',  ( -0.8922005383792707134, 1.545336663013187950, 0.1083333333333400539 ) ) ;
#5047 = ORIENTED_EDGE ( 'NONE', *, *, #3822, .F. ) ;
#5048 = CARTESIAN_POINT ( 'NONE',  ( -2.309401076758522464, -1.465081337708942640E-14, -4.237499999999998046 ) ) ;
#5049 = CARTESIAN_POINT ( 'NONE',  ( 1.176575538379266428, 2.037888611415576534, 3.207291666666662877 ) ) ;
#5050 = EDGE_CURVE ( 'NONE', #150, #4916, #2260, .T. ) ;
#5051 = CARTESIAN_POINT ( 'NONE',  ( -1.176575538379264874, 2.037888611415578310, -3.019791666666664653 ) ) ;
#5052 = CARTESIAN_POINT ( 'NONE',  ( -0.4699172335303308801, -1.662224000761637344, -6.439403213785960034 ) ) ;
#5053 = CARTESIAN_POINT ( 'NONE',  ( -0.7697173568995394621, -1.354815279638596159, -6.599999999999997868 ) ) ;
#5054 = VERTEX_POINT ( 'NONE', #60 ) ;
#5055 = ADVANCED_FACE ( 'NONE', ( #4261 ), #4340, .T. ) ;
#5056 = CARTESIAN_POINT ( 'NONE',  ( -3.127069022642739575E-15, -0.2981763064969576438, 0.2693673207834481609 ) ) ;
#5057 = CARTESIAN_POINT ( 'NONE',  ( 0.7758462417557654422, 0.3213660356514363992, 6.599999999999999645 ) ) ;
#5058 = VECTOR ( 'NONE', #2476, 1000.000000000000000 ) ;
#5059 = ORIENTED_EDGE ( 'NONE', *, *, #936, .F. ) ;
#5060 = CARTESIAN_POINT ( 'NONE',  ( 0.1563483373824585965, 0.06476160179830069141, 0.2202409151620010608 ) ) ;
#5061 = CARTESIAN_POINT ( 'NONE',  ( -1.732050807568891404, 0.9999999999999937828, -5.695833333333329307 ) ) ;
#5062 = CARTESIAN_POINT ( 'NONE',  ( 1.154700538379259456, 2.000000000000005329, 0.3416666666666638985 ) ) ;
#5063 = DIRECTION ( 'NONE',  ( -1.313938990888704015E-16, -0.9945218953682732899, -0.1045284632676539427 ) ) ;
#5064 = VERTEX_POINT ( 'NONE', #5222 ) ;
#5065 = CARTESIAN_POINT ( 'NONE',  ( -2.309401076758522020, -1.464009771759688297E-14, -4.325000000000002842 ) ) ;
#5066 = CARTESIAN_POINT ( 'NONE',  ( -2.353151076758530191, -1.507408192704472297E-14, -0.7593750000000034639 ) ) ;
#5067 = CARTESIAN_POINT ( 'NONE',  ( 1.338300807568907125, 0.7726683315065849822, 2.820833333333339521 ) ) ;
#5068 = CARTESIAN_POINT ( 'NONE',  ( 0.000000000000000000, 2.000000000000002220, -5.900000000000001243 ) ) ;
#5069 = CARTESIAN_POINT ( 'NONE',  ( 2.353151076758530191, -1.560221724614079565E-14, -1.153124999999999289 ) ) ;
#5070 = CARTESIAN_POINT ( 'NONE',  ( 1.338300807568907125, 0.7726683315065856483, -2.779166666666659236 ) ) ;
#5071 = CARTESIAN_POINT ( 'NONE',  ( -1.892491597964171594E-16, -1.545336663013218814, 0.4000000000000066835 ) ) ;
#5072 = ORIENTED_EDGE ( 'NONE', *, *, #338, .T. ) ;
#5073 = CARTESIAN_POINT ( 'NONE',  ( 0.8922005383792703803, -1.545336663013219480, 1.858333333333338500 ) ) ;
#5074 = CARTESIAN_POINT ( 'NONE',  ( 2.030507742425496698, 0.2527098192290909706, 5.510698693715732510 ) ) ;
#5075 = CARTESIAN_POINT ( 'NONE',  ( -2.495693764988950272E-16, -2.037888611415607620, -4.128124999999998046 ) ) ;
#5076 = DIRECTION ( 'NONE',  ( -0.9238795325112861834, -0.3826834323650911696, 1.325057219789758616E-14 ) ) ;
#5077 = ADVANCED_FACE ( 'NONE', ( #521 ), #3597, .T. ) ;
#5078 = EDGE_CURVE ( 'NONE', #563, #2154, #4191, .T. ) ;
#5079 = CARTESIAN_POINT ( 'NONE',  ( -0.2532255823254899174, -1.978416243982491940, 5.515605851786924418 ) ) ;
#5080 = ORIENTED_EDGE ( 'NONE', *, *, #1148, .F. ) ;
#5081 =( BOUNDED_CURVE ( )  B_SPLINE_CURVE ( 2, ( #1200, #4502, #1592, #4080, #2924, #3720, #2440 ),
 .UNSPECIFIED., .F., .F. ) 
 B_SPLINE_CURVE_WITH_KNOTS ( ( 3, 2, 2, 3 ),
 ( 0.6666666666666664076, 0.6944444444444441977, 0.7222222222222220989, 0.7500000000000000000 ),
 .UNSPECIFIED. ) 
 CURVE ( )  GEOMETRIC_REPRESENTATION_ITEM ( )  RATIONAL_B_SPLINE_CURVE ( ( 1.000000000000001554, 0.8660254037844370423, 1.000000000000000000, 0.8660254037844385966, 1.000000000000000000, 0.8660254037844385966, 1.000000000000000000 ) ) 
 REPRESENTATION_ITEM ( '' )  );
#5082 = DIRECTION ( 'NONE',  ( 0.000000000000000000, 0.3420201433256693235, 0.9396926207859082059 ) ) ;
#5083 = DIRECTION ( 'NONE',  ( -0.000000000000000000, -1.224646799147353207E-16, 1.000000000000000000 ) ) ;
#5084 = EDGE_CURVE ( 'NONE', #2103, #1169, #3837, .T. ) ;
#5085 = ORIENTED_EDGE ( 'NONE', *, *, #1001, .T. ) ;
#5086 = CARTESIAN_POINT ( 'NONE',  ( 1.338300807568905793, -0.7726683315066178448, 2.616666666666672469 ) ) ;
#5087 = CARTESIAN_POINT ( 'NONE',  ( -1.338300807568906459, -0.7726683315066159574, -5.229166666666658081 ) ) ;
#5088 = CARTESIAN_POINT ( 'NONE',  ( -0.8922005383792712685, 1.545336663013187728, -2.604166666666658969 ) ) ;
#5089 = ORIENTED_EDGE ( 'NONE', *, *, #1000, .T. ) ;
#5090 = CARTESIAN_POINT ( 'NONE',  ( -1.154700538379266117, 1.999999999999992228, 1.245833333333335791 ) ) ;
#5091 = CARTESIAN_POINT ( 'NONE',  ( -2.495693764988950272E-16, -2.037888611415608064, -1.284375000000003819 ) ) ;
#5092 = CARTESIAN_POINT ( 'NONE',  ( -1.892491597964171594E-16, -1.545336663013219036, 1.800000000000005596 ) ) ;
#5093 = CARTESIAN_POINT ( 'NONE',  ( 1.764863307568897088, -1.018944305707812470, -1.911458333333333259 ) ) ;
#5094 = CARTESIAN_POINT ( 'NONE',  ( -1.338300807568906459, 0.7726683315065869806, -2.545833333333326287 ) ) ;
#5095 = CARTESIAN_POINT ( 'NONE',  ( 1.338300807568906015, -0.7726683315066176228, -0.1833333333333265758 ) ) ;
#5096 = ORIENTED_EDGE ( 'NONE', *, *, #5350, .F. ) ;
#5097 = CARTESIAN_POINT ( 'NONE',  ( -2.449293598294727122E-16, -2.000000000000031530, 0.7499999999999963363 ) ) ;
#5098 = CARTESIAN_POINT ( 'NONE',  ( -0.3621833151897139169, 1.281394194403186804, 6.459303098324777892 ) ) ;
#5099 = CARTESIAN_POINT ( 'NONE',  ( 0.000000000000000000, 2.037888611415578310, -2.378124999999998490 ) ) ;
#5100 = CARTESIAN_POINT ( 'NONE',  ( 1.338300807568905793, -0.7726683315066167346, -5.783333333333326109 ) ) ;
#5101 = CARTESIAN_POINT ( 'NONE',  ( 0.000000000000000000, 2.000000000000000888, 1.887500000000001510 ) ) ;
#5102 = ORIENTED_EDGE ( 'NONE', *, *, #5078, .T. ) ;
#5103 = VECTOR ( 'NONE', #4591, 999.9999999999998863 ) ;
#5104 = ADVANCED_FACE ( 'NONE', ( #3011 ), #3495, .T. ) ;
#5105 = CARTESIAN_POINT ( 'NONE',  ( 1.061662078532985998, 1.428319102632621629, 2.645014134956707785 ) ) ;
#5106 = CARTESIAN_POINT ( 'NONE',  ( 0.000000000000000000, -4.711997834488155533E-16, 6.599999999999999645 ) ) ;
#5107 =( BOUNDED_CURVE ( )  B_SPLINE_CURVE ( 2, ( #3059, #5088, #4309, #5510, #469, #5165, #4723, #4669, #4776, #1370, #5190, #3086, #2189, #1785, #3913, #2134, #2160, #2663, #3394, #4749, #4259, #418, #916, #392, #3888, #2110, #1682, #1706, #5116, #4284, #78, #4337, #2585, #1286, #2638, #3421, #888, #493, #3006, #4698, #864, #56, #444, #3862, #1760, #32, #1733, #1314, #3469, #190, #221, #1505, #3165, #3110, #1900, #2777, #4470, #2325, #3992, #160, #4798 ),
 .UNSPECIFIED., .F., .F. ) 
 B_SPLINE_CURVE_WITH_KNOTS ( ( 3, 2, 2, 2, 2, 2, 2, 2, 2, 2, 2, 2, 2, 2, 2, 2, 2, 2, 2, 2, 2, 2, 2, 2, 2, 2, 2, 2, 2, 2, 3 ),
 ( 0.1666666666666666852, 0.1944444444444444753, 0.2222222222222222099, 0.2500000000000000000, 0.2777777777777777901, 0.3055555555555555802, 0.3333333333333333148, 0.3611111111111111049, 0.3888888888888888951, 0.4166666666666666297, 0.4444444444444444753, 0.4722222222222222654, 0.5000000000000000000, 0.5277777777777777901, 0.5555555555555555802, 0.5833333333333333703, 0.6111111111111111605, 0.6388888888888888395, 0.6666666666666666297, 0.6944444444444444198, 0.7222222222222223209, 0.7500000000000000000, 0.7777777777777779011, 0.8055555555555555802, 0.8333333333333332593, 0.8611111111111111605, 0.8888888888888888395, 0.9166666666666667407, 0.9444444444444444198, 0.9722222222222220989, 1.000000000000000000 ),
 .UNSPECIFIED. ) 
 CURVE ( )  GEOMETRIC_REPRESENTATION_ITEM ( )  RATIONAL_B_SPLINE_CURVE ( ( 0.9999999999999998890, 0.8660254037844388186, 1.000000000000000000, 0.8660254037844387076, 1.000000000000000000, 0.8660254037844387076, 1.000000000000000000, 0.8660254037844387076, 1.000000000000000000, 0.8660254037844387076, 1.000000000000000000, 0.8660254037844387076, 1.000000000000000000, 0.8660254037844387076, 1.000000000000000000, 0.8660254037844387076, 1.000000000000000000, 0.8660254037844387076, 1.000000000000000000, 0.8660254037844387076, 1.000000000000000000, 0.8660254037844387076, 1.000000000000000000, 0.8660254037844387076, 1.000000000000000000, 0.8660254037844387076, 1.000000000000000000, 0.8660254037844387076, 1.000000000000000000, 0.8660254037844387076, 1.000000000000000000, 0.8660254037844387076, 1.000000000000000000, 0.8660254037844387076, 1.000000000000000000, 0.8660254037844387076, 1.000000000000000000, 0.8660254037844387076, 1.000000000000000000, 0.8660254037844387076, 1.000000000000000000, 0.8660254037844387076, 1.000000000000000000, 0.8660254037844387076, 1.000000000000000000, 0.8660254037844387076, 1.000000000000000000, 0.8660254037844387076, 1.000000000000000000, 0.8660254037844387076, 1.000000000000000000, 0.8660254037844387076, 1.000000000000000000, 0.8660254037844387076, 1.000000000000000000, 0.8660254037844387076, 1.000000000000000000, 0.8660254037844387076, 1.000000000000000000, 0.8660254037844387076, 1.000000000000000000 ) ) 
 REPRESENTATION_ITEM ( '' )  );
#5108 = ORIENTED_EDGE ( 'NONE', *, *, #1947, .F. ) ;
#5109 = AXIS2_PLACEMENT_3D ( 'NONE', #2790, #4067, #1518 ) ;
#5110 = CARTESIAN_POINT ( 'NONE',  ( 0.9432666344590368013, 1.769796682078554673, 3.237910111782289491 ) ) ;
#5111 = ORIENTED_EDGE ( 'NONE', *, *, #119, .F. ) ;
#5112 = CARTESIAN_POINT ( 'NONE',  ( -1.892491597964171348E-16, -1.545336663013219036, 3.200000000000005951 ) ) ;
#5113 = EDGE_CURVE ( 'NONE', #4242, #5362, #2409, .T. ) ;
#5114 = AXIS2_PLACEMENT_3D ( 'NONE', #2544, #353, #1693 ) ;
#5115 = CARTESIAN_POINT ( 'NONE',  ( 1.784401076758541649, -1.494856201709589901E-14, -5.637499999999991296 ) ) ;
#5116 = CARTESIAN_POINT ( 'NONE',  ( -1.338300807568906459, -0.7726683315066165125, -1.029166666666659680 ) ) ;
#5117 = CIRCLE ( 'NONE', #4142, 3.951999999999999069 ) ;
#5118 = VERTEX_POINT ( 'NONE', #1454 ) ;
#5119 = CARTESIAN_POINT ( 'NONE',  ( -0.3306534476626442620, 2.098156001292516670, 6.252282781517265242 ) ) ;
#5120 = CARTESIAN_POINT ( 'NONE',  ( 2.449293598294707893E-16, 2.000000000000000444, 6.599999999999999645 ) ) ;
#5121 = CARTESIAN_POINT ( 'NONE',  ( -1.784401076758541871, -1.540090954156717603E-14, 1.625000000000005329 ) ) ;
#5122 = CARTESIAN_POINT ( 'NONE',  ( -0.8922005383792707134, 1.545336663013188616, -5.491666666666659147 ) ) ;
#5123 = CARTESIAN_POINT ( 'NONE',  ( -1.764863307568897977, -1.018944305707811138, -2.144791666666665986 ) ) ;
#5124 = CARTESIAN_POINT ( 'NONE',  ( 0.8922005383792704913, -1.545336663013218592, -2.954166666666659058 ) ) ;
#5125 = FACE_OUTER_BOUND ( 'NONE', #994, .T. ) ;
#5126 = ORIENTED_EDGE ( 'NONE', *, *, #3381, .T. ) ;
#5127 = CARTESIAN_POINT ( 'NONE',  ( 0.2785519657253376913, 2.053309067639617069, 5.756570293759599721 ) ) ;
#5128 = CARTESIAN_POINT ( 'NONE',  ( 1.154700538379261898, -2.000000000000029310, -4.704166666666664831 ) ) ;
#5129 = VECTOR ( 'NONE', #383, 1000.000000000000000 ) ;
#5130 = CARTESIAN_POINT ( 'NONE',  ( -0.8922005383792713795, -1.545336663013217704, -6.570833333333325754 ) ) ;
#5131 = CARTESIAN_POINT ( 'NONE',  ( 0.8922005383792716016, 1.545336663013188172, -6.308333333333325577 ) ) ;
#5132 = CARTESIAN_POINT ( 'NONE',  ( -1.892491597964171594E-16, -1.545336663013217926, -6.599999999999993427 ) ) ;
#5133 = ORIENTED_EDGE ( 'NONE', *, *, #3180, .F. ) ;
#5134 = CARTESIAN_POINT ( 'NONE',  ( 0.000000000000000000, 2.000000000000001776, -5.112499999999996270 ) ) ;
#5135 = CARTESIAN_POINT ( 'NONE',  ( -0.3047449643597095470, 2.024596751003752360, 6.005780028916996471 ) ) ;
#5136 = CARTESIAN_POINT ( 'NONE',  ( 1.338300807568907125, 0.7726683315065859814, -4.879166666666658436 ) ) ;
#5137 = EDGE_LOOP ( 'NONE', ( #3485, #3669, #1751, #4808 ) ) ;
#5138 = CARTESIAN_POINT ( 'NONE',  ( 0.8922005383792703803, -1.545336663013219258, 2.558333333333338011 ) ) ;
#5139 = DIRECTION ( 'NONE',  ( 1.000000000000000000, 0.000000000000000000, 0.000000000000000000 ) ) ;
#5140 = CARTESIAN_POINT ( 'NONE',  ( 0.8922005383792703803, -1.545336663013218592, -5.054166666666658259 ) ) ;
#5141 = CARTESIAN_POINT ( 'NONE',  ( -0.7846828240533262333, -0.5754184668983779449, 6.525146117474438512 ) ) ;
#5142 = EDGE_CURVE ( 'NONE', #1154, #3004, #4667, .T. ) ;
#5143 = EDGE_CURVE ( 'NONE', #3769, #3326, #106, .T. ) ;
#5144 = ORIENTED_EDGE ( 'NONE', *, *, #2866, .F. ) ;
#5145 = CARTESIAN_POINT ( 'NONE',  ( -0.2808027965246212565, 2.105291015465791116, 6.256865758730181248 ) ) ;
#5146 = DIRECTION ( 'NONE',  ( 1.313938990888704262E-16, 0.9945218953682734009, 0.1045284632676539566 ) ) ;
#5147 = CARTESIAN_POINT ( 'NONE',  ( 1.338300807568907125, 0.7726683315065852042, 1.333333333333339255 ) ) ;
#5148 = CARTESIAN_POINT ( 'NONE',  ( 1.338300807568906015, -0.7726683315066170676, -4.383333333333325754 ) ) ;
#5149 = EDGE_CURVE ( 'NONE', #4844, #5064, #3637, .T. ) ;
#5150 = CARTESIAN_POINT ( 'NONE',  ( -1.784401076758541871, -1.505800843780591256E-14, -1.174999999999993161 ) ) ;
#5151 = EDGE_CURVE ( 'NONE', #5472, #1397, #2988, .T. ) ;
#5152 = CARTESIAN_POINT ( 'NONE',  ( -0.8922005383792707134, 1.545336663013188172, -1.991666666666659813 ) ) ;
#5153 = VERTEX_POINT ( 'NONE', #5364 ) ;
#5154 = CARTESIAN_POINT ( 'NONE',  ( 0.000000000000000000, 2.000000000000001332, -1.612499999999997602 ) ) ;
#5155 = FACE_OUTER_BOUND ( 'NONE', #3850, .T. ) ;
#5156 = CARTESIAN_POINT ( 'NONE',  ( 1.176575538379266428, 2.037888611415577422, -2.436458333333331616 ) ) ;
#5157 = CARTESIAN_POINT ( 'NONE',  ( -0.2395742729043100760, -1.747502087153962380, -6.402837794794294268 ) ) ;
#5158 = DIRECTION ( 'NONE',  ( 0.000000000000000000, -2.449293598294706414E-16, 1.000000000000000000 ) ) ;
#5159 = ORIENTED_EDGE ( 'NONE', *, *, #19, .F. ) ;
#5160 = CARTESIAN_POINT ( 'NONE',  ( 0.2281425882798902016, -1.684999046481631790, 2.426693264988590837 ) ) ;
#5161 = CARTESIAN_POINT ( 'NONE',  ( -2.070665643403691192, 0.2404725625119661925, 5.882448275415797845 ) ) ;
#5162 = CARTESIAN_POINT ( 'NONE',  ( -1.338300807568906459, -0.7726683315066159574, -5.229166666666658081 ) ) ;
#5163 = CARTESIAN_POINT ( 'NONE',  ( 1.338300807568906903, 0.7726683315065850932, 1.333333333333339255 ) ) ;
#5164 = CARTESIAN_POINT ( 'NONE',  ( 1.978416243982491052, -0.2532255823254974114, 5.515605851786924418 ) ) ;
#5165 = CARTESIAN_POINT ( 'NONE',  ( -0.8922005383792713795, -1.545336663013218148, -2.370833333333326021 ) ) ;
#5166 = ORIENTED_EDGE ( 'NONE', *, *, #1939, .T. ) ;
#5167 = CARTESIAN_POINT ( 'NONE',  ( -0.3051615948940906708, 2.025060412306338264, 6.009744003663857193 ) ) ;
#5168 = CARTESIAN_POINT ( 'NONE',  ( -4.851360233508704080E-17, -0.3672000000000034681, 6.599999999999999645 ) ) ;
#5169 =( BOUNDED_CURVE ( )  B_SPLINE_CURVE ( 2, ( #1307, #3803, #437, #18, #5502, #3440, #5134 ),
 .UNSPECIFIED., .F., .F. ) 
 B_SPLINE_CURVE_WITH_KNOTS ( ( 3, 2, 2, 3 ),
 ( 0.4166666666666665741, 0.4444444444444443088, 0.4722222222222220434, 0.4999999999999997780 ),
 .UNSPECIFIED. ) 
 CURVE ( )  GEOMETRIC_REPRESENTATION_ITEM ( )  RATIONAL_B_SPLINE_CURVE ( ( 1.000000000000000222, 0.8660254037844383745, 1.000000000000000000, 0.8660254037844385966, 1.000000000000000000, 0.8660254037844397068, 0.9999999999999988898 ) ) 
 REPRESENTATION_ITEM ( '' )  );
#5170 = CARTESIAN_POINT ( 'NONE',  ( -0.8922005383792713795, -1.545336663013218592, 1.041666666666672070 ) ) ;
#5171 = EDGE_CURVE ( 'NONE', #4166, #823, #969, .T. ) ;
#5172 = CARTESIAN_POINT ( 'NONE',  ( -1.338300807568906459, -0.7726683315066160684, -3.916666666666659413 ) ) ;
#5173 = CARTESIAN_POINT ( 'NONE',  ( 0.8922005383792717126, 1.545336663013187728, -2.108333333333326731 ) ) ;
#5174 = CARTESIAN_POINT ( 'NONE',  ( -0.3265054118153042917, 2.066697242541988722, 6.246092966771985999 ) ) ;
#5175 = EDGE_LOOP ( 'NONE', ( #982, #3338, #1826, #4651, #4970, #1190, #209, #3112, #649, #384, #2052, #3733, #2306, #4657, #3635, #1310 ) ) ;
#5176 = CARTESIAN_POINT ( 'NONE',  ( 2.309401076758522020, -1.602012796634983156E-14, 2.324999999999995737 ) ) ;
#5177 = CARTESIAN_POINT ( 'NONE',  ( -0.8922005383792708244, 1.545336663013188616, -6.104166666666658969 ) ) ;
#5178 = EDGE_CURVE ( 'NONE', #5332, #4149, #2810, .T. ) ;
#5179 = CARTESIAN_POINT ( 'NONE',  ( -1.784401076758541649, -1.471510733404465857E-14, -3.974999999999992539 ) ) ;
#5180 = CARTESIAN_POINT ( 'NONE',  ( 0.000000000000000000, 1.545336663013187950, 0.1375000000000065337 ) ) ;
#5181 = CARTESIAN_POINT ( 'NONE',  ( 0.2790830526408897283, 2.001742563614592463, 5.761623248231878769 ) ) ;
#5182 = EDGE_LOOP ( 'NONE', ( #1531, #2861, #5464, #342 ) ) ;
#5183 = CARTESIAN_POINT ( 'NONE',  ( -1.155875579493236716, -1.596312592856892643, -6.207112654809918695 ) ) ;
#5184 = CARTESIAN_POINT ( 'NONE',  ( 0.2663847916036115593, -1.990338370574775695, 5.640807364788405387 ) ) ;
#5185 = CARTESIAN_POINT ( 'NONE',  ( 1.784401076758541871, -1.486283674115557999E-14, -6.337499999999990585 ) ) ;
#5186 = VECTOR ( 'NONE', #245, 999.9999999999998863 ) ;
#5187 = CARTESIAN_POINT ( 'NONE',  ( -1.892491597964171348E-16, -1.545336663013218592, 0.4000000000000055733 ) ) ;
#5188 = DIRECTION ( 'NONE',  ( -0.000000000000000000, -1.224646799147353207E-16, 1.000000000000000000 ) ) ;
#5189 = CARTESIAN_POINT ( 'NONE',  ( 0.000000000000000000, 1.545336663013188616, -4.762499999999992184 ) ) ;
#5190 = CARTESIAN_POINT ( 'NONE',  ( 1.338300807568907125, 0.7726683315065856483, -2.079166666666659502 ) ) ;
#5191 = AXIS2_PLACEMENT_3D ( 'NONE', #3726, #5395, #5423 ) ;
#5192 = ORIENTED_EDGE ( 'NONE', *, *, #1182, .F. ) ;
#5193 = CARTESIAN_POINT ( 'NONE',  ( -0.2009207454415589955, 2.036136424108545562, 5.515605851786924418 ) ) ;
#5194 = VECTOR ( 'NONE', #4976, 999.9999999999998863 ) ;
#5195 = CARTESIAN_POINT ( 'NONE',  ( 1.388254980710438291, -0.6788324613521845574, 2.011250895266631922 ) ) ;
#5196 = CARTESIAN_POINT ( 'NONE',  ( 0.000000000000000000, 1.545336663013187728, 2.150000000000005684 ) ) ;
#5197 = CARTESIAN_POINT ( 'NONE',  ( -1.892491597964171594E-16, -1.545336663013217926, -6.599999999999993427 ) ) ;
#5198 = LOCAL_TIME ( 4, 1, 0.000000000000000000, #3490 ) ;
#5199 = CARTESIAN_POINT ( 'NONE',  ( -1.784401076758541871, -1.514373371374622843E-14, -0.4749999999999936495 ) ) ;
#5200 = CARTESIAN_POINT ( 'NONE',  ( -0.2999157838042234014, 2.096331654535009470, 6.237205613880131061 ) ) ;
#5201 = ORIENTED_EDGE ( 'NONE', *, *, #3922, .F. ) ;
#5202 =( BOUNDED_SURFACE ( )  B_SPLINE_SURFACE ( 1, 2, ( 
 ( #593, #2316, #3598, #3187, #4877, #4247, #2493, #1220, #3329, #355, #3742, #2943, #4190, #826, #380, #1162, #800, #4215, #4162, #2045, #2916, #711, #2518, #3383, #2014, #4548, #5497, #3799, #2124, #324, #3715, #1643, #4965, #407, #5467, #4607, #5439, #1615, #5026, #3275, #4996, #2433, #5075, #2100, #1670, #4129, #297, #1134, #4630, #2072, #1243, #2969, #4654, #1587, #1194, #3772, #773, #5410, #3359, #2854, #2546, #5051, #3303, #3823, #5522, #2884, #4576, #745, #2464, #1328, #1303, #5156, #5099 ),
 ( #455, #4762, #1797, #1381, #3506, #5130, #4735, #3902, #5205, #506, #2247, #4376, #3876, #5177, #900, #3073, #3046, #928, #2622, #4321, #2599, #2201, #3459, #480, #1353, #67, #853, #1774, #3481, #2574, #4296, #44, #4271, #2174, #1694, #952, #878, #1746, #4712, #2650, #3097, #4788, #3949, #4349, #2224, #3926, #2675, #90, #4686, #530, #3405, #1270, #2997, #432, #2146, #3846, #13, #1720, #3435, #3022, #3235, #1036, #4868, #4066, #5315, #5286, #4811, #234, #4898, #2789, #3123, #977, #120 ) ),
 .UNSPECIFIED., .F., .F., .F. ) 
 B_SPLINE_SURFACE_WITH_KNOTS ( ( 2, 2 ),
 ( 3, 2, 2, 2, 2, 2, 2, 2, 2, 2, 2, 2, 2, 2, 2, 2, 2, 2, 2, 2, 2, 2, 2, 2, 2, 2, 2, 2, 2, 2, 2, 2, 2, 2, 2, 2, 3 ),
 ( 0.000000000000000000, 1.000000000000000000 ),
 ( 0.000000000000000000, 0.02777777777777777624, 0.05555555555555555247, 0.08333333333333332871, 0.1111111111111111049, 0.1388888888888888951, 0.1666666666666666574, 0.1944444444444444475, 0.2222222222222222099, 0.2500000000000000000, 0.2777777777777777901, 0.3055555555555555802, 0.3333333333333333148, 0.3611111111111111049, 0.3888888888888888951, 0.4166666666666666852, 0.4444444444444444198, 0.4722222222222222099, 0.5000000000000000000, 0.5277777777777777901, 0.5555555555555555802, 0.5833333333333333703, 0.6111111111111111605, 0.6388888888888888395, 0.6666666666666666297, 0.6944444444444444198, 0.7222222222222222099, 0.7500000000000000000, 0.7777777777777777901, 0.8055555555555555802, 0.8333333333333333703, 0.8611111111111111605, 0.8888888888888888395, 0.9166666666666666297, 0.9444444444444444198, 0.9722222222222222099, 1.000000000000000000 ),
 .UNSPECIFIED. ) 
 GEOMETRIC_REPRESENTATION_ITEM ( )  RATIONAL_B_SPLINE_SURFACE ( (
 ( 1.000000000000000000, 0.8660254037844387076, 1.000000000000000000, 0.8660254037844387076, 1.000000000000000000, 0.8660254037844387076, 1.000000000000000000, 0.8660254037844387076, 1.000000000000000000, 0.8660254037844387076, 1.000000000000000000, 0.8660254037844387076, 1.000000000000000000, 0.8660254037844387076, 1.000000000000000000, 0.8660254037844387076, 1.000000000000000000, 0.8660254037844387076, 1.000000000000000000, 0.8660254037844387076, 1.000000000000000000, 0.8660254037844387076, 1.000000000000000000, 0.8660254037844387076, 1.000000000000000000, 0.8660254037844387076, 1.000000000000000000, 0.8660254037844387076, 1.000000000000000000, 0.8660254037844387076, 1.000000000000000000, 0.8660254037844387076, 1.000000000000000000, 0.8660254037844387076, 1.000000000000000000, 0.8660254037844387076, 1.000000000000000000, 0.8660254037844387076, 1.000000000000000000, 0.8660254037844387076, 1.000000000000000000, 0.8660254037844387076, 1.000000000000000000, 0.8660254037844387076, 1.000000000000000000, 0.8660254037844387076, 1.000000000000000000, 0.8660254037844387076, 1.000000000000000000, 0.8660254037844387076, 1.000000000000000000, 0.8660254037844387076, 1.000000000000000000, 0.8660254037844387076, 1.000000000000000000, 0.8660254037844387076, 1.000000000000000000, 0.8660254037844387076, 1.000000000000000000, 0.8660254037844387076, 1.000000000000000000, 0.8660254037844387076, 1.000000000000000000, 0.8660254037844387076, 1.000000000000000000, 0.8660254037844387076, 1.000000000000000000, 0.8660254037844387076, 1.000000000000000000, 0.8660254037844387076, 1.000000000000000000, 0.8660254037844387076, 1.000000000000000000),
 ( 1.000000000000000000, 0.8660254037844387076, 1.000000000000000000, 0.8660254037844387076, 1.000000000000000000, 0.8660254037844387076, 1.000000000000000000, 0.8660254037844387076, 1.000000000000000000, 0.8660254037844387076, 1.000000000000000000, 0.8660254037844387076, 1.000000000000000000, 0.8660254037844387076, 1.000000000000000000, 0.8660254037844387076, 1.000000000000000000, 0.8660254037844387076, 1.000000000000000000, 0.8660254037844387076, 1.000000000000000000, 0.8660254037844387076, 1.000000000000000000, 0.8660254037844387076, 1.000000000000000000, 0.8660254037844387076, 1.000000000000000000, 0.8660254037844387076, 1.000000000000000000, 0.8660254037844387076, 1.000000000000000000, 0.8660254037844387076, 1.000000000000000000, 0.8660254037844387076, 1.000000000000000000, 0.8660254037844387076, 1.000000000000000000, 0.8660254037844387076, 1.000000000000000000, 0.8660254037844387076, 1.000000000000000000, 0.8660254037844387076, 1.000000000000000000, 0.8660254037844387076, 1.000000000000000000, 0.8660254037844387076, 1.000000000000000000, 0.8660254037844387076, 1.000000000000000000, 0.8660254037844387076, 1.000000000000000000, 0.8660254037844387076, 1.000000000000000000, 0.8660254037844387076, 1.000000000000000000, 0.8660254037844387076, 1.000000000000000000, 0.8660254037844387076, 1.000000000000000000, 0.8660254037844387076, 1.000000000000000000, 0.8660254037844387076, 1.000000000000000000, 0.8660254037844387076, 1.000000000000000000, 0.8660254037844387076, 1.000000000000000000, 0.8660254037844387076, 1.000000000000000000, 0.8660254037844387076, 1.000000000000000000, 0.8660254037844387076, 1.000000000000000000) ) ) 
 REPRESENTATION_ITEM ( '' )  SURFACE ( )  );
#5203 = CYLINDRICAL_SURFACE ( 'NONE', #4661, 2.000000000000000888 ) ;
#5204 = CARTESIAN_POINT ( 'NONE',  ( 0.000000000000000000, 1.545336663013188172, -3.449999999999993516 ) ) ;
#5205 = CARTESIAN_POINT ( 'NONE',  ( 1.338300807568906015, -0.7726683315066168456, -6.395833333333325044 ) ) ;
#5206 = CARTESIAN_POINT ( 'NONE',  ( 1.764863307568898643, 1.018944305707780495, -6.651041666666668739 ) ) ;
#5207 = CARTESIAN_POINT ( 'NONE',  ( -1.338300807568906459, 0.7726683315065865365, 0.9541666666666731578 ) ) ;
#5208 = CARTESIAN_POINT ( 'NONE',  ( 0.3177086153809227653, 2.036042748710472416, 6.129120929389993755 ) ) ;
#5209 = ORIENTED_EDGE ( 'NONE', *, *, #3848, .F. ) ;
#5210 = EDGE_CURVE ( 'NONE', #4923, #2632, #3227, .T. ) ;
#5211 = EDGE_LOOP ( 'NONE', ( #50, #419, #2342, #4446 ) ) ;
#5212 = CIRCLE ( 'NONE', #1650, 1.562500000000005107 ) ;
#5213 = CARTESIAN_POINT ( 'NONE',  ( -1.891316354340873085, 0.03791656441576106429, -6.274918732359519247 ) ) ;
#5214 = CARTESIAN_POINT ( 'NONE',  ( -2.103356807430392994, 0.2785322625646771133, 6.235777398414737327 ) ) ;
#5215 = CARTESIAN_POINT ( 'NONE',  ( 1.338300807568907125, 0.7726683315065859814, -4.966666666666658791 ) ) ;
#5216 = EDGE_CURVE ( 'NONE', #5472, #534, #1539, .T. ) ;
#5217 = CYLINDRICAL_SURFACE ( 'NONE', #1749, 2.000000000000000888 ) ;
#5218 = FACE_OUTER_BOUND ( 'NONE', #351, .T. ) ;
#5219 = CARTESIAN_POINT ( 'NONE',  ( 0.2658503485052857163, -2.092548449072059835, 6.117992798236012497 ) ) ;
#5220 = VERTEX_POINT ( 'NONE', #2723 ) ;
#5221 = LINE ( 'NONE', #4889, #2451 ) ;
#5222 = CARTESIAN_POINT ( 'NONE',  ( 1.978834712860427780, -0.2536874259130768028, 5.519999999999999574 ) ) ;
#5223 = LINE ( 'NONE', #3550, #3020 ) ;
#5224 = CARTESIAN_POINT ( 'NONE',  ( -0.2532457960640931982, 1.986006295168971869, 5.519999999999999574 ) ) ;
#5225 = CARTESIAN_POINT ( 'NONE',  ( -0.8922005383792713795, -1.545336663013218370, -0.3583333333333267867 ) ) ;
#5226 = CARTESIAN_POINT ( 'NONE',  ( -2.449293598294727122E-16, -2.000000000000031530, 0.8375000000000011324 ) ) ;
#5227 = ORIENTED_EDGE ( 'NONE', *, *, #3411, .T. ) ;
#5228 = DIRECTION ( 'NONE',  ( 0.9945218953682734009, 0.000000000000000000, 0.1045284632676529157 ) ) ;
#5229 = AXIS2_PLACEMENT_3D ( 'NONE', #2827, #4044, #1526 ) ;
#5230 = CARTESIAN_POINT ( 'NONE',  ( -4.738050601859454645E-16, -0.3672000000000008590, 6.599999999999999645 ) ) ;
#5231 = CARTESIAN_POINT ( 'NONE',  ( -1.784401076758541871, -1.532589992511940043E-14, 1.012500000000006395 ) ) ;
#5232 = CARTESIAN_POINT ( 'NONE',  ( -1.338300807568906237, 0.7726683315065870916, -4.733333333333325399 ) ) ;
#5233 = CARTESIAN_POINT ( 'NONE',  ( 1.784401076758541871, -1.572008950055872918E-14, 0.6625000000000065281 ) ) ;
#5234 = CARTESIAN_POINT ( 'NONE',  ( 0.2476865024442989061, -2.004590400338928546, 5.519999999999999574 ) ) ;
#5235 = ORIENTED_EDGE ( 'NONE', *, *, #1320, .F. ) ;
#5236 = EDGE_LOOP ( 'NONE', ( #4225, #4932, #3101, #1763 ) ) ;
#5237 = CARTESIAN_POINT ( 'NONE',  ( -0.3085581802691603759, -2.091003355554515775, 6.238630262449333941 ) ) ;
#5238 = EDGE_CURVE ( 'NONE', #3035, #3775, #1275, .T. ) ;
#5239 = DIRECTION ( 'NONE',  ( 1.000000000000000000, 0.000000000000000000, 0.000000000000000000 ) ) ;
#5240 = CARTESIAN_POINT ( 'NONE',  ( -1.784401076758541871, -1.472582299353719884E-14, -3.887499999999991740 ) ) ;
#5241 = CARTESIAN_POINT ( 'NONE',  ( -0.7846828240533216814, 0.5754184668983828299, 6.525146117474438512 ) ) ;
#5242 = SHAPE_DEFINITION_REPRESENTATION ( #603, #3029 ) ;
#5243 = CARTESIAN_POINT ( 'NONE',  ( -2.053943384572785469, -0.3304402152408011939, 6.250254010542177774 ) ) ;
#5244 = EDGE_CURVE ( 'NONE', #1814, #4827, #4494, .T. ) ;
#5245 = CARTESIAN_POINT ( 'NONE',  ( -0.2779266541832532966, -0.6709742978741806141, 5.519999999999999574 ) ) ;
#5246 = ORIENTED_EDGE ( 'NONE', *, *, #3646, .F. ) ;
#5247 = CARTESIAN_POINT ( 'NONE',  ( -1.338300807568906459, 0.7726683315065870916, -3.245833333333326021 ) ) ;
#5248 = VERTEX_POINT ( 'NONE', #2301 ) ;
#5249 = CARTESIAN_POINT ( 'NONE',  ( 0.000000000000000000, 2.000000000000000888, 2.499999999999996003 ) ) ;
#5250 = CARTESIAN_POINT ( 'NONE',  ( -0.5292443514866179699, 1.511767985116651003, 2.156169812582869660 ) ) ;
#5251 = CARTESIAN_POINT ( 'NONE',  ( -0.3588683035439579894, 1.956417599669751040, 3.208041667577396172 ) ) ;
#5252 = DIRECTION ( 'NONE',  ( 0.000000000000000000, -1.000000000000000000, -1.224646799147353207E-16 ) ) ;
#5253 = CARTESIAN_POINT ( 'NONE',  ( -1.338300807568906459, -0.7726683315066161795, -3.216666666666660124 ) ) ;
#5254 = DIRECTION ( 'NONE',  ( 0.000000000000000000, -1.000000000000000000, 0.000000000000000000 ) ) ;
#5255 = ORIENTED_EDGE ( 'NONE', *, *, #5390, .T. ) ;
#5256 = CARTESIAN_POINT ( 'NONE',  ( 1.388254980710438291, -0.6788324613521845574, 2.011250895266631922 ) ) ;
#5257 = CARTESIAN_POINT ( 'NONE',  ( 0.8922005383792703803, -1.545336663013218592, -0.9416666666666602126 ) ) ;
#5258 = CARTESIAN_POINT ( 'NONE',  ( -1.338300807568906459, -0.7726683315066166235, 0.3708333333333396764 ) ) ;
#5259 = CARTESIAN_POINT ( 'NONE',  ( -1.892491597964171348E-16, -1.545336663013217926, -4.499999999999992895 ) ) ;
#5260 = CARTESIAN_POINT ( 'NONE',  ( -2.495693764988950272E-16, -2.037888611415608509, 3.571874999999999911 ) ) ;
#5261 = CARTESIAN_POINT ( 'NONE',  ( 0.2013947372879141273, -2.036553692936428295, 5.519999999999999574 ) ) ;
#5262 = ORIENTED_EDGE ( 'NONE', *, *, #2018, .T. ) ;
#5263 = CARTESIAN_POINT ( 'NONE',  ( 0.000000000000000000, 2.000000000000000888, 1.887500000000001510 ) ) ;
#5264 = CARTESIAN_POINT ( 'NONE',  ( 1.338300807568907125, 0.7726683315065848712, 3.520833333333339699 ) ) ;
#5265 = CARTESIAN_POINT ( 'NONE',  ( -1.496193766100007760, -1.236624814944587758, -6.225337496246591051 ) ) ;
#5266 = DIRECTION ( 'NONE',  ( 0.000000000000000000, -1.000000000000000000, 0.000000000000000000 ) ) ;
#5267 = CARTESIAN_POINT ( 'NONE',  ( 0.000000000000000000, 1.545336663013188394, -2.662499999999992095 ) ) ;
#5268 = CARTESIAN_POINT ( 'NONE',  ( -0.5754184668983688411, 0.7846828240533317844, 6.525146117474438512 ) ) ;
#5269 = CARTESIAN_POINT ( 'NONE',  ( -2.078666698170411387, -0.3203496856486748867, 6.242297865235610033 ) ) ;
#5270 = DIRECTION ( 'NONE',  ( 0.000000000000000000, 1.224646799147353207E-16, -1.000000000000000000 ) ) ;
#5271 = ORIENTED_EDGE ( 'NONE', *, *, #4300, .F. ) ;
#5272 = CARTESIAN_POINT ( 'NONE',  ( 1.338300807568906015, -0.7726683315066172897, -2.195833333333326198 ) ) ;
#5273 = AXIS2_PLACEMENT_3D ( 'NONE', #2858, #780, #1199 ) ;
#5274 = ORIENTED_EDGE ( 'NONE', *, *, #879, .F. ) ;
#5275 = DIRECTION ( 'NONE',  ( -0.000000000000000000, -1.224646799147353207E-16, 1.000000000000000000 ) ) ;
#5276 = EDGE_CURVE ( 'NONE', #5392, #5118, #2486, .T. ) ;
#5277 = CARTESIAN_POINT ( 'NONE',  ( 2.031466856759379436, -0.2209471874066278596, 5.519999999999999574 ) ) ;
#5278 = CARTESIAN_POINT ( 'NONE',  ( -0.2078686931306489016, 2.035913483625628295, 5.519999999999999574 ) ) ;
#5279 = CARTESIAN_POINT ( 'NONE',  ( 1.784401076758541871, -1.562364856512587304E-14, -0.1249999999999936023 ) ) ;
#5280 =( BOUNDED_CURVE ( )  B_SPLINE_CURVE ( 2, ( #2641, #2213, #2, #4366, #3917, #4751, #2237 ),
 .UNSPECIFIED., .F., .F. ) 
 B_SPLINE_CURVE_WITH_KNOTS ( ( 3, 2, 2, 3 ),
 ( 0.5000000000000000000, 0.5277777777777777901, 0.5555555555555554692, 0.5833333333333332593 ),
 .UNSPECIFIED. ) 
 CURVE ( )  GEOMETRIC_REPRESENTATION_ITEM ( )  RATIONAL_B_SPLINE_CURVE ( ( 1.000000000000000000, 0.8660254037844387076, 1.000000000000000000, 0.8660254037844387076, 1.000000000000000000, 0.8660254037844392627, 0.9999999999999994449 ) ) 
 REPRESENTATION_ITEM ( '' )  );
#5281 = CARTESIAN_POINT ( 'NONE',  ( 0.000000000000000000, 2.000000000000001332, 0.4875000000000021538 ) ) ;
#5282 = EDGE_LOOP ( 'NONE', ( #4983, #4385, #5047, #2198 ) ) ;
#5283 = CARTESIAN_POINT ( 'NONE',  ( 0.000000000000000000, 1.301042606982605321E-15, 0.2380277281147412660 ) ) ;
#5284 = EDGE_CURVE ( 'NONE', #856, #5153, #2863, .T. ) ;
#5285 = CARTESIAN_POINT ( 'NONE',  ( -0.8922005383792707134, 1.545336663013188172, -2.691666666666660213 ) ) ;
#5286 = CARTESIAN_POINT ( 'NONE',  ( -0.8922005383792713795, -1.545336663013218148, -3.070833333333325310 ) ) ;
#5287 = CARTESIAN_POINT ( 'NONE',  ( -1.892491597964171348E-16, -1.545336663013218148, -3.799999999999992717 ) ) ;
#5288 = CARTESIAN_POINT ( 'NONE',  ( -1.338300807568906459, 0.7726683315065864255, 1.654166666666673224 ) ) ;
#5289 = CARTESIAN_POINT ( 'NONE',  ( -2.330348209623523053E-16, -1.902873719382618622, 2.993575884259854991 ) ) ;
#5290 = ORIENTED_EDGE ( 'NONE', *, *, #3750, .T. ) ;
#5291 = ORIENTED_EDGE ( 'NONE', *, *, #368, .T. ) ;
#5292 = CARTESIAN_POINT ( 'NONE',  ( 1.176575538379264652, -2.037888611415608509, 0.8739583333333291737 ) ) ;
#5293 = CARTESIAN_POINT ( 'NONE',  ( -1.784401076758541871, -1.558307575294034488E-14, 3.112500000000006040 ) ) ;
#5294 = CARTESIAN_POINT ( 'NONE',  ( -0.6121573157750201943, 1.699291760228193837, -6.360509472570676337 ) ) ;
#5295 = DIRECTION ( 'NONE',  ( -0.000000000000000000, -1.224646799147353207E-16, 1.000000000000000000 ) ) ;
#5296 = CARTESIAN_POINT ( 'NONE',  ( -0.8922005383792713795, -1.545336663013217926, -5.258333333333325754 ) ) ;
#5297 = CARTESIAN_POINT ( 'NONE',  ( 2.103128811297160894, 0.2801310354326180252, 6.235782945370653252 ) ) ;
#5298 = PERSON_AND_ORGANIZATION_ROLE ( 'classification_officer' ) ;
#5299 = AXIS2_PLACEMENT_3D ( 'NONE', #5493, #2120, #5518 ) ;
#5300 = CARTESIAN_POINT ( 'NONE',  ( -1.784401076758541649, -1.472582299353719568E-14, -3.887499999999992628 ) ) ;
#5301 = FACE_OUTER_BOUND ( 'NONE', #4481, .T. ) ;
#5302 = ORIENTED_EDGE ( 'NONE', *, *, #1223, .T. ) ;
#5303 = CARTESIAN_POINT ( 'NONE',  ( -2.495693764988950272E-16, -2.037888611415608064, 0.7718750000000004219 ) ) ;
#5304 = VERTEX_POINT ( 'NONE', #1568 ) ;
#5305 = LINE ( 'NONE', #2358, #1544 ) ;
#5306 = CARTESIAN_POINT ( 'NONE',  ( 0.8560380113781143052, -1.716609126001858332, -6.248209709740064177 ) ) ;
#5307 = CARTESIAN_POINT ( 'NONE',  ( -0.2261220390462871654, 2.028667683851149928, 5.519999999999999574 ) ) ;
#5308 = EDGE_CURVE ( 'NONE', #2142, #4062, #1895, .T. ) ;
#5309 = EDGE_CURVE ( 'NONE', #4800, #3642, #3610, .T. ) ;
#5310 = CARTESIAN_POINT ( 'NONE',  ( 0.2504225921733153615, 1.998076294093928507, 5.519999999999999574 ) ) ;
#5311 = CARTESIAN_POINT ( 'NONE',  ( -1.176575538379265984, -2.037888611415607620, 1.413541666666666474 ) ) ;
#5312 = ORIENTED_EDGE ( 'NONE', *, *, #3901, .T. ) ;
#5313 = CARTESIAN_POINT ( 'NONE',  ( -0.8709117136928659075, 1.438284412166611181, 2.374655623443074681 ) ) ;
#5314 = CARTESIAN_POINT ( 'NONE',  ( 1.338300807568905793, -0.7726683315066175117, -0.1833333333333265758 ) ) ;
#5315 = CARTESIAN_POINT ( 'NONE',  ( -1.338300807568906459, -0.7726683315066161795, -3.129166666666658436 ) ) ;
#5316 = EDGE_CURVE ( 'NONE', #1703, #3470, #3753, .T. ) ;
#5317 = CARTESIAN_POINT ( 'NONE',  ( -1.764863307568897977, -1.018944305707810916, -3.501041666666668828 ) ) ;
#5318 = FACE_OUTER_BOUND ( 'NONE', #1131, .T. ) ;
#5319 = AXIS2_PLACEMENT_3D ( 'NONE', #4372, #3584, #1770 ) ;
#5320 = CARTESIAN_POINT ( 'NONE',  ( -1.784401076758541649, -1.488655788592528714E-14, -2.574999999999993072 ) ) ;
#5321 = EDGE_LOOP ( 'NONE', ( #4278, #4251, #2111, #10 ) ) ;
#5322 = CARTESIAN_POINT ( 'NONE',  ( -0.2450297871837194275, -2.010073422571227564, 5.519999999999999574 ) ) ;
#5323 = CARTESIAN_POINT ( 'NONE',  ( -1.764863307568897977, -1.018944305707811138, -0.001041666666670671912 ) ) ;
#5324 = DIRECTION ( 'NONE',  ( 0.000000000000000000, -1.000000000000000000, 0.000000000000000000 ) ) ;
#5325 = CARTESIAN_POINT ( 'NONE',  ( -2.020313986387310301, -0.2362816911131819797, 5.519999999999999574 ) ) ;
#5326 = CARTESIAN_POINT ( 'NONE',  ( 0.000000000000000000, 1.545336663013188616, -5.549999999999992717 ) ) ;
#5327 = DIRECTION ( 'NONE',  ( 0.1045284632676536929, 6.217248937900877415E-15, 0.9945218953682734009 ) ) ;
#5328 = APPROVAL_DATE_TIME ( #186, #1269 ) ;
#5329 = CARTESIAN_POINT ( 'NONE',  ( 0.000000000000000000, 2.000000000000001776, -1.700000000000002842 ) ) ;
#5330 = CARTESIAN_POINT ( 'NONE',  ( 1.154700538379257013, 2.000000000000010658, -4.558333333333335347 ) ) ;
#5331 = CARTESIAN_POINT ( 'NONE',  ( -1.892491597964171594E-16, -1.545336663013218370, -3.012499999999992628 ) ) ;
#5332 = VERTEX_POINT ( 'NONE', #310 ) ;
#5333 = CARTESIAN_POINT ( 'NONE',  ( 0.000000000000000000, 2.000000000000000888, 2.587500000000001688 ) ) ;
#5334 = DIRECTION ( 'NONE',  ( -0.000000000000000000, -1.224646799147353207E-16, 1.000000000000000000 ) ) ;
#5335 = FACE_OUTER_BOUND ( 'NONE', #4864, .T. ) ;
#5336 = CARTESIAN_POINT ( 'NONE',  ( 1.338300807568906015, -0.7726683315066171787, -3.683333333333325577 ) ) ;
#5337 = CARTESIAN_POINT ( 'NONE',  ( -0.7846828240533216814, 0.5754184668983828299, 6.525146117474438512 ) ) ;
#5338 = CARTESIAN_POINT ( 'NONE',  ( -2.036553692936426518, -0.2013947372879217601, 5.519999999999999574 ) ) ;
#5339 = VERTEX_POINT ( 'NONE', #390 ) ;
#5340 = CARTESIAN_POINT ( 'NONE',  ( 0.8922005383792703803, -1.545336663013219480, 1.945833333333339299 ) ) ;
#5341 = CARTESIAN_POINT ( 'NONE',  ( -1.338300807568906459, -0.7726683315066165125, 0.2833333333333398762 ) ) ;
#5342 = ADVANCED_FACE ( 'NONE', ( #4144 ), #4756, .T. ) ;
#5343 = CARTESIAN_POINT ( 'NONE',  ( -1.338300807568906459, 0.7726683315065866475, 0.2541666666666731467 ) ) ;
#5344 = CARTESIAN_POINT ( 'NONE',  ( 2.353151076758530191, -1.535039924806612135E-14, -3.209375000000001865 ) ) ;
#5345 = CARTESIAN_POINT ( 'NONE',  ( 1.384240384857944983, -0.3641915525281684829, 6.571376534311556661 ) ) ;
#5346 = CARTESIAN_POINT ( 'NONE',  ( -1.892491597964171594E-16, -1.545336663013218592, -2.399999999999993250 ) ) ;
#5347 = ORIENTED_EDGE ( 'NONE', *, *, #1248, .F. ) ;
#5348 = VERTEX_POINT ( 'NONE', #4557 ) ;
#5349 = CARTESIAN_POINT ( 'NONE',  ( 1.176575538379266428, 2.037888611415576978, 1.107291666666662788 ) ) ;
#5350 = EDGE_CURVE ( 'NONE', #4916, #2857, #5117, .T. ) ;
#5351 = CARTESIAN_POINT ( 'NONE',  ( 0.8922005383792717126, 1.545336663013187062, 4.279166666666673002 ) ) ;
#5352 =( BOUNDED_CURVE ( )  B_SPLINE_CURVE ( 3, ( #1958, #1986, #1589, #4524 ),
 .UNSPECIFIED., .F., .F. ) 
 B_SPLINE_CURVE_WITH_KNOTS ( ( 4, 4 ),
 ( 2.946332657651817843, 3.336852649527769277 ),
 .UNSPECIFIED. ) 
 CURVE ( )  GEOMETRIC_REPRESENTATION_ITEM ( )  RATIONAL_B_SPLINE_CURVE ( ( 1.000000000000000000, 0.9873315052531760339, 0.9873315052531760339, 1.000000000000000000 ) ) 
 REPRESENTATION_ITEM ( '' )  );
#5353 = ORIENTED_EDGE ( 'NONE', *, *, #338, .F. ) ;
#5354 = DIRECTION ( 'NONE',  ( 0.1045058763748857034, 0.02078751127481452340, 0.9943069954385902465 ) ) ;
#5355 = CARTESIAN_POINT ( 'NONE',  ( 0.000000000000000000, 2.000000000000001776, -3.100000000000001865 ) ) ;
#5356 = PLANE ( 'NONE',  #5482 ) ;
#5357 = ADVANCED_FACE ( 'NONE', ( #5035 ), #1598, .T. ) ;
#5358 = ORIENTED_EDGE ( 'NONE', *, *, #3331, .T. ) ;
#5359 = CARTESIAN_POINT ( 'NONE',  ( -2.075861296725753480, 0.3045459121028040173, 6.003886173198500487 ) ) ;
#5360 = FACE_OUTER_BOUND ( 'NONE', #4603, .T. ) ;
#5361 = CARTESIAN_POINT ( 'NONE',  ( -1.338300807568906459, -0.7726683315066165125, -1.029166666666659680 ) ) ;
#5362 = VERTEX_POINT ( 'NONE', #5008 ) ;
#5363 = CARTESIAN_POINT ( 'NONE',  ( 2.036553692936426518, 0.2013947372879204278, 5.519999999999999574 ) ) ;
#5364 = CARTESIAN_POINT ( 'NONE',  ( 1.214287501422803395, -0.2831209356723964898, 5.519999999999999574 ) ) ;
#5365 = CARTESIAN_POINT ( 'NONE',  ( -1.837796832008342651, -0.2836563857624933571, 2.863709029174215548 ) ) ;
#5366 = LINE ( 'NONE', #2505, #4392 ) ;
#5367 = CARTESIAN_POINT ( 'NONE',  ( -2.330348209623523053E-16, -1.902873719382618622, 2.993575884259854991 ) ) ;
#5368 = CARTESIAN_POINT ( 'NONE',  ( 2.353151076758530191, -1.585939307396174010E-14, 0.9468750000000000222 ) ) ;
#5369 = ORIENTED_EDGE ( 'NONE', *, *, #1523, .T. ) ;
#5370 = CARTESIAN_POINT ( 'NONE',  ( -0.2274007956723738122, 1.644366160081157213, 2.315802710333036085 ) ) ;
#5371 = AXIS2_PLACEMENT_3D ( 'NONE', #1456, #4805, #5252 ) ;
#5372 = CARTESIAN_POINT ( 'NONE',  ( 1.784401076758541649, -1.528074746136461589E-14, -2.924999999999993605 ) ) ;
#5373 = CARTESIAN_POINT ( 'NONE',  ( -1.892491597964171594E-16, -1.545336663013218814, 0.4000000000000054623 ) ) ;
#5374 = CARTESIAN_POINT ( 'NONE',  ( 2.353151076758530191, -1.509322342024517691E-14, -5.309375000000001954 ) ) ;
#5375 = DIRECTION ( 'NONE',  ( -0.000000000000000000, -1.224646799147353207E-16, 1.000000000000000000 ) ) ;
#5376 = CARTESIAN_POINT ( 'NONE',  ( -1.311313062439112720, 0.2536874259130820763, 5.519999999999999574 ) ) ;
#5377 = ORIENTED_EDGE ( 'NONE', *, *, #2114, .F. ) ;
#5378 = DIRECTION ( 'NONE',  ( -0.000000000000000000, 0.8660254037844390407, 0.4999999999999992784 ) ) ;
#5379 = CARTESIAN_POINT ( 'NONE',  ( 0.000000000000000000, 2.037888611415577866, 0.4656249999999962919 ) ) ;
#5380 = AXIS2_PLACEMENT_3D ( 'NONE', #5230, #4375, #3948 ) ;
#5381 = CARTESIAN_POINT ( 'NONE',  ( -0.2531638122453697681, -2.081652823194262147, 6.000215771722413827 ) ) ;
#5382 = CARTESIAN_POINT ( 'NONE',  ( -2.036553692936426518, -0.2013947372879217601, 5.519999999999999574 ) ) ;
#5383 = ADVANCED_FACE ( 'NONE', ( #2896 ), #1653, .T. ) ;
#5384 = CARTESIAN_POINT ( 'NONE',  ( 1.784401076758541871, -1.510929690948398731E-14, -4.324999999999992184 ) ) ;
#5385 = ORIENTED_EDGE ( 'NONE', *, *, #229, .T. ) ;
#5386 =( BOUNDED_CURVE ( )  B_SPLINE_CURVE ( 3, ( #264, #1980, #4875, #1469 ),
 .UNSPECIFIED., .F., .F. ) 
 B_SPLINE_CURVE_WITH_KNOTS ( ( 4, 4 ),
 ( 2.751161613710443099, 3.532023693469143577 ),
 .UNSPECIFIED. ) 
 CURVE ( )  GEOMETRIC_REPRESENTATION_ITEM ( )  RATIONAL_B_SPLINE_CURVE ( ( 1.000000000000000000, 0.9498300650479265528, 0.9498300650479265528, 1.000000000000000000 ) ) 
 REPRESENTATION_ITEM ( '' )  );
#5387 = ORIENTED_EDGE ( 'NONE', *, *, #4088, .F. ) ;
#5388 = CARTESIAN_POINT ( 'NONE',  ( -2.053309060065627190, 0.2785519571412854445, 5.756570212088457872 ) ) ;
#5389 = CARTESIAN_POINT ( 'NONE',  ( 1.468843810168229957, 0.4801700359073294844, 2.011250895266602168 ) ) ;
#5390 = EDGE_CURVE ( 'NONE', #1226, #5038, #2623, .T. ) ;
#5391 = CARTESIAN_POINT ( 'NONE',  ( 1.338300807568907125, 0.7726683315065853153, 0.02083333333334057985 ) ) ;
#5392 = VERTEX_POINT ( 'NONE', #4748 ) ;
#5393 = CARTESIAN_POINT ( 'NONE',  ( 2.004590400338926770, 0.2476865024443053453, 5.519999999999999574 ) ) ;
#5394 = CARTESIAN_POINT ( 'NONE',  ( -1.640906105325625086, 0.1720296990861935604, 2.260415672360601036 ) ) ;
#5395 = DIRECTION ( 'NONE',  ( -0.02078751127481444361, -0.1045058763748859393, 0.9943069954385901354 ) ) ;
#5396 = CARTESIAN_POINT ( 'NONE',  ( 0.000000000000000000, 1.562500000000006217, -6.599999999999999645 ) ) ;
#5397 = CARTESIAN_POINT ( 'NONE',  ( -2.309401076758522020, -1.489727354541782742E-14, -2.225000000000003642 ) ) ;
#5398 = CARTESIAN_POINT ( 'NONE',  ( -2.048024250820235981, -0.2144259247693953430, 5.640806529666005709 ) ) ;
#5399 = VERTEX_POINT ( 'NONE', #100 ) ;
#5400 = CARTESIAN_POINT ( 'NONE',  ( 2.353151076758530191, -1.560757507588706579E-14, -1.109375000000003109 ) ) ;
#5401 = CARTESIAN_POINT ( 'NONE',  ( 1.338300807568907125, 0.7726683315065847601, 4.220833333333339432 ) ) ;
#5402 = CARTESIAN_POINT ( 'NONE',  ( 1.414861121218846440, 0.9643283830214555152, -6.453525367949702662 ) ) ;
#5403 = CARTESIAN_POINT ( 'NONE',  ( 1.176575538379264652, -2.037888611415608064, -5.426041666666669094 ) ) ;
#5404 = CARTESIAN_POINT ( 'NONE',  ( 0.000000000000000000, -4.711997834488155533E-16, 6.599999999999999645 ) ) ;
#5405 = CARTESIAN_POINT ( 'NONE',  ( -1.261356100933068491, 0.2636244833933432674, 5.519999999999999574 ) ) ;
#5406 = CIRCLE ( 'NONE', #1388, 6.359696215217524262 ) ;
#5407 = ORIENTED_EDGE ( 'NONE', *, *, #2125, .F. ) ;
#5408 = FACE_OUTER_BOUND ( 'NONE', #917, .T. ) ;
#5409 = CARTESIAN_POINT ( 'NONE',  ( 1.764863307568898643, 1.018944305707779607, 1.048958333333329662 ) ) ;
#5410 = CARTESIAN_POINT ( 'NONE',  ( 2.353151076758530191, -1.534504141831985121E-14, -3.253124999999998046 ) ) ;
#5411 = AXIS2_PLACEMENT_3D ( 'NONE', #3977, #4485, #146 ) ;
#5412 = CARTESIAN_POINT ( 'NONE',  ( 1.154700538379257013, 2.000000000000010658, -5.170833333333328952 ) ) ;
#5413 = CARTESIAN_POINT ( 'NONE',  ( 0.8922005383792717126, 1.545336663013187950, -2.808333333333326021 ) ) ;
#5414 = ORIENTED_EDGE ( 'NONE', *, *, #4164, .T. ) ;
#5415 = ORIENTED_EDGE ( 'NONE', *, *, #4673, .T. ) ;
#5416 = CARTESIAN_POINT ( 'NONE',  ( 0.000000000000000000, 2.000000000000001332, -1.000000000000003109 ) ) ;
#5417 = CARTESIAN_POINT ( 'NONE',  ( 2.070829558463230136, -0.3246263058599829221, 6.244771762079859734 ) ) ;
#5418 = CARTESIAN_POINT ( 'NONE',  ( 0.3045459066617925981, 2.075861292078861720, 6.003886121431453837 ) ) ;
#5419 = ORIENTED_EDGE ( 'NONE', *, *, #3892, .F. ) ;
#5420 = CARTESIAN_POINT ( 'NONE',  ( 0.6077826837533988336, 0.5343434567956832915, 5.520000000000000462 ) ) ;
#5421 = DIRECTION ( 'NONE',  ( -0.9238795325112858503, 0.3826834323650920022, 0.000000000000000000 ) ) ;
#5422 = EDGE_CURVE ( 'NONE', #803, #4619, #1252, .T. ) ;
#5423 = DIRECTION ( 'NONE',  ( 0.000000000000000000, -0.9945218953682734009, -0.1045284632676528880 ) ) ;
#5424 = CARTESIAN_POINT ( 'NONE',  ( 1.990338328765595355, 0.2663847454559963857, 5.640806925723117260 ) ) ;
#5425 = CARTESIAN_POINT ( 'NONE',  ( -1.338300807568906459, 0.7726683315065875357, -6.745833333333324688 ) ) ;
#5426 = CARTESIAN_POINT ( 'NONE',  ( -2.036136424133419442, -0.2009207454698354878, 5.515605852048856228 ) ) ;
#5427 = ORIENTED_EDGE ( 'NONE', *, *, #2667, .T. ) ;
#5428 = CARTESIAN_POINT ( 'NONE',  ( 1.732050807568892292, 0.9999999999999917843, -3.129166666666663765 ) ) ;
#5429 = CARTESIAN_POINT ( 'NONE',  ( -1.764863307568897977, -1.018944305707811360, -0.7010416666666701158 ) ) ;
#5430 = EDGE_LOOP ( 'NONE', ( #1911, #452, #4216, #4365 ) ) ;
#5431 = CARTESIAN_POINT ( 'NONE',  ( 0.8922005383792717126, 1.545336663013187062, 2.179166666666672914 ) ) ;
#5432 = CARTESIAN_POINT ( 'NONE',  ( 0.2127248899373922475, 1.770445707719791928, -6.392054292280219485 ) ) ;
#5433 = CARTESIAN_POINT ( 'NONE',  ( 1.764863307568898643, 1.018944305707780273, -5.951041666666668561 ) ) ;
#5434 = CARTESIAN_POINT ( 'NONE',  ( -1.784401076758541871, -1.489727354541782742E-14, -2.487499999999992273 ) ) ;
#5435 = CYLINDRICAL_SURFACE ( 'NONE', #5486, 2.000000000000000888 ) ;
#5436 = ORIENTED_EDGE ( 'NONE', *, *, #3008, .F. ) ;
#5437 = CARTESIAN_POINT ( 'NONE',  ( 1.784401076758541649, -1.579509911700650793E-14, 1.275000000000005462 ) ) ;
#5438 = CARTESIAN_POINT ( 'NONE',  ( -2.353151076758530191, -1.558843358268661501E-14, 3.440624999999995826 ) ) ;
#5439 = CARTESIAN_POINT ( 'NONE',  ( 0.000000000000000000, 2.037888611415578310, -4.478124999999997691 ) ) ;
#5440 = FACE_OUTER_BOUND ( 'NONE', #3937, .T. ) ;
#5441 = CARTESIAN_POINT ( 'NONE',  ( 1.154700538379259456, 2.000000000000005773, -3.158333333333334991 ) ) ;
#5442 = ORIENTED_EDGE ( 'NONE', *, *, #629, .F. ) ;
#5443 = CYLINDRICAL_SURFACE ( 'NONE', #2889, 0.3887999999999999234 ) ;
#5444 = PLANE ( 'NONE',  #3687 ) ;
#5445 = CARTESIAN_POINT ( 'NONE',  ( -0.7038255543714088125, -0.4945611972164601911, 5.519999999999999574 ) ) ;
#5446 = ORIENTED_EDGE ( 'NONE', *, *, #5019, .F. ) ;
#5447 = DIRECTION ( 'NONE',  ( 0.000000000000000000, -1.000000000000000000, 0.000000000000000000 ) ) ;
#5448 = CARTESIAN_POINT ( 'NONE',  ( -1.639223306294725235, -0.2550939819686749988, 2.285501599279621043 ) ) ;
#5449 = CARTESIAN_POINT ( 'NONE',  ( 0.000000000000000000, 1.797605106156307864, 2.704352746443269506 ) ) ;
#5450 = CARTESIAN_POINT ( 'NONE',  ( 0.000000000000000000, -4.711997834488155533E-16, 6.599999999999999645 ) ) ;
#5451 = CARTESIAN_POINT ( 'NONE',  ( -1.784401076758541871, -1.464009771759687982E-14, -4.587499999999992362 ) ) ;
#5452 = ADVANCED_FACE ( 'NONE', ( #2557 ), #4666, .T. ) ;
#5453 = CARTESIAN_POINT ( 'NONE',  ( 1.764863307568898643, 1.018944305707779163, 3.105208333333333126 ) ) ;
#5454 = ORIENTED_EDGE ( 'NONE', *, *, #2280, .T. ) ;
#5455 = CARTESIAN_POINT ( 'NONE',  ( -2.020202320488376557, 0.2369099609811924634, 5.519999999999999574 ) ) ;
#5456 = CARTESIAN_POINT ( 'NONE',  ( 1.764863307568898643, 1.018944305707779829, -1.751041666666669938 ) ) ;
#5457 = CARTESIAN_POINT ( 'NONE',  ( -1.784401076758541871, -1.549735047700002901E-14, 2.412500000000006750 ) ) ;
#5458 = CARTESIAN_POINT ( 'NONE',  ( 2.309401076758522020, -1.499142465506605063E-14, -6.075000000000001066 ) ) ;
#5459 = CARTESIAN_POINT ( 'NONE',  ( -1.764863307568897755, 1.018944305707781606, -2.261458333333332238 ) ) ;
#5460 = CARTESIAN_POINT ( 'NONE',  ( -1.338300807568906459, 0.7726683315065870916, -3.245833333333326021 ) ) ;
#5461 = EDGE_CURVE ( 'NONE', #3577, #1292, #3257, .T. ) ;
#5462 = AXIS2_PLACEMENT_3D ( 'NONE', #2082, #1207, #4618 ) ;
#5463 = CARTESIAN_POINT ( 'NONE',  ( -1.784401076758541649, -1.522945898968654430E-14, 0.2250000000000064448 ) ) ;
#5464 = ORIENTED_EDGE ( 'NONE', *, *, #4772, .T. ) ;
#5465 = CARTESIAN_POINT ( 'NONE',  ( -1.154700538379263230, 1.999999999999997335, -4.354166666666663410 ) ) ;
#5466 = CARTESIAN_POINT ( 'NONE',  ( 0.2536874259130691978, 1.978834712860429113, 5.519999999999999574 ) ) ;
#5467 = CARTESIAN_POINT ( 'NONE',  ( 1.764863307568898643, 1.018944305707780273, -4.594791666666664831 ) ) ;
#5468 = CIRCLE ( 'NONE', #3590, 3.086842986109005871 ) ;
#5469 = CARTESIAN_POINT ( 'NONE',  ( 1.154700538379267449, -2.000000000000020428, -4.004166666666663765 ) ) ;
#5470 = CARTESIAN_POINT ( 'NONE',  ( 1.338300807568906015, -0.7726683315066171787, -3.683333333333325577 ) ) ;
#5471 = B_SPLINE_CURVE_WITH_KNOTS ( 'NONE', 3,
 ( #2596, #43, #2223, #556 ),
 .UNSPECIFIED., .F., .F.,
 ( 4, 4 ),
 ( 0.000000000000000000, 0.0001536824029211861719 ),
 .UNSPECIFIED. ) ;
#5472 = VERTEX_POINT ( 'NONE', #914 ) ;
#5473 =( BOUNDED_CURVE ( )  B_SPLINE_CURVE ( 2, ( #5154, #2571, #1795, #528, #875, #898, #2245 ),
 .UNSPECIFIED., .F., .T. ) 
 B_SPLINE_CURVE_WITH_KNOTS ( ( 3, 2, 2, 3 ),
 ( 0.5000000000000000000, 0.5277777777777777901, 0.5555555555555555802, 0.5833333333333332593 ),
 .UNSPECIFIED. ) 
 CURVE ( )  GEOMETRIC_REPRESENTATION_ITEM ( )  RATIONAL_B_SPLINE_CURVE ( ( 1.000000000000000000, 0.8660254037844385966, 1.000000000000000000, 0.8660254037844385966, 1.000000000000000000, 0.8660254037844385966, 1.000000000000000000 ) ) 
 REPRESENTATION_ITEM ( '' )  );
#5474 = AXIS2_PLACEMENT_3D ( 'NONE', #1744, #2246, #2649 ) ;
#5475 = CARTESIAN_POINT ( 'NONE',  ( 4.599006021180000513E-16, 3.755373405933863484, 5.123421556813455346 ) ) ;
#5476 = CARTESIAN_POINT ( 'NONE',  ( 2.050508967701199392, -0.3304964993397766504, 6.251419360979169504 ) ) ;
#5477 = VERTEX_POINT ( 'NONE', #416 ) ;
#5478 = DIRECTION ( 'NONE',  ( 1.224646799147353207E-16, 1.224646799147340388E-16, -1.000000000000000000 ) ) ;
#5479 = CARTESIAN_POINT ( 'NONE',  ( 1.732050807568890960, -1.000000000000024203, -1.933333333333337345 ) ) ;
#5480 = CARTESIAN_POINT ( 'NONE',  ( -1.753458494270650814, -0.6387562327973050902, 2.882038280336866709 ) ) ;
#5481 = DIRECTION ( 'NONE',  ( -0.000000000000000000, -1.224646799147353207E-16, 1.000000000000000000 ) ) ;
#5482 = AXIS2_PLACEMENT_3D ( 'NONE', #244, #4103, #2830 ) ;
#5483 = ORIENTED_EDGE ( 'NONE', *, *, #2661, .T. ) ;
#5484 = CARTESIAN_POINT ( 'NONE',  ( 0.3621833151897226877, -1.281394194403185693, 6.459303098324776116 ) ) ;
#5485 = CARTESIAN_POINT ( 'NONE',  ( -1.764863307568897755, 1.018944305707781606, -3.617708333333335968 ) ) ;
#5486 = AXIS2_PLACEMENT_3D ( 'NONE', #2042, #237, #262 ) ;
#5487 = EDGE_CURVE ( 'NONE', #321, #3759, #4046, .T. ) ;
#5488 = CARTESIAN_POINT ( 'NONE',  ( -1.338300807568906459, -0.7726683315066170676, 3.870833333333339343 ) ) ;
#5489 = ADVANCED_FACE ( 'NONE', ( #4721 ), #4232, .T. ) ;
#5490 = CARTESIAN_POINT ( 'NONE',  ( -0.9369201757553705656, 0.9369201757553877741, 6.537525475611324133 ) ) ;
#5491 = CARTESIAN_POINT ( 'NONE',  ( -1.176575538379265984, -2.037888611415607176, -1.386458333333333126 ) ) ;
#5492 = CARTESIAN_POINT ( 'NONE',  ( 0.000000000000000000, 1.545336663013188394, -3.362499999999992717 ) ) ;
#5493 = CARTESIAN_POINT ( 'NONE',  ( 0.000000000000000000, 1.091755693962993826E-15, -6.162499999999999645 ) ) ;
#5494 = ORIENTED_EDGE ( 'NONE', *, *, #5350, .T. ) ;
#5495 = CARTESIAN_POINT ( 'NONE',  ( -0.8922005383792713795, -1.545336663013218592, 1.741666666666672247 ) ) ;
#5496 = CARTESIAN_POINT ( 'NONE',  ( 0.000000000000000000, 2.050799999999993073, 3.400000000000000355 ) ) ;
#5497 = CARTESIAN_POINT ( 'NONE',  ( -1.764863307568897755, 1.018944305707781828, -5.061458333333330728 ) ) ;
#5498 = EDGE_CURVE ( 'NONE', #4827, #4743, #3695, .T. ) ;
#5499 = CARTESIAN_POINT ( 'NONE',  ( -1.338300807568906237, 0.7726683315065874247, -6.833333333333325932 ) ) ;
#5500 = CARTESIAN_POINT ( 'NONE',  ( 2.878373097311964457E-15, -8.475856478330461563E-16, 6.599999999999999645 ) ) ;
#5501 = ORIENTED_EDGE ( 'NONE', *, *, #4094, .F. ) ;
#5502 = CARTESIAN_POINT ( 'NONE',  ( -1.732050807568891404, 0.9999999999999937828, -4.995833333333330017 ) ) ;
#5503 = CARTESIAN_POINT ( 'NONE',  ( -2.048024209131632745, 0.2144258774088605990, 5.640806090606708345 ) ) ;
#5504 =( BOUNDED_CURVE ( )  B_SPLINE_CURVE ( 2, ( #5197, #3091, #946, #4755, #2987, #2669, #4676, #4314, #500, #844, #1711, #4290, #3426, #38, #1375, #4370, #1739, #2565, #3066, #5122, #3942, #111, #2218, #1791, #1296, #4264, #423, #4343, #4703, #2195, #870, #83, #474, #3454, #2590, #448, #2166, #3868, #5148, #1319, #4728, #3040, #894, #2615, #62, #3894, #5172, #1345, #921, #2644, #5336, #1428, #1030, #199, #3639, #2363, #1908, #2783, #2332, #3142, #2754, #2389, #4510, #2812, #667, #3612, #4920 ),
 .UNSPECIFIED., .F., .F. ) 
 B_SPLINE_CURVE_WITH_KNOTS ( ( 3, 2, 2, 2, 2, 2, 2, 2, 2, 2, 2, 2, 2, 2, 2, 2, 2, 2, 2, 2, 2, 2, 2, 2, 2, 2, 2, 2, 2, 2, 2, 2, 2, 3 ),
 ( 0.08333333333333332871, 0.1111111111111111049, 0.1388888888888888951, 0.1666666666666666574, 0.1944444444444444475, 0.2222222222222222099, 0.2500000000000000000, 0.2777777777777777901, 0.3055555555555556357, 0.3333333333333333148, 0.3611111111111111049, 0.3888888888888888951, 0.4166666666666666852, 0.4444444444444444198, 0.4722222222222222099, 0.4999999999999999445, 0.5277777777777777901, 0.5555555555555555802, 0.5833333333333333703, 0.6111111111111111605, 0.6388888888888888395, 0.6666666666666666297, 0.6944444444444444198, 0.7222222222222222099, 0.7500000000000000000, 0.7777777777777777901, 0.8055555555555555802, 0.8333333333333333703, 0.8611111111111111605, 0.8888888888888888395, 0.9166666666666666297, 0.9444444444444444198, 0.9722222222222222099, 1.000000000000000000 ),
 .UNSPECIFIED. ) 
 CURVE ( )  GEOMETRIC_REPRESENTATION_ITEM ( )  RATIONAL_B_SPLINE_CURVE ( ( 1.000000000000000000, 0.8660254037844387076, 1.000000000000000000, 0.8660254037844387076, 1.000000000000000000, 0.8660254037844387076, 1.000000000000000000, 0.8660254037844387076, 1.000000000000000000, 0.8660254037844387076, 1.000000000000000000, 0.8660254037844387076, 1.000000000000000000, 0.8660254037844387076, 1.000000000000000000, 0.8660254037844387076, 1.000000000000000000, 0.8660254037844387076, 1.000000000000000000, 0.8660254037844387076, 1.000000000000000000, 0.8660254037844387076, 1.000000000000000000, 0.8660254037844387076, 1.000000000000000000, 0.8660254037844387076, 1.000000000000000000, 0.8660254037844387076, 1.000000000000000000, 0.8660254037844387076, 1.000000000000000000, 0.8660254037844387076, 1.000000000000000000, 0.8660254037844387076, 1.000000000000000000, 0.8660254037844387076, 1.000000000000000000, 0.8660254037844387076, 1.000000000000000000, 0.8660254037844387076, 1.000000000000000000, 0.8660254037844387076, 1.000000000000000000, 0.8660254037844387076, 1.000000000000000000, 0.8660254037844387076, 1.000000000000000000, 0.8660254037844387076, 1.000000000000000000, 0.8660254037844387076, 1.000000000000000000, 0.8660254037844387076, 1.000000000000000000, 0.8660254037844387076, 1.000000000000000000, 0.8660254037844387076, 1.000000000000000000, 0.8660254037844387076, 1.000000000000000000, 0.8660254037844387076, 1.000000000000000000, 0.8660254037844387076, 1.000000000000000000, 0.8660254037844387076, 1.000000000000000000, 0.8660254037844387076, 1.000000000000000000 ) ) 
 REPRESENTATION_ITEM ( '' )  );
#5505 = AXIS2_PLACEMENT_3D ( 'NONE', #3867, #3893, #2782 ) ;
#5506 = ORIENTED_EDGE ( 'NONE', *, *, #1418, .F. ) ;
#5507 = CARTESIAN_POINT ( 'NONE',  ( 1.338300807568905793, -0.7726683315066176228, 0.5166666666666722696 ) ) ;
#5508 = CARTESIAN_POINT ( 'NONE',  ( -1.080629021502780951, -1.275845664407800895, 2.349719321013394424 ) ) ;
#5509 = CARTESIAN_POINT ( 'NONE',  ( 2.082636196188712763, -0.2541964601464067885, 6.009744002194835844 ) ) ;
#5510 = CARTESIAN_POINT ( 'NONE',  ( -1.784401076758541649, -1.489727354541782742E-14, -2.487499999999993161 ) ) ;
#5511 = ORIENTED_EDGE ( 'NONE', *, *, #3982, .T. ) ;
#5512 = CARTESIAN_POINT ( 'NONE',  ( -0.2785519571412253814, 2.053309060065942049, 5.756570212088433003 ) ) ;
#5513 = CARTESIAN_POINT ( 'NONE',  ( -1.176575538379264874, 2.037888611415578310, -2.276041666666669183 ) ) ;
#5514 = CARTESIAN_POINT ( 'NONE',  ( -1.892491597964171594E-16, -1.545336663013219036, 1.100000000000005418 ) ) ;
#5515 = CARTESIAN_POINT ( 'NONE',  ( 1.891654737377029383, 0.1870320096831194767, 2.976947774455487306 ) ) ;
#5516 = CARTESIAN_POINT ( 'NONE',  ( -2.353151076758530191, -1.498299882135814013E-14, -1.503124999999999156 ) ) ;
#5517 = CARTESIAN_POINT ( 'NONE',  ( -0.8922005383792708244, 1.545336663013187950, -0.5041666666666593244 ) ) ;
#5518 = DIRECTION ( 'NONE',  ( 0.000000000000000000, -1.000000000000000000, 0.000000000000000000 ) ) ;
#5519 = ORIENTED_EDGE ( 'NONE', *, *, #4466, .F. ) ;
#5520 = CARTESIAN_POINT ( 'NONE',  ( -1.732050807568891626, -1.000000000000023315, 0.6333333333333299731 ) ) ;
#5521 = CARTESIAN_POINT ( 'NONE',  ( 2.047799633125621632, 0.3311351380415894496, 6.256865759336440291 ) ) ;
#5522 = CARTESIAN_POINT ( 'NONE',  ( -1.764863307568897977, -1.018944305707810916, -2.844791666666664831 ) ) ;
#5523 = DIRECTION ( 'NONE',  ( 0.3805870524817656642, -0.9188184237650792729, -0.1045284632676538455 ) ) ;
#5524 = CARTESIAN_POINT ( 'NONE',  ( -0.2663847454559949424, -1.990338328765595355, 5.640806925723118148 ) ) ;
#5525 = ORIENTED_EDGE ( 'NONE', *, *, #5461, .T. ) ;
#5526 = EDGE_CURVE ( 'NONE', #150, #4836, #4670, .T. ) ;
#5527 = CARTESIAN_POINT ( 'NONE',  ( 0.2273861349282806088, 1.793761154073165054, 2.693791574893366736 ) ) ;
#5528 = CARTESIAN_POINT ( 'NONE',  ( 0.7038255543714082574, -0.4945611972164611903, 5.519999999999999574 ) ) ;
#5529 = ORIENTED_EDGE ( 'NONE', *, *, #4610, .F. ) ;
#5530 = VERTEX_POINT ( 'NONE', #4360 ) ;
#5531 = CARTESIAN_POINT ( 'NONE',  ( -0.8922005383792707134, 1.545336663013187062, 3.608333333333339166 ) ) ;
#5532 = CARTESIAN_POINT ( 'NONE',  ( -1.154700538379262120, 2.000000000000000000, -5.141666666666670160 ) ) ;
ENDSEC;
END-ISO-10303-21;
